state,year,bin,share
Illinois,2005,0 kids,77.26758190165492
Illinois,2005,1 kid,10.59052327242901
Illinois,2005,2 kids,7.705269096159056
Illinois,2005,3+ kids,4.436625729757013
Illinois,2006,0 kids,78.08214486960365
Illinois,2006,1 kid,9.293833064041618
Illinois,2006,2 kids,7.9822423127332955
Illinois,2006,3+ kids,4.641779753621429
Illinois,2007,0 kids,79.42164250713272
Illinois,2007,1 kid,8.768439503076982
Illinois,2007,2 kids,6.8499635368022425
Illinois,2007,3+ kids,4.959954452988063
Illinois,2008,0 kids,80.54921884079627
Illinois,2008,1 kid,8.993043449386528
Illinois,2008,2 kids,6.1018412445418475
Illinois,2008,3+ kids,4.3558964652753565
Illinois,2009,0 kids,78.42065391742274
Illinois,2009,1 kid,12.279534938310684
Illinois,2009,2 kids,5.55577290364801
Illinois,2009,3+ kids,3.744038240618565
Illinois,2010,0 kids,80.4491019028356
Illinois,2010,1 kid,8.650028259934523
Illinois,2010,2 kids,7.140343455958936
Illinois,2010,3+ kids,3.7605263812709504
Illinois,2011,0 kids,80.04641526342195
Illinois,2011,1 kid,9.865541262479846
Illinois,2011,2 kids,7.241470429417779
Illinois,2011,3+ kids,2.8465730446804356
Illinois,2012,0 kids,81.24121287666864
Illinois,2012,1 kid,8.471511602626354
Illinois,2012,2 kids,6.127433217862682
Illinois,2012,3+ kids,4.159842302842318
Illinois,2013,0 kids,79.03825270832795
Illinois,2013,1 kid,9.65237738190656
Illinois,2013,2 kids,7.651188044574295
Illinois,2013,3+ kids,3.658181865191199
Illinois,2014,0 kids,80.96452274058169
Illinois,2014,1 kid,8.999548604333398
Illinois,2014,2 kids,6.411953445246926
Illinois,2014,3+ kids,3.6239752098379854
Illinois,2015,0 kids,80.6797486372084
Illinois,2015,1 kid,9.036380475252201
Illinois,2015,2 kids,6.381034664942847
Illinois,2015,3+ kids,3.9028362225965454
Illinois,2016,0 kids,80.19557790202042
Illinois,2016,1 kid,9.181378696127462
Illinois,2016,2 kids,6.972414758595629
Illinois,2016,3+ kids,3.650628643256494
Illinois,2017,0 kids,80.91940791386146
Illinois,2017,1 kid,8.900768595714004
Illinois,2017,2 kids,6.105161567888746
Illinois,2017,3+ kids,4.0746619225357845
Illinois,2018,0 kids,82.23378219104444
Illinois,2018,1 kid,9.209318165882586
Illinois,2018,2 kids,5.540883002060093
Illinois,2018,3+ kids,3.0160166410128846
Illinois,2019,0 kids,80.50782662106869
Illinois,2019,1 kid,9.991458377987568
Illinois,2019,2 kids,6.231225226896832
Illinois,2019,3+ kids,3.2694897740469053
Illinois,2021,0 kids,79.86978623290301
Illinois,2021,1 kid,9.911789698415722
Illinois,2021,2 kids,7.419705038299056
Illinois,2021,3+ kids,2.798719030382204
Illinois,2022,0 kids,83.1275864282921
Illinois,2022,1 kid,8.410816742253118
Illinois,2022,2 kids,5.5335703070736075
Illinois,2022,3+ kids,2.9280265223811774
Illinois,2023,0 kids,83.32060165624472
Illinois,2023,1 kid,8.121007267196214
Illinois,2023,2 kids,4.572587459861417
Illinois,2023,3+ kids,3.985803616697651
Illinois,2024,0 kids,82.29714627392639
Illinois,2024,1 kid,10.422613412298997
Illinois,2024,2 kids,5.692859634261796
Illinois,2024,3+ kids,1.5873806795128236
Indiana,2005,0 kids,78.36545735120578
Indiana,2005,1 kid,9.328572725347211
Indiana,2005,2 kids,7.736996580834518
Indiana,2005,3+ kids,4.568973342612485
Indiana,2006,0 kids,80.09703184824811
Indiana,2006,1 kid,8.977128207198659
Indiana,2006,2 kids,5.829985667279003
Indiana,2006,3+ kids,5.095854277274226
Indiana,2007,0 kids,77.99946318332289
Indiana,2007,1 kid,9.871921046654874
Indiana,2007,2 kids,7.816876690456363
Indiana,2007,3+ kids,4.311739079565867
Indiana,2008,0 kids,81.24898309346665
Indiana,2008,1 kid,7.884538583282796
Indiana,2008,2 kids,5.983108258020619
Indiana,2008,3+ kids,4.883370065229932
Indiana,2009,0 kids,76.89504983666974
Indiana,2009,1 kid,10.110422425105398
Indiana,2009,2 kids,10.849596560292598
Indiana,2009,3+ kids,2.144931177932267
Indiana,2010,0 kids,79.65927159839478
Indiana,2010,1 kid,8.406905428939199
Indiana,2010,2 kids,8.024532444915575
Indiana,2010,3+ kids,3.9092905277504357
Indiana,2011,0 kids,78.17761614591285
Indiana,2011,1 kid,11.16971808503255
Indiana,2011,2 kids,7.247060783143401
Indiana,2011,3+ kids,3.4056049859111917
Indiana,2012,0 kids,79.11348535661526
Indiana,2012,1 kid,10.376744218611067
Indiana,2012,2 kids,7.426362993509722
Indiana,2012,3+ kids,3.083407431263959
Indiana,2013,0 kids,77.77018873938484
Indiana,2013,1 kid,10.274040176369253
Indiana,2013,2 kids,6.4962168643611164
Indiana,2013,3+ kids,5.459554219884798
Indiana,2014,0 kids,82.0272907376216
Indiana,2014,1 kid,8.129345333936826
Indiana,2014,2 kids,6.585986599490988
Indiana,2014,3+ kids,3.2573773289505907
Indiana,2015,0 kids,75.59077188443295
Indiana,2015,1 kid,11.658760960183988
Indiana,2015,2 kids,6.989363231277849
Indiana,2015,3+ kids,5.761103924105218
Indiana,2016,0 kids,78.06443351386368
Indiana,2016,1 kid,11.487906475741392
Indiana,2016,2 kids,6.998501020661811
Indiana,2016,3+ kids,3.4491589897331214
Indiana,2017,0 kids,80.60549905505673
Indiana,2017,1 kid,8.236081390132881
Indiana,2017,2 kids,6.491061645598477
Indiana,2017,3+ kids,4.667357909211909
Indiana,2018,0 kids,78.63330752028254
Indiana,2018,1 kid,9.636470222112859
Indiana,2018,2 kids,6.759641898200082
Indiana,2018,3+ kids,4.970580359404515
Indiana,2019,0 kids,78.40968020743301
Indiana,2019,1 kid,10.483664649956784
Indiana,2019,2 kids,7.478651685393259
Indiana,2019,3+ kids,3.6280034572169404
Indiana,2021,0 kids,79.97141084769534
Indiana,2021,1 kid,7.698842948458613
Indiana,2021,2 kids,7.346198451870432
Indiana,2021,3+ kids,4.983547751975618
Indiana,2022,0 kids,79.72504621072089
Indiana,2022,1 kid,9.221204944547134
Indiana,2022,2 kids,6.878176987060998
Indiana,2022,3+ kids,4.175571857670979
Indiana,2023,0 kids,82.20523642852241
Indiana,2023,1 kid,8.311028755747717
Indiana,2023,2 kids,6.320774140415894
Indiana,2023,3+ kids,3.16296067531398
Indiana,2024,0 kids,81.24819526132616
Indiana,2024,1 kid,7.997082022523139
Indiana,2024,2 kids,6.487940546208909
Indiana,2024,3+ kids,4.266782169941792
Iowa,2005,0 kids,78.35294708052092
Iowa,2005,1 kid,8.895189822598047
Iowa,2005,2 kids,8.256592979198555
Iowa,2005,3+ kids,4.495270117682483
Iowa,2006,0 kids,77.91385627176572
Iowa,2006,1 kid,10.33491707986484
Iowa,2006,2 kids,7.239490957109382
Iowa,2006,3+ kids,4.511735691260049
Iowa,2007,0 kids,77.4762754298907
Iowa,2007,1 kid,9.696715290166859
Iowa,2007,2 kids,7.485420445857008
Iowa,2007,3+ kids,5.341588834085424
Iowa,2008,0 kids,82.33573065448309
Iowa,2008,1 kid,8.8119568193938
Iowa,2008,2 kids,4.1436663159563585
Iowa,2008,3+ kids,4.708646210166756
Iowa,2009,0 kids,81.84302036761054
Iowa,2009,1 kid,7.5943864878291105
Iowa,2009,2 kids,5.534339294585196
Iowa,2009,3+ kids,5.028253849975162
Iowa,2010,0 kids,74.90821094793057
Iowa,2010,1 kid,12.65576323987539
Iowa,2010,2 kids,5.970460614152203
Iowa,2010,3+ kids,6.465565198041833
Iowa,2011,0 kids,78.65529635633237
Iowa,2011,1 kid,11.227006836281626
Iowa,2011,2 kids,7.677778560857002
Iowa,2011,3+ kids,2.4399182465290012
Iowa,2012,0 kids,82.4497392794363
Iowa,2012,1 kid,9.270721006839299
Iowa,2012,2 kids,4.229138661979113
Iowa,2012,3+ kids,4.050401051745276
Iowa,2013,0 kids,80.10580061059059
Iowa,2013,1 kid,11.670965364775238
Iowa,2013,2 kids,4.9821033793030844
Iowa,2013,3+ kids,3.2411306453310877
Iowa,2014,0 kids,81.87882830978228
Iowa,2014,1 kid,8.03566013706107
Iowa,2014,2 kids,5.991873370125538
Iowa,2014,3+ kids,4.093638183031112
Iowa,2015,0 kids,81.37050926968897
Iowa,2015,1 kid,7.390572613667988
Iowa,2015,2 kids,7.116258729674932
Iowa,2015,3+ kids,4.1226593869681025
Iowa,2016,0 kids,79.04838010618703
Iowa,2016,1 kid,10.924802253765305
Iowa,2016,2 kids,5.898526384223643
Iowa,2016,3+ kids,4.128291255824033
Iowa,2017,0 kids,79.24965775809973
Iowa,2017,1 kid,7.996744077056843
Iowa,2017,2 kids,7.47258981537437
Iowa,2017,3+ kids,5.2810083494690625
Iowa,2018,0 kids,83.41881032185114
Iowa,2018,1 kid,7.305253806081654
Iowa,2018,2 kids,6.397986242916179
Iowa,2018,3+ kids,2.877949629151018
Iowa,2019,0 kids,83.243553008596
Iowa,2019,1 kid,9.077363896848139
Iowa,2019,2 kids,4.3681948424068775
Iowa,2019,3+ kids,3.310888252148997
Iowa,2021,0 kids,80.78990356747641
Iowa,2021,1 kid,7.963587500658692
Iowa,2021,2 kids,6.903093218106128
Iowa,2021,3+ kids,4.343415713758761
Iowa,2022,0 kids,81.11173900458975
Iowa,2022,1 kid,8.498614805728225
Iowa,2022,2 kids,7.11755544222844
Iowa,2022,3+ kids,3.2720907474535856
Iowa,2023,0 kids,84.6260938743039
Iowa,2023,1 kid,6.520816759480244
Iowa,2023,2 kids,5.994431185361973
Iowa,2023,3+ kids,2.858658180853885
Iowa,2024,0 kids,81.34097573980273
Iowa,2024,1 kid,7.7406025059984005
Iowa,2024,2 kids,7.284724073580379
Iowa,2024,3+ kids,3.6336976806185013
Kansas,2005,0 kids,73.84117901620426
Kansas,2005,1 kid,12.793912583545703
Kansas,2005,2 kids,8.281242486897149
Kansas,2005,3+ kids,5.083665913352887
Kansas,2006,0 kids,77.16907734960992
Kansas,2006,1 kid,13.08753680500333
Kansas,2006,2 kids,7.423327387220873
Kansas,2006,3+ kids,2.320058458165875
Kansas,2007,0 kids,74.83129088349756
Kansas,2007,1 kid,13.53813033038006
Kansas,2007,2 kids,7.479092489856752
Kansas,2007,3+ kids,4.151486296265629
Kansas,2008,0 kids,74.7039682292154
Kansas,2008,1 kid,11.65309962677645
Kansas,2008,2 kids,7.554917922007714
Kansas,2008,3+ kids,6.088014222000437
Kansas,2009,0 kids,77.76013325930039
Kansas,2009,1 kid,10.909494725152694
Kansas,2009,2 kids,6.163242642976124
Kansas,2009,3+ kids,5.167129372570794
Kansas,2010,0 kids,77.21824647670897
Kansas,2010,1 kid,10.228519998243844
Kansas,2010,2 kids,5.603240110637924
Kansas,2010,3+ kids,6.949993414409272
Kansas,2011,0 kids,76.30682750697521
Kansas,2011,1 kid,11.758370260955195
Kansas,2011,2 kids,7.336287543082226
Kansas,2011,3+ kids,4.598514688987362
Kansas,2012,0 kids,77.68169697235726
Kansas,2012,1 kid,9.4637154740088
Kansas,2012,2 kids,7.932884874954733
Kansas,2012,3+ kids,4.921702678679206
Kansas,2013,0 kids,77.92875097162354
Kansas,2013,1 kid,11.063889926408981
Kansas,2013,2 kids,6.158831427100473
Kansas,2013,3+ kids,4.848527674867001
Kansas,2014,0 kids,78.72459887274063
Kansas,2014,1 kid,8.16183298421405
Kansas,2014,2 kids,8.425292072472844
Kansas,2014,3+ kids,4.688276070572483
Kansas,2015,0 kids,75.01566398821629
Kansas,2015,1 kid,12.369604168269706
Kansas,2015,2 kids,7.298868895166698
Kansas,2015,3+ kids,5.315862948347312
Kansas,2016,0 kids,75.56965024121295
Kansas,2016,1 kid,9.093943831840111
Kansas,2016,2 kids,7.624052377670572
Kansas,2016,3+ kids,7.7123535492763615
Kansas,2017,0 kids,74.58949764265974
Kansas,2017,1 kid,11.869901594193196
Kansas,2017,2 kids,9.552726959748295
Kansas,2017,3+ kids,3.9878738033987773
Kansas,2018,0 kids,75.64921681780709
Kansas,2018,1 kid,12.187757625721352
Kansas,2018,2 kids,7.1939406430338
Kansas,2018,3+ kids,4.969084913437757
Kansas,2019,0 kids,77.05070536603517
Kansas,2019,1 kid,9.883880005691084
Kansas,2019,2 kids,5.94499348808703
Kansas,2019,3+ kids,7.1204211401867115
Kansas,2021,0 kids,76.26558098691937
Kansas,2021,1 kid,10.305974659869763
Kansas,2021,2 kids,8.093560048809973
Kansas,2021,3+ kids,5.33488430440088
Kansas,2022,0 kids,81.05290746851881
Kansas,2022,1 kid,9.201920442225903
Kansas,2022,2 kids,5.985298847972933
Kansas,2022,3+ kids,3.7598732412823597
Kansas,2023,0 kids,77.33178098885793
Kansas,2023,1 kid,12.903682103064067
Kansas,2023,2 kids,4.838744777158775
Kansas,2023,3+ kids,4.92579213091922
Kansas,2024,0 kids,77.47583255855633
Kansas,2024,1 kid,10.020946982850358
Kansas,2024,2 kids,7.236230439214545
Kansas,2024,3+ kids,5.26699001937876
Michigan,2005,0 kids,79.16808617640856
Michigan,2005,1 kid,10.914272426902007
Michigan,2005,2 kids,5.654786046084046
Michigan,2005,3+ kids,4.2628553506053875
Michigan,2006,0 kids,77.85039274924472
Michigan,2006,1 kid,11.995166163141995
Michigan,2006,2 kids,6.499093655589124
Michigan,2006,3+ kids,3.655347432024169
Michigan,2007,0 kids,76.59875725294543
Michigan,2007,1 kid,10.717856237413478
Michigan,2007,2 kids,8.85230061276327
Michigan,2007,3+ kids,3.8310858968778256
Michigan,2008,0 kids,77.67257604128058
Michigan,2008,1 kid,10.199327072573153
Michigan,2008,2 kids,8.33987167206581
Michigan,2008,3+ kids,3.7882252140804527
Michigan,2009,0 kids,79.05534328098659
Michigan,2009,1 kid,10.285145664365729
Michigan,2009,2 kids,6.261804586096793
Michigan,2009,3+ kids,4.397706468550892
Michigan,2010,0 kids,81.21171756433633
Michigan,2010,1 kid,10.21356276408739
Michigan,2010,2 kids,4.722728711963227
Michigan,2010,3+ kids,3.8519909596130537
Michigan,2011,0 kids,77.15503096660608
Michigan,2011,1 kid,11.635526432303196
Michigan,2011,2 kids,8.410207260093447
Michigan,2011,3+ kids,2.7992353409972863
Michigan,2012,0 kids,80.73617276002666
Michigan,2012,1 kid,9.635866680220015
Michigan,2012,2 kids,7.0330588780085606
Michigan,2012,3+ kids,2.594901681744768
Michigan,2013,0 kids,82.8030626476532
Michigan,2013,1 kid,7.710130077135456
Michigan,2013,2 kids,6.1070788147895145
Michigan,2013,3+ kids,3.3797284604218256
Michigan,2014,0 kids,80.82421319825026
Michigan,2014,1 kid,9.901729277154407
Michigan,2014,2 kids,6.0184596326875965
Michigan,2014,3+ kids,3.2555978919077346
Michigan,2015,0 kids,78.17469550302198
Michigan,2015,1 kid,11.636627293534547
Michigan,2015,2 kids,6.32098391346929
Michigan,2015,3+ kids,3.8676932899741905
Michigan,2016,0 kids,82.10140785153082
Michigan,2016,1 kid,8.221108467050426
Michigan,2016,2 kids,7.390223474827508
Michigan,2016,3+ kids,2.2872602065912444
Michigan,2017,0 kids,82.28919581983544
Michigan,2017,1 kid,9.13021673421256
Michigan,2017,2 kids,6.253303875191456
Michigan,2017,3+ kids,2.3272835707605353
Michigan,2018,0 kids,82.41579126372463
Michigan,2018,1 kid,9.451784923604114
Michigan,2018,2 kids,5.293487258796276
Michigan,2018,3+ kids,2.8389365538749813
Michigan,2019,0 kids,83.06161268453857
Michigan,2019,1 kid,8.813753430788571
Michigan,2019,2 kids,4.80343309221828
Michigan,2019,3+ kids,3.3212007924545683
Michigan,2021,0 kids,79.8652330292859
Michigan,2021,1 kid,9.976042832129153
Michigan,2021,2 kids,7.292081492297675
Michigan,2021,3+ kids,2.866642646287271
Michigan,2022,0 kids,81.71421558887812
Michigan,2022,1 kid,9.450567431423195
Michigan,2022,2 kids,5.160061242855974
Michigan,2022,3+ kids,3.6751557368427203
Michigan,2023,0 kids,83.95325491003629
Michigan,2023,1 kid,8.341913562768669
Michigan,2023,2 kids,4.955726016113671
Michigan,2023,3+ kids,2.7491055110813662
Michigan,2024,0 kids,83.53092624568328
Michigan,2024,1 kid,9.138351011346819
Michigan,2024,2 kids,4.850918845584608
Michigan,2024,3+ kids,2.4798038973852985
Minnesota,2005,0 kids,78.79855715871254
Minnesota,2005,1 kid,9.356270810210878
Minnesota,2005,2 kids,6.919163891971883
Minnesota,2005,3+ kids,4.926008139104699
Minnesota,2006,0 kids,80.82216798658499
Minnesota,2006,1 kid,9.448622802211485
Minnesota,2006,2 kids,5.180886918696352
Minnesota,2006,3+ kids,4.548322292507181
Minnesota,2007,0 kids,82.04212276079153
Minnesota,2007,1 kid,8.979822808537728
Minnesota,2007,2 kids,5.493465843781499
Minnesota,2007,3+ kids,3.4845885868892466
Minnesota,2008,0 kids,81.79715754857017
Minnesota,2008,1 kid,8.292806941289355
Minnesota,2008,2 kids,6.022782256411097
Minnesota,2008,3+ kids,3.887253253729385
Minnesota,2009,0 kids,83.43806996464599
Minnesota,2009,1 kid,7.947306093165178
Minnesota,2009,2 kids,5.1310864660679245
Minnesota,2009,3+ kids,3.4835374761209126
Minnesota,2010,0 kids,82.58149678604224
Minnesota,2010,1 kid,8.58011937557392
Minnesota,2010,2 kids,4.96728650137741
Minnesota,2010,3+ kids,3.871097337006428
Minnesota,2011,0 kids,85.5187419641974
Minnesota,2011,1 kid,8.078330531104736
Minnesota,2011,2 kids,3.9096034022351893
Minnesota,2011,3+ kids,2.4933241024626644
Minnesota,2012,0 kids,81.16714072217134
Minnesota,2012,1 kid,7.635507560783558
Minnesota,2012,2 kids,7.171093862989925
Minnesota,2012,3+ kids,4.026257854055183
Minnesota,2013,0 kids,81.2534082122655
Minnesota,2013,1 kid,11.628209823790339
Minnesota,2013,2 kids,4.6473772026207625
Minnesota,2013,3+ kids,2.471004761323404
Minnesota,2014,0 kids,83.57916460029756
Minnesota,2014,1 kid,7.619702762802157
Minnesota,2014,2 kids,6.038330480410821
Minnesota,2014,3+ kids,2.7628021564894656
Minnesota,2015,0 kids,81.16250064575169
Minnesota,2015,1 kid,9.905461952310315
Minnesota,2015,2 kids,5.641286780171364
Minnesota,2015,3+ kids,3.290750621766629
Minnesota,2016,0 kids,83.9971597476799
Minnesota,2016,1 kid,7.726477096337396
Minnesota,2016,2 kids,4.444499488094059
Minnesota,2016,3+ kids,3.831863667888636
Minnesota,2017,0 kids,83.26211945081529
Minnesota,2017,1 kid,6.77762417920764
Minnesota,2017,2 kids,6.737566370291244
Minnesota,2017,3+ kids,3.222689999685821
Minnesota,2018,0 kids,85.73437252656181
Minnesota,2018,1 kid,8.523060591669692
Minnesota,2018,2 kids,3.8019945805514426
Minnesota,2018,3+ kids,1.940572301217048
Minnesota,2019,0 kids,87.3422250847579
Minnesota,2019,1 kid,6.314574779271663
Minnesota,2019,2 kids,3.8590558999543787
Minnesota,2019,3+ kids,2.484144236016066
Minnesota,2021,0 kids,86.07579959327047
Minnesota,2021,1 kid,5.450175633203919
Minnesota,2021,2 kids,5.601774819744869
Minnesota,2021,3+ kids,2.8722499537807358
Minnesota,2022,0 kids,84.38251691431422
Minnesota,2022,1 kid,8.236325752395357
Minnesota,2022,2 kids,3.859922930259125
Minnesota,2022,3+ kids,3.5212344030313023
Minnesota,2023,0 kids,86.30162258894721
Minnesota,2023,1 kid,6.854723403470256
Minnesota,2023,2 kids,5.819734887968489
Minnesota,2023,3+ kids,1.023919119614047
Minnesota,2024,0 kids,86.01165396683102
Minnesota,2024,1 kid,6.129090094128194
Minnesota,2024,2 kids,5.305244285073958
Minnesota,2024,3+ kids,2.554011653966831
Missouri,2005,0 kids,74.13718575816176
Missouri,2005,1 kid,11.172032002426723
Missouri,2005,2 kids,9.383081181511395
Missouri,2005,3+ kids,5.307701057900125
Missouri,2006,0 kids,76.54636895510318
Missouri,2006,1 kid,12.777209143636984
Missouri,2006,2 kids,7.9773051796252075
Missouri,2006,3+ kids,2.6991167216346335
Missouri,2007,0 kids,74.6024383364152
Missouri,2007,1 kid,11.78048704046134
Missouri,2007,2 kids,8.2953583853073
Missouri,2007,3+ kids,5.321716237816154
Missouri,2008,0 kids,78.72011864106994
Missouri,2008,1 kid,8.936856283758962
Missouri,2008,2 kids,7.60758649777548
Missouri,2008,3+ kids,4.735438577395611
Missouri,2009,0 kids,80.44016974878419
Missouri,2009,1 kid,8.636124275934701
Missouri,2009,2 kids,6.16500944769693
Missouri,2009,3+ kids,4.758696527584178
Missouri,2010,0 kids,78.43620112314167
Missouri,2010,1 kid,9.900454729051845
Missouri,2010,2 kids,6.028743045511994
Missouri,2010,3+ kids,5.634601102294493
Missouri,2011,0 kids,78.95539323452238
Missouri,2011,1 kid,9.30855967661868
Missouri,2011,2 kids,6.2350187929934044
Missouri,2011,3+ kids,5.501028295865542
Missouri,2012,0 kids,79.19254658385093
Missouri,2012,1 kid,9.71005738447599
Missouri,2012,2 kids,7.991805969561278
Missouri,2012,3+ kids,3.1055900621118013
Missouri,2013,0 kids,78.54380699526723
Missouri,2013,1 kid,8.671216668590558
Missouri,2013,2 kids,6.8870483666166455
Missouri,2013,3+ kids,5.897927969525568
Missouri,2014,0 kids,79.60682468194221
Missouri,2014,1 kid,10.239652848548603
Missouri,2014,2 kids,6.280285347973306
Missouri,2014,3+ kids,3.8732371215358823
Missouri,2015,0 kids,77.34567126725219
Missouri,2015,1 kid,12.137390213299874
Missouri,2015,2 kids,5.723337515683815
Missouri,2015,3+ kids,4.793601003764116
Missouri,2016,0 kids,79.02240719504181
Missouri,2016,1 kid,11.039312450875542
Missouri,2016,2 kids,6.628741511938048
Missouri,2016,3+ kids,3.3095388421445966
Missouri,2017,0 kids,76.77741754314306
Missouri,2017,1 kid,11.011053813948738
Missouri,2017,2 kids,8.656693556622077
Missouri,2017,3+ kids,3.5548350862861224
Missouri,2018,0 kids,78.9378864185399
Missouri,2018,1 kid,10.766198138756792
Missouri,2018,2 kids,6.628412327957839
Missouri,2018,3+ kids,3.667503114745468
Missouri,2019,0 kids,80.27214962234744
Missouri,2019,1 kid,9.39860328497782
Missouri,2019,2 kids,7.433161491427887
Missouri,2019,3+ kids,2.896085601246853
Missouri,2021,0 kids,80.92504273033026
Missouri,2021,1 kid,10.992722059877599
Missouri,2021,2 kids,4.221343110768043
Missouri,2021,3+ kids,3.8608920990240945
Missouri,2022,0 kids,80.14070974348601
Missouri,2022,1 kid,10.299750945018268
Missouri,2022,2 kids,4.647340674344808
Missouri,2022,3+ kids,4.9121986371509125
Missouri,2023,0 kids,78.19873208379272
Missouri,2023,1 kid,10.13781697905182
Missouri,2023,2 kids,6.4512127894156555
Missouri,2023,3+ kids,5.212238147739801
Missouri,2024,0 kids,80.06961095212314
Missouri,2024,1 kid,10.771134658519607
Missouri,2024,2 kids,5.27496326088638
Missouri,2024,3+ kids,3.8842911284708794
Nebraska,2005,0 kids,78.63152491686938
Nebraska,2005,1 kid,8.484902586533956
Nebraska,2005,2 kids,8.987033854805954
Nebraska,2005,3+ kids,3.8965386417907117
Nebraska,2006,0 kids,80.7362432803883
Nebraska,2006,1 kid,6.990135870983455
Nebraska,2006,2 kids,5.266087924705555
Nebraska,2006,3+ kids,7.007532923922688
Nebraska,2007,0 kids,74.2733970564851
Nebraska,2007,1 kid,11.493135921129348
Nebraska,2007,2 kids,7.653845474301667
Nebraska,2007,3+ kids,6.579621548083889
Nebraska,2008,0 kids,79.40066923847482
Nebraska,2008,1 kid,7.195379270657942
Nebraska,2008,2 kids,7.745263113024574
Nebraska,2008,3+ kids,5.658688377842664
Nebraska,2009,0 kids,77.97083948298224
Nebraska,2009,1 kid,12.42229080012523
Nebraska,2009,2 kids,4.268974462185249
Nebraska,2009,3+ kids,5.337895254707277
Nebraska,2010,0 kids,80.89742447197219
Nebraska,2010,1 kid,8.359326263256396
Nebraska,2010,2 kids,7.673112913287586
Nebraska,2010,3+ kids,3.070136351483825
Nebraska,2011,0 kids,80.33076279847626
Nebraska,2011,1 kid,6.680293598439096
Nebraska,2011,2 kids,9.077394778407507
Nebraska,2011,3+ kids,3.9115488246771344
Nebraska,2012,0 kids,75.3643216080402
Nebraska,2012,1 kid,11.492881072026801
Nebraska,2012,2 kids,7.391122278056951
Nebraska,2012,3+ kids,5.751675041876047
Nebraska,2013,0 kids,81.28859613009469
Nebraska,2013,1 kid,10.007859575582918
Nebraska,2013,2 kids,3.0165799618249185
Nebraska,2013,3+ kids,5.686964332497474
Nebraska,2014,0 kids,74.10184388166539
Nebraska,2014,1 kid,16.69007384587505
Nebraska,2014,2 kids,3.7149458614597024
Nebraska,2014,3+ kids,5.493136410999864
Nebraska,2015,0 kids,77.82870395935723
Nebraska,2015,1 kid,9.472269773777311
Nebraska,2015,2 kids,8.21506801406299
Nebraska,2015,3+ kids,4.4839582528024735
Nebraska,2016,0 kids,81.13010273661241
Nebraska,2016,1 kid,7.432493863078461
Nebraska,2016,2 kids,9.28266206018729
Nebraska,2016,3+ kids,2.1547413401218294
Nebraska,2017,0 kids,78.29581366314228
Nebraska,2017,1 kid,8.975459404627209
Nebraska,2017,2 kids,10.536069603214857
Nebraska,2017,3+ kids,2.192657329015645
Nebraska,2018,0 kids,80.52869344250723
Nebraska,2018,1 kid,10.033881555728101
Nebraska,2018,2 kids,5.8922143008399805
Nebraska,2018,3+ kids,3.5452107009246845
Nebraska,2019,0 kids,79.17368018362663
Nebraska,2019,1 kid,8.261285386381026
Nebraska,2019,2 kids,5.893267023718439
Nebraska,2019,3+ kids,6.67176740627391
Nebraska,2021,0 kids,79.38607782948807
Nebraska,2021,1 kid,7.846321417962175
Nebraska,2021,2 kids,7.131399148430538
Nebraska,2021,3+ kids,5.636201604119219
Nebraska,2022,0 kids,82.14118842051803
Nebraska,2022,1 kid,8.520060944641951
Nebraska,2022,2 kids,4.9019807008633824
Nebraska,2022,3+ kids,4.436769933976638
Nebraska,2023,0 kids,76.37913140667412
Nebraska,2023,1 kid,11.64976848155836
Nebraska,2023,2 kids,7.949465112565863
Nebraska,2023,3+ kids,4.021634999201661
Nebraska,2024,0 kids,81.22964784024498
Nebraska,2024,1 kid,7.795820663776929
Nebraska,2024,2 kids,7.5758555994048
Nebraska,2024,3+ kids,3.3986758965732897
North Dakota,2005,0 kids,78.29744616925389
North Dakota,2005,1 kid,8.98347521281923
North Dakota,2005,2 kids,9.223835753630445
North Dakota,2005,3+ kids,3.495242864296445
North Dakota,2006,0 kids,78.14542813332257
North Dakota,2006,1 kid,12.032927124525866
North Dakota,2006,2 kids,5.1004761520458395
North Dakota,2006,3+ kids,4.721168590105722
North Dakota,2007,0 kids,80.51623646960866
North Dakota,2007,1 kid,12.827545672723712
North Dakota,2007,2 kids,3.2081108879855025
North Dakota,2007,3+ kids,3.4481069696821276
North Dakota,2008,0 kids,82.52082264240319
North Dakota,2008,1 kid,8.704061895551257
North Dakota,2008,2 kids,3.931630679351044
North Dakota,2008,3+ kids,4.843484782694509
North Dakota,2009,0 kids,79.81463289625422
North Dakota,2009,1 kid,7.427497544099432
North Dakota,2009,2 kids,6.949130824755478
North Dakota,2009,3+ kids,5.808738734890873
North Dakota,2010,0 kids,77.71355170199101
North Dakota,2010,1 kid,8.98308713337615
North Dakota,2010,2 kids,10.237636480411046
North Dakota,2010,3+ kids,3.0657246842217942
North Dakota,2011,0 kids,75.92800086745943
North Dakota,2011,1 kid,9.758918567246177
North Dakota,2011,2 kids,7.640871796725341
North Dakota,2011,3+ kids,6.672208768569053
North Dakota,2012,0 kids,80.65660648522412
North Dakota,2012,1 kid,8.663433036917272
North Dakota,2012,2 kids,7.612503368364322
North Dakota,2012,3+ kids,3.067457109494296
North Dakota,2013,0 kids,78.78026905829596
North Dakota,2013,1 kid,10.780269058295964
North Dakota,2013,2 kids,7.6017937219730936
North Dakota,2013,3+ kids,2.8376681614349777
North Dakota,2014,0 kids,82.32750224023064
North Dakota,2014,1 kid,8.057038220282854
North Dakota,2014,2 kids,4.612927104842794
North Dakota,2014,3+ kids,5.002532434643706
North Dakota,2015,0 kids,79.57604629600026
North Dakota,2015,1 kid,11.855356971576558
North Dakota,2015,2 kids,5.006874060811459
North Dakota,2015,3+ kids,3.561722671611727
North Dakota,2016,0 kids,83.83767563171327
North Dakota,2016,1 kid,8.923913957988614
North Dakota,2016,2 kids,5.43511792915837
North Dakota,2016,3+ kids,1.8032924811397484
North Dakota,2017,0 kids,83.34806174148697
North Dakota,2017,1 kid,6.657240485448333
North Dakota,2017,2 kids,6.1240721102863205
North Dakota,2017,3+ kids,3.870625662778367
North Dakota,2018,0 kids,77.97081685531161
North Dakota,2018,1 kid,8.959498159007227
North Dakota,2018,2 kids,5.394790672303286
North Dakota,2018,3+ kids,7.674894313377881
North Dakota,2019,0 kids,71.48641187657199
North Dakota,2019,1 kid,11.379669958898226
North Dakota,2019,2 kids,7.4167229004355555
North Dakota,2019,3+ kids,9.717195264094228
North Dakota,2021,0 kids,73.99112325025607
North Dakota,2021,1 kid,14.411061795834756
North Dakota,2021,2 kids,8.497780812564015
North Dakota,2021,3+ kids,3.100034141345169
North Dakota,2022,0 kids,84.45868537877703
North Dakota,2022,1 kid,6.161391951883145
North Dakota,2022,2 kids,6.784333381068308
North Dakota,2022,3+ kids,2.595589288271517
North Dakota,2023,0 kids,82.03205214052944
North Dakota,2023,1 kid,4.9060309807597875
North Dakota,2023,2 kids,8.521940984777466
North Dakota,2023,3+ kids,4.539975893933307
North Dakota,2024,0 kids,81.22320663046585
North Dakota,2024,1 kid,10.321996760979328
North Dakota,2024,2 kids,4.682290178146137
North Dakota,2024,3+ kids,3.772506430408688
Ohio,2005,0 kids,76.14125714285714
Ohio,2005,1 kid,12.092799999999999
Ohio,2005,2 kids,7.344914285714285
Ohio,2005,3+ kids,4.421028571428572
Ohio,2006,0 kids,77.41683846882488
Ohio,2006,1 kid,10.67673620189361
Ohio,2006,2 kids,7.523862998315553
Ohio,2006,3+ kids,4.382562330965964
Ohio,2007,0 kids,79.37546023564065
Ohio,2007,1 kid,9.56921944035346
Ohio,2007,2 kids,5.7488033873343145
Ohio,2007,3+ kids,5.306516936671576
Ohio,2008,0 kids,78.50582379803993
Ohio,2008,1 kid,10.657293858073785
Ohio,2008,2 kids,6.850484422448094
Ohio,2008,3+ kids,3.9863979214382006
Ohio,2009,0 kids,78.49845434667873
Ohio,2009,1 kid,8.901643670361155
Ohio,2009,2 kids,8.986937344492196
Ohio,2009,3+ kids,3.6129646384679184
Ohio,2010,0 kids,80.07884491652035
Ohio,2010,1 kid,11.036107263983249
Ohio,2010,2 kids,5.9864338760509925
Ohio,2010,3+ kids,2.898613943445403
Ohio,2011,0 kids,80.24480434375585
Ohio,2011,1 kid,10.549522561318105
Ohio,2011,2 kids,7.228047182175623
Ohio,2011,3+ kids,1.9776259127504212
Ohio,2012,0 kids,79.2611715833717
Ohio,2012,1 kid,11.925010042423114
Ohio,2012,2 kids,5.618858200985627
Ohio,2012,3+ kids,3.194960173219552
Ohio,2013,0 kids,80.92806909076857
Ohio,2013,1 kid,9.697051663510955
Ohio,2013,2 kids,6.79556783492407
Ohio,2013,3+ kids,2.579311410796399
Ohio,2014,0 kids,80.74661444027801
Ohio,2014,1 kid,9.554085361484631
Ohio,2014,2 kids,5.427404523633237
Ohio,2014,3+ kids,4.271895674604123
Ohio,2015,0 kids,79.90746642116942
Ohio,2015,1 kid,10.162169818001558
Ohio,2015,2 kids,6.437221159974506
Ohio,2015,3+ kids,3.493142600854519
Ohio,2016,0 kids,79.44488804197141
Ohio,2016,1 kid,8.691626783711099
Ohio,2016,2 kids,7.684469895512372
Ohio,2016,3+ kids,4.179015278805128
Ohio,2017,0 kids,81.11680846933606
Ohio,2017,1 kid,8.947535379647647
Ohio,2017,2 kids,5.948136679781638
Ohio,2017,3+ kids,3.987519471234654
Ohio,2018,0 kids,82.60762938848522
Ohio,2018,1 kid,7.679879206959065
Ohio,2018,2 kids,6.63015305901644
Ohio,2018,3+ kids,3.082338345539265
Ohio,2019,0 kids,82.03045530373927
Ohio,2019,1 kid,9.811510762094642
Ohio,2019,2 kids,5.210664442364813
Ohio,2019,3+ kids,2.9473694918012776
Ohio,2021,0 kids,83.88997718172816
Ohio,2021,1 kid,9.564838334696688
Ohio,2021,2 kids,4.074998923666423
Ohio,2021,3+ kids,2.470185559908727
Ohio,2022,0 kids,81.59511891081202
Ohio,2022,1 kid,9.399407880641203
Ohio,2022,2 kids,5.711322334975945
Ohio,2022,3+ kids,3.29415087357083
Ohio,2023,0 kids,83.00710430896365
Ohio,2023,1 kid,8.965237372459734
Ohio,2023,2 kids,5.1353402479129775
Ohio,2023,3+ kids,2.8923180706636313
Ohio,2024,0 kids,83.1934138233127
Ohio,2024,1 kid,7.844001833361375
Ohio,2024,2 kids,4.4766507504597906
Ohio,2024,3+ kids,4.485933592866136
South Dakota,2005,0 kids,77.87886476494255
South Dakota,2005,1 kid,7.539236652288955
South Dakota,2005,2 kids,8.191670593352423
South Dakota,2005,3+ kids,6.390227989416071
South Dakota,2006,0 kids,80.54364871928908
South Dakota,2006,1 kid,9.36748562467329
South Dakota,2006,2 kids,5.805889527792298
South Dakota,2006,3+ kids,4.2829761282453385
South Dakota,2007,0 kids,85.60579091016969
South Dakota,2007,1 kid,3.5441636011233735
South Dakota,2007,2 kids,6.309085874767612
South Dakota,2007,3+ kids,4.5409596139393225
South Dakota,2008,0 kids,74.50545387317435
South Dakota,2008,1 kid,12.449621002033648
South Dakota,2008,2 kids,8.182658532076168
South Dakota,2008,3+ kids,4.862266592715844
South Dakota,2009,0 kids,75.43386491557223
South Dakota,2009,1 kid,11.44465290806754
South Dakota,2009,2 kids,9.80691056910569
South Dakota,2009,3+ kids,3.314571607254534
South Dakota,2010,0 kids,79.30541368743616
South Dakota,2010,1 kid,9.409601634320735
South Dakota,2010,2 kids,6.860061287027579
South Dakota,2010,3+ kids,4.424923391215526
South Dakota,2011,0 kids,85.01661359545895
South Dakota,2011,1 kid,4.12917070469334
South Dakota,2011,2 kids,7.303059670497023
South Dakota,2011,3+ kids,3.5511560293506856
South Dakota,2012,0 kids,79.31982136722776
South Dakota,2012,1 kid,14.050154586052901
South Dakota,2012,2 kids,4.435760906904844
South Dakota,2012,3+ kids,2.1942631398144967
South Dakota,2013,0 kids,77.0374167093798
South Dakota,2013,1 kid,8.2361609431061
South Dakota,2013,2 kids,6.698487954894926
South Dakota,2013,3+ kids,8.02793439261917
South Dakota,2014,0 kids,74.78532145498987
South Dakota,2014,1 kid,11.311227607500081
South Dakota,2014,2 kids,8.111150419708617
South Dakota,2014,3+ kids,5.792300517801435
South Dakota,2015,0 kids,82.12409773289505
South Dakota,2015,1 kid,9.780067098173438
South Dakota,2015,2 kids,5.981226066623742
South Dakota,2015,3+ kids,2.1146091023077704
South Dakota,2016,0 kids,85.28792365909838
South Dakota,2016,1 kid,6.001974333662389
South Dakota,2016,2 kids,2.6390259953932214
South Dakota,2016,3+ kids,6.071076011846002
South Dakota,2017,0 kids,86.23830797152031
South Dakota,2017,1 kid,7.437526176183164
South Dakota,2017,2 kids,3.654195169621667
South Dakota,2017,3+ kids,2.669970682674857
South Dakota,2018,0 kids,84.44517471793188
South Dakota,2018,1 kid,7.324643078833024
South Dakota,2018,2 kids,3.2278088144009933
South Dakota,2018,3+ kids,5.002373388834118
South Dakota,2019,0 kids,84.28910496899165
South Dakota,2019,1 kid,7.005589158563663
South Dakota,2019,2 kids,4.444529515351045
South Dakota,2019,3+ kids,4.260776357093637
South Dakota,2021,0 kids,86.13226143083523
South Dakota,2021,1 kid,9.33018977312256
South Dakota,2021,2 kids,4.1781007227611795
South Dakota,2021,3+ kids,0.3594480732810265
South Dakota,2022,0 kids,81.02994011976048
South Dakota,2022,1 kid,8.109495295124038
South Dakota,2022,2 kids,9.125748502994012
South Dakota,2022,3+ kids,1.7348160821214713
South Dakota,2023,0 kids,79.28418091642608
South Dakota,2023,1 kid,7.583833000222075
South Dakota,2023,2 kids,7.839218298911836
South Dakota,2023,3+ kids,5.292767784440003
South Dakota,2024,0 kids,76.50979787069897
South Dakota,2024,1 kid,8.986267551303811
South Dakota,2024,2 kids,13.794167566733528
South Dakota,2024,3+ kids,0.7097670112636938
Wisconsin,2005,0 kids,77.99017276906007
Wisconsin,2005,1 kid,9.657103608601469
Wisconsin,2005,2 kids,8.384847043905532
Wisconsin,2005,3+ kids,3.9678765784329264
Wisconsin,2006,0 kids,83.16381913214809
Wisconsin,2006,1 kid,7.198956461455664
Wisconsin,2006,2 kids,6.5877931531465785
Wisconsin,2006,3+ kids,3.0494312532496557
Wisconsin,2007,0 kids,82.86166805903648
Wisconsin,2007,1 kid,7.723301308827625
Wisconsin,2007,2 kids,4.992516012252855
Wisconsin,2007,3+ kids,4.422514619883041
Wisconsin,2008,0 kids,80.58702323154608
Wisconsin,2008,1 kid,7.639791650085338
Wisconsin,2008,2 kids,6.167369714978024
Wisconsin,2008,3+ kids,5.60581540339055
Wisconsin,2009,0 kids,82.26813106648564
Wisconsin,2009,1 kid,9.191675616527185
Wisconsin,2009,2 kids,5.284808202800462
Wisconsin,2009,3+ kids,3.255385114186711
Wisconsin,2010,0 kids,79.94591880774753
Wisconsin,2010,1 kid,10.845304889327332
Wisconsin,2010,2 kids,4.680577453251478
Wisconsin,2010,3+ kids,4.528198849673664
Wisconsin,2011,0 kids,80.71484000547771
Wisconsin,2011,1 kid,11.114255717350618
Wisconsin,2011,2 kids,4.883370612133108
Wisconsin,2011,3+ kids,3.2875336650385725
Wisconsin,2012,0 kids,85.1477245170156
Wisconsin,2012,1 kid,8.197599223991594
Wisconsin,2012,2 kids,3.9487511114703744
Wisconsin,2012,3+ kids,2.7059251475224313
Wisconsin,2013,0 kids,83.44445842244308
Wisconsin,2013,1 kid,8.764804198192046
Wisconsin,2013,2 kids,4.465970562334885
Wisconsin,2013,3+ kids,3.324766817029995
Wisconsin,2014,0 kids,81.09865413153312
Wisconsin,2014,1 kid,10.352636409644962
Wisconsin,2014,2 kids,6.352773655632661
Wisconsin,2014,3+ kids,2.1959358031892537
Wisconsin,2015,0 kids,78.930290977601
Wisconsin,2015,1 kid,9.627571507412412
Wisconsin,2015,2 kids,6.203018250328277
Wisconsin,2015,3+ kids,5.2391192646583065
Wisconsin,2016,0 kids,82.12188294699867
Wisconsin,2016,1 kid,9.385462595363984
Wisconsin,2016,2 kids,5.30104831775188
Wisconsin,2016,3+ kids,3.1916061398854714
Wisconsin,2017,0 kids,82.88544026649713
Wisconsin,2017,1 kid,6.794064707936707
Wisconsin,2017,2 kids,6.156477509827977
Wisconsin,2017,3+ kids,4.164017515738195
Wisconsin,2018,0 kids,83.44798683443898
Wisconsin,2018,1 kid,10.020341200641923
Wisconsin,2018,2 kids,4.024286780263925
Wisconsin,2018,3+ kids,2.5073851846551705
Wisconsin,2019,0 kids,82.16588947316203
Wisconsin,2019,1 kid,9.86407381684691
Wisconsin,2019,2 kids,4.36253596586963
Wisconsin,2019,3+ kids,3.6075007441214404
Wisconsin,2021,0 kids,82.69568484234254
Wisconsin,2021,1 kid,10.050062468874774
Wisconsin,2021,2 kids,4.011113343875866
Wisconsin,2021,3+ kids,3.243139344906821
Wisconsin,2022,0 kids,83.77756839197023
Wisconsin,2022,1 kid,8.922497085456026
Wisconsin,2022,2 kids,4.44288292316783
Wisconsin,2022,3+ kids,2.8570515994059122
Wisconsin,2023,0 kids,82.56012849663114
Wisconsin,2023,1 kid,9.670623083501951
Wisconsin,2023,2 kids,4.767517052921421
Wisconsin,2023,3+ kids,3.0017313669454935
Wisconsin,2024,0 kids,86.91718646990213
Wisconsin,2024,1 kid,5.989147522693849
Wisconsin,2024,2 kids,5.456666159541559
Wisconsin,2024,3+ kids,1.6369998478624679
