MET2013,mover_rate_2022,mover_rate_2024,delta_mover_rate,mover_avg_bed_2022,mover_avg_bed_2024,delta_mover_avg_bed,mover_avg_rooms_2022,mover_avg_rooms_2024,delta_mover_avg_rooms,mover_burden_2022,mover_burden_2024,delta_mover_burden,nonmover_burden_2022,nonmover_burden_2024,delta_nonmover_burden,mover_trantime_2022,mover_trantime_2024,delta_mover_trantime,n_2022,n_2024,n_movers_2022,n_movers_2024,min_n,CBSA_Name,zori_name,RegionID,zori_pct_change_2022_2024,zori_2022,zori_2024
12420,33.58376857163733,32.9325644003976,-0.6512041712397263,2.800955760444721,2.7013482574408547,-0.09960750300386634,3.736693248910328,3.637654953350705,-0.09903829555962318,30.08823529411765,31.207100591715975,1.118865297598326,28.363636363636363,28.64651162790698,0.28287526427061493,21.533437602482277,24.52916511367872,2.995727511196442,2682,2660,888,840,2660,"Austin-Round Rock, TX","Austin, TX",394355,-4.626441215885191,1733.4820818250455,1653.283552321507
41700,30.209602396497615,33.57352051104794,3.363918114550323,2.817497033207957,2.9953179600659587,0.17782092685800155,4.0425106100529,4.099484804729886,0.056974194676985945,32.232,33.609022556390975,1.3770225563909761,32.668463611859835,31.480000000000004,-1.1884636118598308,24.613044067388326,24.045761394817998,-0.5672826725703288,2248,2209,627,629,2209,"San Antonio-New Braunfels, TX","San Antonio, TX",395055,0.10989039272431321,1418.2261103331493,1419.7846045755132
38060,27.017374208406263,29.66318398468625,2.645809776279986,2.8850720209515495,2.8905877584110256,0.005515737459476089,4.01179771777764,3.9983461694365627,-0.013451548341076869,33.575129533678755,32.235955056179776,-1.3391744774989789,30.644501278772378,30.959999999999997,0.3154987212276197,24.695529448408102,25.57351955842001,0.8779901100119076,4514,4579,1193,1274,4514,"Phoenix-Mesa-Scottsdale, AZ","Phoenix, AZ",394976,0.5239456193290515,1733.0115829389933,1742.0916212102672
29820,21.60780165328004,25.587254374233503,3.9794527209534643,3.0668303068932317,2.9775315014422348,-0.08929880545099689,4.3508591111894654,4.121375436465766,-0.22948367472369924,37.333333333333336,37.54,0.20666666666666345,33.13978494623656,34.511111111111106,1.3713261648745458,24.919302864777773,24.839313301741047,-0.079989563036726,2776,2826,585,664,2776,"Las Vegas-Henderson-Paradise, NV","Las Vegas, NV",394775,1.3621145340153717,1689.8716566001349,1712.8896440408917
19100,26.383642283544777,28.508562971562245,2.1249206880174683,2.7339411306821706,2.77586164601987,0.04192051533769936,3.83516797663413,3.9184471973506683,0.08327922071653848,33.61714285714286,32.579505300353354,-1.0376375567895053,30.94736842105263,30.36734693877551,-0.5800214822771217,25.054485602936168,26.554057547463294,1.4995719445271263,8311,7830,2159,2141,7830,"Dallas-Fort Worth-Arlington, TX","Dallas, TX",394514,1.4803177900662523,1619.991080519527,1643.972096681944
12060,21.88309110663332,27.47104720153076,5.587956094897439,3.017782157585192,3.0667969721045627,0.04901481451937073,4.415912928312735,4.375630608454906,-0.0402823198578286,34.65,33.21362229102167,-1.436377708978327,30.671641791044774,31.554030874785592,0.8823890837408186,27.023028691656286,29.53121590682094,2.5081872151646536,5076,5292,1137,1385,5076,"Atlanta-Sandy Springs-Roswell, GA","Atlanta, GA",394347,2.297838485214819,1734.4188577552388,1774.273001763562
41860,21.382291788182172,20.552614804755702,-0.8296769834264701,2.672755630580035,2.6149509426208457,-0.05780468795918914,3.6131282854410434,3.5945253505933117,-0.018602934847731678,29.80118946474087,28.57142857142857,-1.2297608933122994,28.799999999999997,28.560000000000002,-0.23999999999999488,31.160450948015715,30.65873387504017,-0.5017170729755449,6587,6702,1370,1302,6587,"San Francisco-Oakland-Hayward, CA","San Francisco, CA",395057,2.3423818482991066,2798.5764226634055,2864.1297687986516
14260,29.49812307196749,32.87787555967269,3.379752487705197,3.449055018899622,3.094254184416194,-0.3548008344834277,4.674128517429652,4.2340589675644855,-0.4400695498651661,33.33333333333333,31.24600638977636,-2.0873269435569703,30.930000000000003,28.555555555555557,-2.374444444444446,19.64316538371822,22.526450093237806,2.883284709519586,657,715,169,215,657,"Boise City, ID","Boise City, ID",394399,2.444904584300347,1651.1565709780687,1691.5257736758879
34980,31.77231340254016,27.693835085476483,-4.078478317063677,2.8658620060235465,2.912930314786623,0.04706830876307633,4.127612485169299,3.981007218975593,-0.1466052661937054,33.28335832083958,32.89389067524115,-0.3894676455984296,29.13267326732673,29.695431472081218,0.5627582047544877,24.797138004674704,26.094944923875676,1.2978069192009727,1874,1931,561,538,1874,"Nashville-Davidson--Murfreesboro--Franklin, TN","Nashville, TN",394902,2.5631566757257267,1730.190918355408,1774.538422382035
41620,28.969927315097376,28.885044069156606,-0.08488324594076957,3.004141728513287,2.76604887364903,-0.23809285486425713,4.122097198946612,3.7156777637918315,-0.40641943515478074,33.2093023255814,32.39368510880387,-0.8156172167775253,27.0,28.499999999999996,1.4999999999999964,25.082472311008697,22.492869080779943,-2.5896032302287537,1013,1042,283,292,1013,"Salt Lake City, UT","Salt Lake City, UT",395053,2.7128299965907363,1564.7393226071106,1607.188040319247
35840,24.67265035700696,27.090934530151863,2.418284173144901,2.9835344280141523,3.0195065750268166,0.03597214701266438,4.382881248299011,4.277819713161972,-0.10506153513703875,36.58536585365854,38.02766085387853,1.4422950002199926,33.559322033898304,37.74,4.1806779661016975,24.410811847023865,22.20178926441352,-2.209022582610345,770,719,168,177,719,"North Port-Sarasota-Bradenton, FL","North Port, FL",753906,2.781468945648143,2073.8227724467156,2131.5055088501003
27260,28.924413671384446,31.461824352365053,2.5374106809806065,3.0309786435109127,3.026352044555181,-0.004626598955731698,4.346196399235592,4.220049831452441,-0.12614656778315148,34.285714285714285,32.38095238095238,-1.904761904761905,30.062111801242235,32.60526315789474,2.543151356652505,23.478664805178322,26.863670850404283,3.3850060452259605,1375,1326,362,341,1326,"Jacksonville, FL","Jacksonville, FL",394714,2.937574255192793,1608.21140891085,1655.4538132280884
39580,26.70598194451546,28.802532853363406,2.096550908847945,2.9934263711015614,3.0970737338754204,0.103647362773859,4.289771518529549,4.292141411099399,0.002369892569849874,28.219780219780223,31.06,2.840219780219776,28.599999999999998,30.483870967741932,1.8838709677419345,24.617537895868743,25.12772389138606,0.5101859955173182,1270,1345,350,398,1270,"Raleigh, NC","Raleigh, NC",395012,2.9376496542478554,1609.7788078901358,1657.0684694742756
39900,25.128805004994483,31.561055727435928,6.432250722441445,2.729222239656886,2.770139981443382,0.0409177417864961,3.640619279251007,3.7189882609221834,0.07836898167117656,32.4,31.222222222222225,-1.1777777777777736,33.0,28.53146853146853,-4.46853146853147,20.588574679018365,19.746733835252435,-0.8418408437659295,721,766,182,212,721,"Reno, NV","Reno, NV",395019,2.9387980447551594,1750.332865189552,1801.7716132084495
44060,25.43833860554817,26.020653218059557,0.5823146125113858,3.0023113905325443,3.0855099215505306,0.08319853101798635,4.247734837278107,4.375311490539917,0.12757665326181034,33.37931034482759,28.11638591117917,-5.262924433648418,31.137026239067055,29.734513274336283,-1.4025129647307715,18.812644031341218,20.556527131782946,1.7438831004417281,759,767,177,180,759,"Spokane-Spokane Valley, WA","Spokane, WA",395113,3.211424337166622,1398.1012658875695,1443.0002301985176
12940,28.188154071355225,25.096787869997435,-3.09136620135779,3.1091303673849016,3.051613763670312,-0.057516603714589554,4.218183227406604,4.316173201742687,0.09798997433608303,32.0668969278313,32.87671232876712,0.8098154009358183,31.21860465116279,29.469026548672566,-1.7495781024902222,20.101364522417153,22.415532525908354,2.3141680034912007,556,544,142,139,544,"Baton Rouge, LA","Baton Rouge, LA",394367,3.461457311604166,1272.204690840871,1316.2415131305536
36740,26.068378321383385,28.49712225665676,2.428743935273374,3.0384658165896474,2.93401218018146,-0.10445363640818739,4.19559523929904,4.048738481205945,-0.1468567580930955,36.559999999999995,36.82224428997021,0.2622442899702122,34.05714285714286,35.0,0.9428571428571431,26.72003028916689,26.922014317835266,0.2019840286683774,2519,2462,644,684,2462,"Orlando-Kissimmee-Sanford, FL","Orlando, FL",394943,3.5032879199840723,1852.7897815029974,1917.6983421010912
15980,20.586359205189616,24.38910588831269,3.8027466831230754,3.0134463607132416,3.1950806231210716,0.18163426240782998,4.420520315697164,4.157802678327412,-0.26271763736975196,34.67889908256881,38.76923076923077,4.090331686661955,33.111111111111114,32.07476635514019,-1.036344755970923,26.873388855839778,28.70018637063447,1.8267975147946913,695,644,141,167,644,"Cape Coral-Fort Myers, FL","Cape Coral, FL",394440,3.617775881212156,1874.3477079590048,1942.1574072675985
38900,26.791822997130875,24.555655556081874,-2.236167441049002,2.657828347835041,2.7490006537278564,0.09117230589281533,3.7161097667713534,3.7253485655496137,0.009238798778260282,31.636363636363633,31.862068965517242,0.22570532915360886,30.0,30.28571428571429,0.28571428571428825,21.837585607324083,22.735931113983302,0.8983455066592185,2928,3031,766,703,2928,"Portland-Vancouver-Hillsboro, OR-WA","Portland, OR",394998,3.649004446858102,1699.9986393617655,1762.0316653086036
31180,37.54465371163521,34.97394653375623,-2.5707071778789867,3.1512404104812193,3.1146018893387315,-0.03663852114248778,4.414267211318123,4.234008097165992,-0.1802591141521308,38.4734693877551,45.0,6.526530612244898,31.058823529411768,29.5875,-1.4713235294117695,17.112501682142376,15.612313494015412,-1.5001881881269643,505,522,170,164,505,"Lubbock, TX","Lubbock, TX",394808,4.011696642444624,1284.3157157855005,1335.838566234056
39340,41.324349055818985,38.42918725686047,-2.8951617989585117,3.483976165552782,3.521360171975767,0.03738400642298512,4.5353490619212495,4.694234903263631,0.15888584134238126,28.570434782608693,30.0,1.429565217391307,26.400000000000002,26.53714285714286,0.1371428571428588,20.946131134755724,22.921218308660883,1.975087173905159,546,566,192,194,546,"Provo-Orem, UT","Provo, UT",395006,4.420635291539572,1652.6403710141728,1725.697574497456
29460,26.370058940141828,19.81353657367462,-6.556522366467206,3.1168516649848637,3.285956211443087,0.16910454645822348,4.327043390514632,4.754808273859925,0.4277648833452927,35.33877551020408,30.86,-4.4787755102040805,30.814070351758794,31.901538461538458,1.087468109779664,26.70313622216902,24.693563101875316,-2.0095731202937053,611,590,160,116,590,"Lakeland-Winter Haven, FL","Lakeland, FL",394766,4.4293072064192405,1738.181306170866,1815.1706960257243
40900,20.763833858404684,20.620040200480318,-0.14379365792436616,2.855735517701449,2.865159115724843,0.009423598023393875,3.9486332185298956,3.956086908360103,0.007453689830207555,39.14590747330961,35.992001777382804,-3.1539056959268095,33.442622950819676,32.74285714285714,-0.6997658079625353,24.01316653964416,21.46101220349728,-2.552154336146881,2660,2689,524,525,2660,"Sacramento--Roseville--Arden-Arcade, CA","Sacramento, CA",395045,4.590507433789461,2051.377017418573,2145.545631898221
26420,26.614007489200596,27.309766692818283,0.695759203617687,2.720665625284358,2.7596275844170823,0.03896195913272438,3.781609238982074,3.8437418899045532,0.062132650922479105,32.44285714285714,31.885714285714283,-0.5571428571428605,30.659999999999997,32.46153846153847,1.8015384615384704,26.36287089911544,27.070201882273853,0.707330983158414,6519,6540,1572,1694,6519,"Houston-The Woodlands-Sugar Land, TX","Houston, TX",394692,4.694818802960285,1536.138127588816,1608.2570292422977
19740,31.844270699518447,31.059947676814737,-0.7843230227037097,2.806016328766312,2.714233173961015,-0.09178315480529697,3.9757659198069564,3.8024071710331797,-0.17335874877377666,31.0,29.53846153846154,-1.46153846153846,30.36734693877551,30.37974683544304,0.012399896667531607,25.359119792892447,24.62573539124338,-0.7333844016490652,3349,3396,1057,1014,3349,"Denver-Aurora-Lakewood, CO","Denver, CO",394530,4.720026165184428,1826.6909708266514,1912.9112626067308
17820,31.71564130638495,36.519230769230774,4.803589462845824,3.1804808260504465,3.0854334361443367,-0.09504738990610972,4.580412403197213,4.330299154943705,-0.2501132482535082,34.22053231939163,35.204081632653065,0.9835493132614346,30.5,30.15,-0.3500000000000014,20.356379130155158,24.21727731092437,3.8608981807692118,740,830,220,248,740,"Colorado Springs, CO","Colorado Springs, CO",394484,4.742509502850912,1624.254148800345,1701.2845561576517
35380,20.058370566274636,23.79973289436904,3.7413623280944037,2.8566291536258905,2.9627290285535315,0.10609987492764095,3.9800559366051806,4.285483113222321,0.3054271766171399,38.940000000000005,34.73793103448276,-4.202068965517242,33.08108108108108,33.972972972972975,0.8918918918918948,23.94577818816046,29.10418648905804,5.15840830089758,1267,1228,268,258,1228,"New Orleans-Metairie, LA","New Orleans, LA",394910,4.843236820998882,1470.6135230410252,1541.838818683537
41940,28.23127124121682,23.164559521242182,-5.066711719974638,2.726427868045298,2.6872936213542804,-0.039134246691017616,3.5188453963564745,3.531965961160812,0.01312056480433732,28.41237113402062,28.54451612903226,0.13214499501163957,27.631578947368425,26.55,-1.081578947368424,22.255237740687885,22.79180747367804,0.5365697329901558,2568,2589,674,571,2568,"San Jose-Sunnyvale-Santa Clara, CA","San Jose, CA",395059,4.880304279049218,3080.7141857760475,3231.0624120097523
45300,23.546013950439743,26.880807429661395,3.334793479221652,2.9684753931487213,2.8665372156701325,-0.1019381774785888,4.2402517813739955,4.012518567568051,-0.22773321380594425,32.608695652173914,36.97478991596639,4.366094263792476,33.33333333333333,35.18490566037736,1.8515723270440319,28.049309190448888,27.066737174681375,-0.9825720157675129,3604,3230,844,817,3230,"Tampa-St. Petersburg-Clearwater, FL","Tampa, FL",395148,4.89750605742271,1879.14230264388,1971.1734107434565
37340,23.692909433896954,30.414069836933322,6.721160403036368,3.166617969320672,3.1328317987873344,-0.03378617053333777,4.660555149744339,4.620256007186167,-0.04029914255817246,36.0,36.161776367961934,0.1617763679619344,32.04968944099379,32.86588235294118,0.8161929119473896,26.682692307692307,24.63702409416958,-2.0456682135227275,560,573,140,170,560,"Palm Bay-Melbourne-Titusville, FL","Palm Bay, FL",394957,4.9023173287970305,1771.2267687786323,1858.0579255967589
42660,27.24820752436961,28.55532193225057,1.3071144078809596,2.6788358286619833,2.5997939535297223,-0.07904187513226102,3.66422455592611,3.539005015192005,-0.12521954073410502,31.46853146853147,30.74626865671642,-0.7222628118150496,29.520000000000003,29.30607028753994,-0.21392971246006454,25.157671176875294,26.340124112656103,1.182452935780809,4794,4843,1269,1252,4794,"Seattle-Tacoma-Bellevue, WA","Seattle, WA",395078,4.92211097446865,2028.5828971830251,2128.431998591465
16740,24.87925137289535,26.678363903194537,1.7991125302991868,3.0495455911939504,2.941082737901916,-0.1084628532920342,4.2783918784543165,4.107137057486197,-0.1712548209681195,30.153846153846153,31.68235294117647,1.5285067873303184,29.724770642201836,28.551724137931032,-1.173046504270804,24.20041624479694,23.7983320230002,-0.4020842217967413,2681,2846,697,757,2681,"Charlotte-Concord-Gastonia, NC-SC","Charlotte, NC",394458,5.033865887858807,1609.4476490928619,1690.465085283493
42220,21.378416487444987,17.835022075405774,-3.5433944120392127,2.8870752831445703,2.888958147818344,0.001882864673773632,4.039506995336442,4.091006233303651,0.05149923796720923,27.09278350515464,32.188235294117646,5.0954517889630075,28.592057761732853,32.265420560747664,3.6733627990148108,21.437557251908398,20.238740064763025,-1.198817187145373,611,588,107,92,588,"Santa Rosa, CA","Santa Rosa, CA",395068,5.067752118350284,2420.3366251010734,2542.993285690841
44700,17.662092271169197,16.476269775187344,-1.1858224959818529,3.181799478809491,3.0491880601037664,-0.13261141870572457,4.496639692771911,4.361498551310558,-0.1351411414613528,34.02857142857143,34.20814479638009,0.17957336780865774,29.508196721311474,30.585683297180044,1.0774865758685692,26.457459789240154,34.763997395833336,8.306537606593182,698,724,107,105,698,"Stockton-Lodi, CA","Stockton, CA",395134,5.33480209341676,2124.5921032856277,2237.9348872882765
31080,14.585987920512489,15.286348798345866,0.7003608778333774,2.653669434595719,2.6243373682336286,-0.02933206636209018,3.572939713456085,3.5526790444784786,-0.02026066897760659,34.45594405594405,34.82233502538071,0.36639096943665805,33.473684210526315,33.0,-0.47368421052631504,28.651292654504957,29.70630010296389,1.0550074484589338,19815,19212,2824,2713,19212,"Los Angeles-Long Beach-Anaheim, CA","Los Angeles, CA",753899,5.438300201269582,2658.2709089827104,2802.835661176208
33460,29.352549658215143,27.55232214169502,-1.800227516520124,2.5836740289167897,2.712070122462674,0.12839609354588433,3.7946472490343597,3.7647374601576917,-0.029909788876667953,35.333333333333336,29.589041095890412,-5.744292237442924,28.799999999999997,29.333333333333332,0.533333333333335,23.984004461513113,24.00303194916432,0.019027487651207764,1942,1958,514,488,1942,"Minneapolis-St. Paul-Bloomington, MN-WI","Minneapolis, MN",394865,5.4833521637321185,1504.5155256528917,1587.0134102824652
40140,14.219569411744706,17.956211102760932,3.736641691016226,2.9664818661366725,3.1159518285787566,0.1494699624420841,4.036252783215529,4.235517679564452,0.19926489634892253,35.774257425742576,36.32432432432432,0.550066898581747,33.381818181818176,34.54054054054054,1.1587223587223647,26.192123457372755,34.48642581922302,8.294302361850267,3842,3827,506,629,3827,"Riverside-San Bernardino-Ontario, CA","Riverside, CA",395025,5.510261028195215,2259.2523543352045,2383.74305634472
33100,19.367718354476988,21.51997314228423,2.152254787807241,2.7092405611259958,2.7608566455830537,0.0516160844570579,3.6306232523312,3.667513902449378,0.03689065011817805,39.0,40.91294117647059,1.9129411764705893,37.23009814612868,37.3125,0.0824018538713176,27.865475525777033,28.34202503729649,0.47654951151945824,6732,6500,1335,1392,6500,"Miami-Fort Lauderdale-West Palm Beach, FL","Miami, FL",394856,5.787873060459406,2470.3956383151167,2613.3790019519215
32580,23.81084105568898,23.77625740978994,-0.03458364589903695,3.0781538786502614,3.0767169009810864,-0.0014369776691749436,4.000792100121456,4.008445433397391,0.0076533332759352035,29.57142857142857,30.0,0.4285714285714306,31.944,27.378947368421052,-4.565052631578947,17.913860788162463,16.40916689885762,-1.5046938893048427,610,635,114,145,610,"McAllen-Edinburg-Mission, TX","McAllen, TX",394843,5.89487203188532,1031.3267653037317,1092.122158348969
46060,29.338561823728664,29.092781066735306,-0.24578075699335855,2.896464016757269,2.7709230033476806,-0.12554101340958823,4.053239239938158,3.859014825442372,-0.19422441449578587,34.684739736681294,32.59701492537314,-2.0877248113081563,31.846153846153847,28.9749430523918,-2.871210793762046,21.108626680767486,22.972795003010233,1.8641683222427474,1164,1124,305,307,1124,"Tucson, AZ","Tucson, AZ",395167,6.045030466637883,1378.849333712648,1462.2011960246111
42200,21.785499629593392,18.081366892603416,-3.704132736989976,2.6828564095983576,3.0465097202854565,0.36365331068709894,3.8166303092518925,4.080715281765237,0.26408497251334406,44.22608695652174,38.43648208469055,-5.789604871831187,30.9375,33.04761904761905,2.110119047619051,21.883864004317324,21.10549507516848,-0.7783689291488436,648,652,122,113,648,"Santa Maria-Santa Barbara, CA","Santa Maria, CA",753917,6.277455297029759,3012.26068956239,3201.3540077796692
12580,21.5679011625533,23.773158927034387,2.205257764481086,2.8669082746216987,2.9499044385617115,0.08299616394001275,4.248387402128494,4.391172734719073,0.14278533259057902,34.53488372093023,31.309297912713475,-3.2255858082167563,30.0,30.469090909090905,0.46909090909090523,27.622240733027905,29.17135646471063,1.5491157316827255,2617,2534,571,587,2534,"Baltimore-Columbia-Towson, MD","Baltimore, MD",394358,6.613062578205504,1669.755321325518,1780.177285627691
32820,20.575383873490825,22.394426430067828,1.8190425565770028,3.3075713836567866,3.129493098697092,-0.1780782849596947,4.696144282161946,4.516135270371534,-0.1800090117904114,33.92842105263158,38.59731543624161,4.668894383610031,31.374999999999996,31.881818181818183,0.5068181818181863,21.933409558655384,19.733047556922312,-2.2003620017330725,1202,1206,239,243,1202,"Memphis, TN-MS-AR","Memphis, TN",394849,6.625547511966695,1296.9547242288513,1382.8850756913305
36420,30.374062221289545,31.28245223632245,0.9083900150329036,2.98984385795219,3.0188253012048194,0.02898144325262919,4.164000967251623,4.272606382978723,0.1086054157270997,32.53179190751445,32.09361702127659,-0.43817488623786005,29.18181818181818,27.92341678939617,-1.2584013924220088,24.679149823303586,20.327365169614303,-4.351784653689283,991,988,264,285,988,"Oklahoma City, OK","Oklahoma City, OK",394935,6.853628365280354,1209.2975029953172,1292.1782596812313
37100,17.06100357565943,15.479879539106145,-1.5811240365532857,2.895209580838323,2.870938182843448,-0.024271397994874988,3.9881513568607465,3.787974906604638,-0.2001764502561083,37.86618444846293,29.87,-7.99618444846293,33.2,32.64,-0.5600000000000023,25.22585735325058,23.45955362003266,-1.7663037332179172,864,833,136,122,833,"Oxnard-Thousand Oaks-Ventura, CA","Oxnard, CA",394952,6.873411469126475,2680.7968621630675,2865.0590611509665
41740,19.40178360034725,21.892546886339005,2.490763285991754,2.7641962251871135,2.819549467168431,0.055353241981317414,3.711112918971689,3.8323690781838007,0.12125615921211175,36.987610619469024,36.92857142857143,-0.05903919089759313,33.38632750397456,32.43956043956044,-0.9467670644141251,24.10284068639981,24.615850051094498,0.5130093646946889,4265,4279,805,862,4265,"San Diego-Carlsbad, CA","San Diego, CA",395056,6.925036924179154,2632.268228692576,2814.5537754729735
37980,20.534593734656806,21.269695695925204,0.7351019612683984,2.690736902562054,2.7712507934987003,0.08051389093664651,3.779497328072716,3.9552885939801894,0.17579126590747318,30.87769784172662,32.777142857142856,1.8994450154162372,31.384615384615383,30.0,-1.3846153846153832,27.95994231042678,28.998178261181707,1.0382359507549275,4752,4640,923,931,4640,"Philadelphia-Camden-Wilmington, PA-NJ-DE-MD","Philadelphia, PA",394974,7.471158040772474,1642.5671728268271,1765.2859622345677
33700,17.236147650790066,16.454027588154986,-0.7821200626350802,3.015919093548085,3.0663805436337626,0.050461450085677484,4.12707182320442,4.268478779208393,0.1414069560039728,40.875,40.0,-0.875,33.17868338557994,33.2,0.021316614420065605,21.01814272275232,22.358831710709318,1.340688987956998,528,521,78,75,521,"Modesto, CA","Modesto, CA",394871,7.485695691246004,1906.8981371269795,2049.642728814344
16860,28.05987855704541,27.335596276003887,-0.7242822810415213,2.853526924788607,2.899886644682605,0.04635971989399801,4.1061971517578995,3.976659109645507,-0.1295380421123924,32.313341493268055,29.23846153846154,-3.0748799548065158,25.938864628820962,28.168421052631583,2.229556423810621,24.930908472847793,18.253006366423012,-6.677902106424781,528,610,137,173,528,"Chattanooga, TN-GA","Chattanooga, TN",394460,7.579203548327285,1381.1994173906812,1485.8833326430315
24860,26.389686702513348,28.622736072662796,2.2330493701494483,3.1426634313445616,3.1767122854704635,0.03404885412590186,4.43141592920354,4.453080059420335,0.02166413021679503,33.989999999999995,31.816023738872403,-2.173976261127592,29.333333333333332,26.541176470588233,-2.7921568627450988,23.182406471183015,22.911014845900457,-0.27139162528255767,837,877,197,221,837,"Greenville-Anderson-Mauldin, SC","Greenville, SC",394653,7.714330567930581,1382.8769674514672,1489.5566680684472
46520,25.000600014400348,22.964573570759136,-2.0360264436412123,3.083712,2.9676123934833,-0.1160996065166997,4.07504,3.868621241307258,-0.20641875869274262,37.9746835443038,38.094946401225116,0.12026285692131466,33.800000000000004,28.57941176470588,-5.220588235294123,22.911503226679905,22.96855397482678,0.0570507481468745,1156,1195,260,267,1156,"Urban Honolulu, HI","Urban Honolulu, HI",753924,7.744353286589899,2410.6524502381685,2597.341892496448
19820,19.860829287921984,20.491883247718953,0.6310539597969687,2.8005474786882067,2.8900204930758244,0.08947301438761768,4.157949756975504,4.358401126084167,0.2004513691086629,29.53629976580796,34.52023121387283,4.983931448064872,30.420907840440165,30.270000000000003,-0.15090784044016203,24.842692754464935,22.88748529719801,-1.9552074572669262,2718,2729,535,526,2718,"Detroit-Warren-Dearborn, MI","Detroit, MI",394532,7.832703352063958,1289.5743134124186,1390.582843886429
10900,17.196064723345188,18.698018590998043,1.5019538676528548,2.6577893000235684,2.9216680294358137,0.2638787294122453,4.15549139759604,4.234559825565549,0.07906842796950908,31.636363636363633,37.89473684210527,6.258373205741634,32.0,32.068965517241374,0.06896551724137368,19.044707049004213,30.130739544774357,11.086032495770144,650,643,107,114,643,"Allentown-Bethlehem-Easton, PA-NJ","Allentown, PA",394318,8.257817057796016,1538.7712550586614,1665.8401702393573
40060,23.880089604973197,26.597933417769397,2.7178438127962004,3.0535387431360586,2.8489797677274784,-0.20455897540858015,4.402811673784828,4.013617461377691,-0.38919421240713703,33.65142857142857,33.15183246073298,-0.4995961106955846,30.545454545454547,30.457765667574932,-0.08768887787961432,24.8292025221081,20.845770816158286,-3.9834317059498154,1270,1256,294,309,1256,"Richmond, VA","Richmond, VA",395022,8.453701399408558,1436.4526351484049,1557.8860516677867
47900,25.438291502179084,24.81804879902706,-0.620242703152023,2.7143080873035834,2.753502995731322,0.03919490842773854,3.8527997797952667,3.9474407074902853,0.09464092769501864,31.334622823984525,30.724373576309794,-0.6102492476747301,27.979274611398964,28.64516129032258,0.6658866789236164,28.642328093277804,32.16426592797784,3.521937834700033,6727,6768,1760,1698,6727,"Washington-Arlington-Alexandria, DC-VA-MD-WV","Washington, DC",395209,8.461462418519666,2121.822702144765,2301.359932674363
23420,14.758547407418042,15.826302322285136,1.067754914867093,3.073020042809885,3.110770681121848,0.03775063831196279,4.081922553025881,4.0294131510723545,-0.05250940195352616,40.57931034482758,32.679611650485434,-7.899698694342149,32.4,35.0,2.6000000000000014,25.664319080129356,25.825440213590998,0.16112113346164136,1019,1115,138,158,1019,"Fresno, CA","Fresno, CA",394619,8.631027110638513,1617.2954696710938,1756.8846801175343
38300,21.693970994007834,22.413686300945578,0.7197153069377435,2.8838482732329447,2.8091560859033344,-0.07469218732961025,4.458091458871233,4.283477751946807,-0.17461370692442646,27.631578947368425,29.049773755656112,1.4181948082876872,26.800804828973845,27.154549831487724,0.35374500251387886,23.942745723655058,28.155848416908185,4.213102693253127,2207,2209,463,458,2207,"Pittsburgh, PA","Pittsburgh, PA",394982,8.646472493375756,1262.4319551928068,1371.5877869461385
12540,11.536209436742094,15.882458476152706,4.346249039410612,3.140319279574294,3.407193816884661,0.26687453731036737,4.131068358575522,4.608501783590963,0.47743342501544106,38.473846153846154,31.2,-7.273846153846154,34.10526315789474,34.42006269592476,0.31479953803002303,18.62263731376473,22.883644522798303,4.261007209033572,915,1009,100,144,915,"Bakersfield, CA","Bakersfield, CA",394357,8.698277025673407,1549.5186425616375,1684.300066656103
13820,24.475801029810725,24.67395653842699,0.19815550861626363,2.9680723864921634,3.1099821274905675,0.14190974099840403,4.380287607044757,4.543059508836963,0.16277190179220646,38.2,31.54189944134078,-6.658100558659221,31.401869158878505,29.37272727272727,-2.0291418861512334,23.42907171983689,21.121553830982293,-2.3075178888545977,864,848,196,199,848,"Birmingham-Hoover, AL","Birmingham, AL",394388,8.736467482717858,1236.149182149122,1344.1449534854628
30780,21.004353971220155,27.994087157571567,6.989733186351412,2.9704195456803504,3.036759976982703,0.06634043130235279,4.045567447951949,4.511119385302779,0.46555193735083034,32.31496062992126,30.20840950639854,-2.1065511235227206,26.16,28.26666666666667,2.106666666666669,20.34640522875817,17.86071463248859,-2.4856905962695777,630,608,136,157,608,"Little Rock-North Little Rock-Conway, AR","Little Rock, AR",394798,8.758710428510327,1072.8775247308788,1166.8477603746258
46140,29.101408940685335,24.03126346402413,-5.070145476661207,2.8755558743365373,2.916239459898591,0.04068358556205354,4.17008559269354,4.130319074432025,-0.03976651826151478,30.24827586206896,29.264957264957264,-0.9833185971116976,26.769230769230766,27.378947368421052,0.6097165991902855,19.88266794696606,23.417541820596902,3.5348738736308434,1173,1136,309,264,1136,"Tulsa, OK","Tulsa, OK",395169,8.829106832987303,1195.990636784709,1301.5859278189562
22180,30.523181469438455,29.3219679118087,-1.2012135576297567,3.259081931892992,3.225296995108316,-0.03378493678467587,4.522233526841822,4.525786163522013,0.0035526366801912346,33.04615384615385,34.72727272727273,1.681118881118877,31.319999999999997,33.14285714285714,1.822857142857142,18.732724452869206,23.427171306433113,4.694446853563907,631,598,173,167,598,"Fayetteville, NC","Fayetteville, NC",394589,8.976779411476327,1296.1614577154353,1412.515012591126
41500,15.433441875121922,11.990372043266373,-3.4430698318555493,3.115994166261546,2.5956629491945478,-0.5203312170669983,4.429654837141468,3.712267657992565,-0.7173871791489033,37.16129032258065,33.40588235294118,-3.755407969639471,28.915662650602407,34.248,5.332337349397591,22.144182389937107,25.001709986320108,2.857527596383001,623,619,99,88,619,"Salinas, CA","Salinas, CA",395050,9.157173236642716,2484.3043731678777,2711.796428344351
35620,13.57789490143086,12.777910563532721,-0.7999843378981382,2.5737899556812667,2.594514589233878,0.020724633552611227,3.5326968863410464,3.4988529782859965,-0.03384390805504989,31.428571428571427,31.45478374836173,0.026212319790303695,30.904109589041095,30.342205323193916,-0.5619042658471791,34.458964353079466,34.84289725494789,0.38393290186842677,24835,25135,3562,3306,24835,"New York-Newark-Jersey City, NY-NJ-PA","New York, NY",394913,9.410862816579941,2809.312107988641,3073.692616561022
10740,22.52517143658539,26.260525468182028,3.735354031596639,2.8416849156254025,2.949957947855341,0.10827303222993834,4.282279187599296,4.255116344266891,-0.027162843332405373,39.839999999999996,34.096916299559474,-5.743083700440522,33.506493506493506,27.586206896551722,-5.920286609941783,22.138918345705196,21.416192756659683,-0.7227255890455133,712,745,162,182,712,"Albuquerque, NM","Albuquerque, NM",394312,9.568392550484317,1355.0880529368349,1484.748197246546
10580,27.607915066917442,19.92082652311476,-7.687088543802684,2.8627329542255504,2.6239367707941286,-0.23879618343142184,4.183914194020607,3.621151674821227,-0.5627625191993801,31.862068965517242,32.78688524590164,0.9248162803843947,30.48,27.54098360655738,-2.9390163934426212,24.863626502364735,18.772645437155397,-6.090981065209338,1079,1061,262,197,1061,"Albany-Schenectady-Troy, NY","Albany, NY",394308,9.622094204730477,1365.3705782459826,1496.7478215284843
18140,25.881019793652932,28.40918228515003,2.528162491497099,2.871686739516019,2.821522785168412,-0.05016395434760712,4.110439948897957,4.074973110670818,-0.03546683822713881,31.363636363636367,32.211235955056175,0.847599591419808,27.64227642276423,29.267326732673265,1.6250503099090352,24.278787997800645,20.873480952536934,-3.4053070452637115,2382,2211,609,583,2211,"Columbus, OH","Columbus, OH",394492,9.624555520169578,1284.9830588656584,1408.656966790957
47260,26.217998693609218,25.66510425739646,-0.5528944362127568,2.9554601858102676,3.0728785200151534,0.11741833420488579,4.367409264795705,4.416403586311403,0.04899432151569805,34.52173913043478,33.79746835443038,-0.7242707760044027,31.486880466472307,32.28373702422145,0.7968565577491447,22.464147440396676,24.3167011434157,1.852553703019023,1817,1923,442,462,1817,"Virginia Beach-Norfolk-Newport News, VA-NC","Virginia Beach, VA",395194,9.737606768360349,1521.7169479431325,1669.8957604613295
21340,23.67108844184763,27.416561253284033,3.7454728114364038,3.071678391959799,2.817504258943782,-0.2541741330160172,4.098532663316583,3.832694491766042,-0.26583817155054046,36.46153846153846,36.8,0.33846153846153726,32.625,31.28834355828221,-1.336656441717789,21.556498289923706,20.725223595099003,-0.8312746948247032,856,758,183,187,758,"El Paso, TX","El Paso, TX",394561,10.017509287209084,1308.9958873767252,1440.1246719638737
26900,25.986652510238134,24.078271381081898,-1.9083811291562363,2.8653329831319674,2.811570815963662,-0.053762167168305286,4.296605965096597,4.083942205686793,-0.21266375940980353,32.45217391304348,29.4,-3.0521739130434824,29.259259259259256,28.57142857142857,-0.6878306878306866,26.615256806994953,23.947347724403418,-2.6679090825915353,1702,1738,403,402,1702,"Indianapolis-Carmel-Anderson, IN","Indianapolis, IN",394705,10.11688591718104,1302.4224219125715,1434.1870124972527
49180,20.682416025900448,25.747671806778893,5.065255780878445,3.168338021279198,2.9877965104881397,-0.18054151079105818,4.520667726550079,4.513183689472652,-0.007484037077427175,27.82489740082079,37.08,9.255102599179207,25.662133142448102,31.6,5.937866857551899,23.842497482376636,19.946007876834944,-3.896489605541692,606,532,128,130,532,"Winston-Salem, NC","Winston, NC",395235,10.161570922633834,1268.3622236222507,1397.2477505315212
24340,30.708134353707518,29.75335036762789,-0.9547839860796294,2.9464163711487785,2.8672929300010517,-0.07912344114772685,4.197677066727397,4.229345578183603,0.03166851145620608,33.784615384615385,30.364372469635626,-3.4202429149797595,27.0,27.74566473988439,0.7456647398843899,20.365841097429655,20.518669537728503,0.15282844029884757,565,588,158,170,565,"Grand Rapids-Wyoming, MI","Grand Rapids, MI",394640,10.229174042130925,1416.2005209517968,1561.066137025521
45780,19.341219381190903,22.18546210257268,2.844242721381775,2.789912167398605,2.8945895020188424,0.10467733462023743,4.178506845776285,4.210390309555855,0.031883463779569965,34.52991452991453,31.35,-3.1799145299145266,27.62979683972912,27.61061946902655,-0.01917737070257175,16.368522248672406,21.34024459382846,4.971722345156053,635,660,125,133,635,"Toledo, OH","Toledo, OH",395160,10.254165185220478,980.6826157485319,1081.2434311101274
14860,20.191594449369493,18.026634698079278,-2.1649597512902155,2.8493795080865554,2.6923039853501036,-0.15707552273645176,3.9037229514806686,3.8350440942605175,-0.0686788572201511,37.36178467507275,35.327999999999996,-2.033784675072752,31.16883116883117,32.36697247706422,1.1981413082330548,29.77250267094017,28.177879050925927,-1.594623620014243,846,862,166,134,846,"Bridgeport-Stamford-Norwalk, CT","Bridgeport, CT",394415,10.335263494812274,2340.749534963868,2582.6721671559767
24660,21.334691029775037,23.863569240635574,2.5288782108605368,3.0809174474102883,2.9154526166902404,-0.16546483072004792,4.558423192504861,3.948939179632249,-0.6094840128726124,30.4,35.4,5.0,28.000000000000004,30.72,2.7199999999999953,26.7245545521113,22.511872935996227,-4.2126816161150735,744,790,159,154,744,"Greensboro-High Point, NC","Greensboro, NC",394648,10.871362595691203,1212.87123027341,1344.7268595352532
41180,22.678708685626443,25.030672978856195,2.351964293229752,2.898152855448229,2.8221049174744883,-0.07604793797374088,4.213379740070131,4.012807570210541,-0.2005721698595906,30.0,30.416666666666664,0.4166666666666643,27.42857142857143,26.088,-1.3405714285714296,22.58220378240116,21.83230400348761,-0.749899778913548,2358,2286,510,493,2286,"St. Louis, MO-IL","St. Louis, MO",395121,10.95875881789076,1197.8103276968393,1329.0754726049229
33340,21.61047213260104,22.282035991733174,0.6715638591321351,2.765133815791973,2.604483630897826,-0.16065018489414706,3.925997682678975,3.792040913590204,-0.13395676908877086,31.318681318681318,29.161290322580648,-2.15739099610067,27.893462469733656,28.5765306122449,0.6830681425112424,20.222428051604368,23.681704816272237,3.4592767646678695,1193,1154,257,228,1154,"Milwaukee-Waukesha-West Allis, WI","Milwaukee, WI",394862,10.999326674000228,1237.8906673272027,1374.050305693483
22220,25.094872175780246,23.049280662323977,-2.0455915134562694,3.192390485415994,3.1561811370647863,-0.036209348351207815,4.040307824776666,4.064841339797267,0.024533515020601193,28.152,27.194594594594594,-0.9574054054054066,23.448,26.526315789473685,3.0783157894736846,16.766038993501084,18.172390796932312,1.4063518034312281,506,577,135,129,506,"Fayetteville-Springdale-Rogers, AR-MO","Fayetteville, AR",394590,11.057849197580365,1346.2046236698777,1495.065900846147
48620,27.036501296636562,25.227768186801413,-1.8087331098351491,3.025690461271509,2.6771728271728272,-0.34851763409868175,4.265484166385502,3.851198801198801,-0.41428536518670045,36.0,29.333333333333332,-6.666666666666668,26.232558139534884,25.357142857142854,-0.87541528239203,21.380726138136435,16.230206095329038,-5.150520042807397,529,542,135,118,529,"Wichita, KS","Wichita, KS",395224,11.14790282922538,990.8460787497696,1101.304636795984
14460,23.446942598742353,21.538006028547187,-1.9089365701951664,2.7445373761597502,2.77589959650217,0.03136222034241998,3.814404349916599,3.844239654799333,0.029835304882734004,32.92270531400966,32.20408163265306,-0.718623681356604,30.73170731707317,29.92,-0.8117073170731679,29.289377467947155,31.286703447254414,1.9973259793072593,6291,6325,1557,1443,6291,"Boston-Cambridge-Newton, MA-NH","Boston, MA",394404,11.150515921561901,2658.6842487783506,2955.141259242439
28140,27.728514642494307,23.639734938294122,-4.088779704200185,2.877786473154999,2.9524952495249526,0.07470877636995343,4.224435590969455,4.247610475333247,0.023174884363792003,30.104979811574694,30.220000000000002,0.11502018842530859,27.946666666666665,27.857142857142858,-0.08952380952380778,19.643786726269873,20.42731725540658,0.7835305291367085,2091,1983,539,456,1983,"Kansas City, MO-KS","Kansas City, MO",394735,11.239509242236,1236.9443576239144,1375.970833020371
17900,30.587778209468837,29.010900198938995,-1.5768780105298426,3.0925784794048266,3.1390406800242867,0.04646220061946016,4.371692977681001,4.449694631951141,0.07800165427013983,34.334277620396605,38.363076923076925,4.028799302680319,33.28,31.69811320754717,-1.5818867924528313,29.706462752836703,22.947670176170124,-6.758792576666579,678,633,184,173,633,"Columbia, SC","Columbia, SC",394486,11.334038262277458,1298.6546129665342,1445.8446236949924
40380,19.949724970166855,21.861142002004474,1.911417031837619,2.891303578381057,2.7912453683351126,-0.1000582100459444,4.443563515378898,4.158261634114174,-0.2853018812647239,32.76923076923077,30.2,-2.569230769230767,30.0,29.586206896551726,-0.413793103448274,19.860599770579558,17.269240311616137,-2.591359458963421,1275,1348,245,268,1275,"Rochester, NY","Rochester, NY",395031,11.336311040661402,1241.0362376729197,1381.7239657028438
15380,16.476657498101982,20.314100845074297,3.8374433469723144,2.913396532839823,2.946010899367024,0.03261436652720118,4.234543188427692,4.234099448261856,-0.00044374016583592635,31.680000000000003,31.2,-0.480000000000004,29.268292682926827,27.906976744186046,-1.3613159387407805,19.851354022534096,23.413392586607415,3.562038564073319,1276,1180,210,217,1180,"Buffalo-Cheektowaga-Niagara Falls, NY","Buffalo, NY",394425,11.614419399395311,1161.6582200697078,1296.5780777361542
36540,24.778263315017522,27.50917232618708,2.730909011169558,2.863541121005762,2.6361056650500463,-0.22743545595571568,4.226616611373029,3.7842069961820246,-0.44240961519100397,30.330000000000002,30.741704619388422,0.41170461938841996,28.53818181818182,27.84375,-0.694431818181819,16.94280266920877,19.248847229571396,2.3060445603626256,877,916,215,237,877,"Omaha-Council Bluffs, NE-IA","Omaha, NE",394938,11.681577577711446,1176.8987619548077,1314.379103843684
17140,23.021954976814197,24.55412276505079,1.5321677882365918,2.8244057753865013,2.8631564638180254,0.03875068843152407,4.132874753115848,4.0133520624707355,-0.11952269064511256,32.592592592592595,32.95774647887324,0.3651538862806447,27.76,28.74251497005988,0.9825149700598779,21.227678690447625,21.07672967475029,-0.15094901569733565,1743,1841,408,410,1743,"Cincinnati, OH-KY-IN","Cincinnati, OH",394466,11.697813651180649,1305.4714501050944,1458.183067607754
16980,22.437039515793217,21.501853140493246,-0.9351863752999705,2.592829248335627,2.6128148513199405,0.019985602984313733,3.70249191058876,3.639023519505163,-0.06346839108359736,30.830769230769228,32.36842105263158,1.5376518218623545,29.401088929219597,29.294117647058826,-0.1069712821607709,30.36397713207992,29.1922167980542,-1.1717603340257199,7626,7576,1614,1511,7576,"Chicago-Naperville-Elgin, IL-IN-WI","Chicago, IL",394463,11.79203887398772,1742.525845357977,1948.0051704318728
16700,27.54727059074885,30.92796769532255,3.3806971045736987,3.058013727847365,2.8762200390412493,-0.18179368880611557,4.279132896420677,4.028096899100771,-0.25103599731990567,34.74,34.260000000000005,-0.4799999999999969,30.830769230769228,30.72,-0.11076923076922895,24.748880091676217,21.885895329734804,-2.862984761941412,745,758,224,240,745,"Charleston-North Charleston, SC","Charleston, SC",394457,11.807532944720185,1700.7481378731366,1901.5645345592222
31140,24.34515050167224,23.21889418941112,-1.1262563122611198,2.747554676338059,2.8181486471314696,0.07059397079341068,4.027200791295747,4.078393398450657,0.05119260715490981,31.89041095890411,33.714285714285715,1.8238747553816061,28.799999999999997,27.841121495327105,-0.9588785046728923,20.58412115238138,22.171016260162602,1.5868951077812241,1146,1193,264,262,1146,"Louisville/Jefferson County, KY-IN","Louisville, KY",394807,12.219079150981319,1164.6593752694491,1306.9700261729477
19380,26.975826344351255,22.35589335700762,-4.619932987343635,3.0189532486533217,2.9884512521274007,-0.030501996525921005,4.350103079071624,4.241227003809061,-0.10887607526256282,26.8,30.55,3.75,28.08,29.05263157894737,0.9726315789473716,19.25992258064516,21.028656515143002,1.7687339344978419,783,793,183,171,783,"Dayton, OH","Dayton, OH",845158,12.281809158076117,1091.4913459134384,1225.5462299954434
28940,24.1089250071286,22.50525595267198,-1.6036690544566206,2.9080003379234602,3.052096458831197,0.14409612090773694,4.162329982259019,4.374538344557897,0.2122083622988784,31.88108108108108,36.22641509433962,4.34533401325854,27.27272727272727,28.251428571428573,0.9787012987013028,23.559537798668234,20.71436581111388,-2.8451719875543553,896,910,212,205,896,"Knoxville, TN","Knoxville, TN",394753,12.589596289237997,1502.8479766734029,1692.050469777566
45060,19.8432605375517,23.683861556822702,3.840601019271002,2.62623595505618,2.8216430825613354,0.19540712750515565,3.80438202247191,4.120635243815535,0.3162532213436249,36.96,32.54328358208956,-4.416716417910443,26.666666666666668,28.936170212765955,2.269503546099287,18.80609300746775,20.567624223602486,1.7615312161347347,953,917,160,184,917,"Syracuse, NY","Syracuse, NY",395143,12.644214330107129,1285.7024166540664,1448.2693858631735
17460,24.374956112956934,24.197444184546818,-0.17751192841011587,2.8350365406192193,2.7459078436938213,-0.08912869692539793,4.183203444825181,4.0804396505503515,-0.1027637942748294,31.555555555555554,29.537142857142857,-2.018412698412696,28.999999999999996,28.259385665529006,-0.7406143344709903,22.546337423774748,21.49427076997932,-1.0520666537954284,2025,1949,424,431,1949,"Cleveland-Elyria, OH","Cleveland, OH",394475,12.698668854223987,1143.8125355093425,1289.061501706777
10420,25.28448286027617,20.951788966314435,-4.332693893961736,2.990579237011473,3.028053921823765,0.037474684812292214,4.394879209029009,4.451829490449175,0.056950281420165894,31.367781155015194,36.83076923076923,5.4629880757540334,28.5995085995086,27.200000000000003,-1.3995085995085965,21.211695818632236,24.494597171460352,3.282901352828116,643,628,147,134,628,"Akron, OH","Akron, OH",394304,13.084116720198512,1027.314336315608,1161.7293431624748
39300,16.713999898268874,17.35540310906917,0.6414032108002949,2.809845045776166,2.892466879412049,0.08262183363588305,4.061702721209201,4.042500725268349,-0.019201995940852257,29.72809667673716,31.11111111111111,1.3830144343739512,29.024390243902438,30.05366726296959,1.0292770190671519,26.529686031208875,26.650089874176153,0.1204038429672778,1841,1838,304,306,1838,"Providence-Warwick, RI-MA","Providence, RI",395005,14.14569693397832,1700.533525778873,1941.0858445962483
49340,17.495400348856656,17.397096155296207,-0.09830419356044828,2.9385413821360284,2.6832651095593545,-0.25527627257667396,4.415551306564691,3.682639056104021,-0.7329122504606698,30.11320754716981,30.836363636363632,0.7231560891938216,29.841269841269842,30.664670658682635,0.8234008174127929,29.243548502394738,32.11304161304162,2.8694931106468786,1073,963,184,146,963,"Worcester, MA-CT","Worcester, MA",395238,14.778757104295511,1701.2334903112649,1952.6546556212954
25540,19.44270637800859,22.473333605786912,3.0306272277783215,2.6268683401272974,2.6939140449778747,0.06704570485057726,3.7325681184295214,3.7945080923804326,0.06193997395091122,30.136986301369863,29.333333333333332,-0.8036529680365305,30.996309963099634,30.11406844106464,-0.8822415220349953,28.59228321400159,19.735721153846153,-8.856562060155436,1150,1170,205,250,1150,"Hartford-West Hartford-East Hartford, CT","Hartford, CT",394669,14.803701116697276,1536.2735402547996,1763.6988834890242
44140,16.634877384196187,16.787335409085795,0.1524580248896079,2.9488496761224035,2.971247672253259,0.022397996130855358,4.286575832030377,4.133631284916201,-0.15294454711417593,37.5,30.858995137763372,-6.641004862236628,32.516129032258064,33.91304347826087,1.3969144460028033,19.274810884046516,17.775290130430317,-1.4995207536161992,629,626,93,100,626,"Springfield, MA","Springfield, MA",395115,15.23997571594801,1542.6763248640157,1777.7798221489709
35300,17.324260106357187,16.130433409148345,-1.1938266972088414,2.6939261056167196,2.8032313341493267,0.10930522853260705,3.838262735584997,4.085630354957161,0.24736761937216345,36.3,37.46666666666666,1.1666666666666643,31.442307692307693,31.385365853658538,-0.056941838649155585,26.16243258586432,23.889296956977965,-2.2731356288863545,920,876,169,146,876,"New Haven-Milford, CT","New Haven, CT",394908,15.803015960672164,1611.071967229814,1865.6699273490565
