year,MET2013,n_unweighted,n_movers_unweighted,mover_rate,mover_avg_bedrooms,mover_avg_rooms,mover_median_burden,nonmover_median_burden,mover_avg_trantime,CBSA_Name,zori_name
2022,10420,643,147,25.28448286027617,2.990579237011473,4.394879209029009,31.367781155015194,28.5995085995086,21.211695818632236,"Akron, OH","Akron, OH"
2022,10540,139,29,24.75135171216875,3.1817691477885655,4.374325782092773,34.16856492027335,37.86252771618625,26.902939804013066,"Albany, OR","Albany, OR"
2022,10580,1079,262,27.607915066917442,2.8627329542255504,4.183914194020607,31.862068965517242,30.48,24.863626502364735,"Albany-Schenectady-Troy, NY","Albany, NY"
2022,10740,712,162,22.52517143658539,2.8416849156254025,4.282279187599296,39.839999999999996,33.506493506493506,22.138918345705196,"Albuquerque, NM","Albuquerque, NM"
2022,10900,650,107,17.196064723345188,2.6577893000235684,4.15549139759604,31.636363636363633,32.0,19.044707049004213,"Allentown-Bethlehem-Easton, PA-NJ","Allentown, PA"
2022,11100,302,56,18.65391945114979,2.9586242124978717,4.104035416311936,32.4,31.57894736842105,24.26602086438152,"Amarillo, TX","Amarillo, TX"
2022,11260,280,68,21.90548635542455,3.0072054865873774,4.112075701015713,29.793103448275858,27.243243243243242,20.9046565774156,"Anchorage, AK","Anchorage, AK"
2022,11460,378,122,37.415125686217856,3.258217095419663,4.646749360490372,38.14502529510961,29.493558418480674,21.959315375982044,"Ann Arbor, MI","Ann Arbor, MI"
2022,11700,510,86,14.740908768696393,3.0182736234671794,4.336619379658572,31.675213675213676,28.223350253807105,24.042264344262296,"Asheville, NC","Asheville, NC"
2022,12060,5076,1137,21.88309110663332,3.017782157585192,4.415912928312735,34.65,30.671641791044774,27.023028691656286,"Atlanta-Sandy Springs-Roswell, GA","Atlanta, GA"
2022,12100,196,23,11.995415308571223,2.77246939384891,3.7990444908928036,25.643835616438356,35.76,29.992010092514718,"Atlantic City-Hammonton, NJ","Atlantic City, NJ"
2022,12260,466,130,27.167190868289925,3.330731707317073,4.66959349593496,32.28292682926829,28.13793103448276,23.713309647444657,"Augusta-Richmond County, GA-SC","Augusta, GA"
2022,12420,2682,888,33.58376857163733,2.800955760444721,3.736693248910328,30.08823529411765,28.363636363636363,21.533437602482277,"Austin-Round Rock, TX","Austin, TX"
2022,12540,915,100,11.536209436742094,3.140319279574294,4.131068358575522,38.473846153846154,34.10526315789474,18.62263731376473,"Bakersfield, CA","Bakersfield, CA"
2022,12580,2617,571,21.5679011625533,2.8669082746216987,4.248387402128494,34.53488372093023,30.0,27.622240733027905,"Baltimore-Columbia-Towson, MD","Baltimore, MD"
2022,12620,127,24,20.44160309444504,3.0218134034165574,4.286990801576873,36.83168316831683,27.6,11.191225560324273,"Bangor, ME","Bangor, ME"
2022,12700,152,22,15.830254515599343,2.647325769854133,3.792220421393841,32.0,32.19512195121951,20.312122874382887,"Barnstable Town, MA","Barnstable Town, MA"
2022,12940,556,142,28.188154071355225,3.1091303673849016,4.218183227406604,32.0668969278313,31.21860465116279,20.101364522417153,"Baton Rouge, LA","Baton Rouge, LA"
2022,13140,279,55,18.91440035666518,3.2420742486741307,4.728933411903359,35.52870090634441,30.909090909090907,25.786233722306783,"Beaumont-Port Arthur, TX","Beaumont, TX"
2022,13380,264,65,27.04907624912704,2.661190001173571,3.561788522473888,44.608695652173914,30.627615062761503,18.51915285451197,"Bellingham, WA","Bellingham, WA"
2022,13820,864,196,24.475801029810725,2.9680723864921634,4.380287607044757,38.2,31.401869158878505,23.42907171983689,"Birmingham-Hoover, AL","Birmingham, AL"
2022,13980,239,74,31.42217552195167,3.204856062808956,4.435155568479209,42.53968253968254,27.056603773584904,14.358379148849522,"Blacksburg-Christiansburg-Radford, VA","Blacksburg, VA"
2022,14010,179,52,31.4480602529487,3.087663804789878,3.9439674649796657,31.480000000000004,27.504761904761903,15.325593952483802,"Bloomington, IL","Bloomington, IL"
2022,14020,167,58,35.13658275307981,3.063044425087108,4.043771777003484,59.81818181818181,26.304950495049507,22.6734865470852,"Bloomington, IN","Bloomington, IN"
2022,14260,657,169,29.49812307196749,3.449055018899622,4.674128517429652,33.33333333333333,30.930000000000003,19.64316538371822,"Boise City, ID","Boise City, ID"
2022,14460,6291,1557,23.446942598742353,2.7445373761597502,3.814404349916599,32.92270531400966,30.73170731707317,29.289377467947155,"Boston-Cambridge-Newton, MA-NH","Boston, MA"
2022,14740,263,70,26.3593609070996,3.4849077355493097,5.027007210069657,29.336842105263155,28.285714285714285,38.85877551020408,"Bremerton-Silverdale, WA","Bremerton, WA"
2022,14860,846,166,20.191594449369493,2.8493795080865554,3.9037229514806686,37.36178467507275,31.16883116883117,29.77250267094017,"Bridgeport-Stamford-Norwalk, CT","Bridgeport, CT"
2022,15180,354,66,20.401121414707784,2.669720460418135,3.286351891003054,32.72727272727273,30.0,15.671679728871002,"Brownsville-Harlingen, TX","Brownsville, TX"
2022,15380,1276,210,16.476657498101982,2.913396532839823,4.234543188427692,31.680000000000003,29.268292682926827,19.851354022534096,"Buffalo-Cheektowaga-Niagara Falls, NY","Buffalo, NY"
2022,15500,181,45,25.128288011636833,3.2781797716674705,4.801736613603473,35.12195121951219,24.576,25.129995793016406,"Burlington, NC","Burlington, NC"
2022,15940,361,51,18.639199317804408,3.0522513845412953,4.835781362870215,24.0,23.217391304347824,22.00776119402985,"Canton-Massillon, OH","Canton, OH"
2022,15980,695,141,20.586359205189616,3.0134463607132416,4.420520315697164,34.67889908256881,33.111111111111114,26.873388855839778,"Cape Coral-Fort Myers, FL","Cape Coral, FL"
2022,16620,178,42,27.258750113050557,2.8578301260783014,4.112309223623092,34.714285714285715,26.481675392670155,13.890888950429243,"Charleston, WV","Charleston, WV"
2022,16700,745,224,27.54727059074885,3.058013727847365,4.279132896420677,34.74,30.830769230769228,24.748880091676217,"Charleston-North Charleston, SC","Charleston, SC"
2022,16740,2681,697,24.87925137289535,3.0495455911939504,4.2783918784543165,30.153846153846153,29.724770642201836,24.20041624479694,"Charlotte-Concord-Gastonia, NC-SC","Charlotte, NC"
2022,16860,528,137,28.05987855704541,2.853526924788607,4.1061971517578995,32.313341493268055,25.938864628820962,24.930908472847793,"Chattanooga, TN-GA","Chattanooga, TN"
2022,16980,7626,1614,22.437039515793217,2.592829248335627,3.70249191058876,30.830769230769228,29.401088929219597,30.36397713207992,"Chicago-Naperville-Elgin, IL-IN-WI","Chicago, IL"
2022,17020,296,70,28.50365625188856,3.163362662991625,4.6386091381320895,38.08988764044944,33.79061371841155,22.316573033707865,"Chico, CA","Chico, CA"
2022,17140,1743,408,23.021954976814197,2.8244057753865013,4.132874753115848,32.592592592592595,27.76,21.227678690447625,"Cincinnati, OH-KY-IN","Cincinnati, OH"
2022,17300,316,97,32.24977425852608,3.3563787780888794,4.616268217388183,34.146341463414636,27.169811320754718,23.97843794920939,"Clarksville, TN-KY","Clarksville, TN"
2022,17420,118,25,18.73898413715751,2.881145788798632,4.407011543394613,30.76923076923077,30.146341463414632,17.05255402750491,"Cleveland, TN","Cleveland, TN"
2022,17460,2025,424,24.374956112956934,2.8350365406192193,4.183203444825181,31.555555555555554,28.999999999999996,22.546337423774748,"Cleveland-Elyria, OH","Cleveland, OH"
2022,17660,132,33,24.112903225806452,3.3081103678929766,4.8137541806020065,38.54014598540146,28.799999999999997,20.193413173652694,"Coeur d'Alene, ID","Coeur d'Alene, ID"
2022,17780,429,167,41.27827103282823,3.2608414882519496,4.371764939645323,42.66666666666667,32.69230769230769,16.19048423899265,"College Station-Bryan, TX","College Station, TX"
2022,17820,740,220,31.71564130638495,3.1804808260504465,4.580412403197213,34.22053231939163,30.5,20.356379130155158,"Colorado Springs, CO","Colorado Springs, CO"
2022,17900,678,184,30.587778209468837,3.0925784794048266,4.371692977681001,34.334277620396605,33.28,29.706462752836703,"Columbia, SC","Columbia, SC"
2022,18140,2382,609,25.881019793652932,2.871686739516019,4.110439948897957,31.363636363636367,27.64227642276423,24.278787997800645,"Columbus, OH","Columbus, OH"
2022,18580,470,114,27.84892663679529,2.9093474215044726,4.050849492705769,37.66,34.54545454545455,19.2702133836551,"Corpus Christi, TX","Corpus Christi, TX"
2022,18700,159,47,30.905907528694637,3.2570289550986153,4.420898027696182,47.92382967468923,35.42857142857142,13.724619810933005,"Corvallis, OR","Corvallis, OR"
2022,18880,338,102,31.828848987611195,3.3412208504801097,4.387602880658436,35.259445843828715,30.443478260869565,25.348340203948794,"Crestview-Fort Walton Beach-Destin, FL","Crestview, FL"
2022,19100,8311,2159,26.383642283544777,2.7339411306821706,3.83516797663413,33.61714285714286,30.94736842105263,25.054485602936168,"Dallas-Fort Worth-Arlington, TX","Dallas, TX"
2022,19300,117,27,18.899833580713356,2.988100904331271,4.793431699190862,30.352941176470587,30.0,,"Daphne-Fairhope-Foley, AL","Daphne, AL"
2022,19380,783,183,26.975826344351255,3.0189532486533217,4.350103079071624,26.8,28.08,19.25992258064516,"Dayton, OH","Dayton, OH"
2022,19660,516,110,23.273392978415565,3.1318827708703374,4.5074854097944685,32.50883392226148,34.61538461538461,30.20814714745921,"Deltona-Daytona Beach-Ormond Beach, FL","Deltona, FL"
2022,19740,3349,1057,31.844270699518447,2.806016328766312,3.9757659198069564,31.0,30.36734693877551,25.359119792892447,"Denver-Aurora-Lakewood, CO","Denver, CO"
2022,19780,350,108,33.3502024291498,2.6475003075913546,3.6017717262026823,30.748010610079575,28.253968253968253,21.01375515818432,"Des Moines-West Des Moines, IA","Des Moines, IA"
2022,19820,2718,535,19.860829287921984,2.8005474786882067,4.157949756975504,29.53629976580796,30.420907840440165,24.842692754464935,"Detroit-Warren-Dearborn, MI","Detroit, MI"
2022,20020,352,64,15.387126256691474,3.271107339838778,4.815019092066186,26.5,27.085714285714285,23.278557114228455,"Dothan, AL","Dothan, AL"
2022,20100,124,23,16.54470057324064,3.6457795798009585,5.081828234426834,28.641975308641975,33.152542372881356,18.993427230046947,"Dover, DE","Dover, DE"
2022,20940,151,16,11.425377305757406,3.4398238747553815,4.710861056751468,20.96969696969697,33.76623376623377,39.676,"El Centro, CA","El Centro, CA"
2022,21140,152,28,23.524200317075444,3.161546085232904,4.735381565906838,24.208695652173915,29.71764705882353,15.308718861209965,"Elkhart-Goshen, IN","Elkhart, IN"
2022,21340,856,183,23.67108844184763,3.071678391959799,4.098532663316583,36.46153846153846,32.625,21.556498289923706,"El Paso, TX","El Paso, TX"
2022,21500,233,48,18.45626942347942,2.7919243986254294,4.586254295532646,29.820472440944883,28.38221381267739,18.83707283396617,"Erie, PA","Erie, PA"
2022,21660,493,119,27.034677990092003,2.8533422622671374,3.707354194569585,41.294117647058826,32.552404438964246,15.450389863547759,"Eugene, OR","Eugene, OR"
2022,22180,631,173,30.523181469438455,3.259081931892992,4.522233526841822,33.04615384615385,31.319999999999997,18.732724452869206,"Fayetteville, NC","Fayetteville, NC"
2022,22220,506,135,25.094872175780246,3.192390485415994,4.040307824776666,28.152,23.448,16.766038993501084,"Fayetteville-Springdale-Rogers, AR-MO","Fayetteville, AR"
2022,22380,170,42,26.87462228627214,3.0020757654385055,3.9110880470506832,31.317073170731707,25.353191489361706,10.879089979550102,"Flagstaff, AZ","Flagstaff, AZ"
2022,22660,410,114,31.330192368572973,3.2181407513076556,4.688540180694246,40.114285714285714,29.53846153846154,22.38499107729877,"Fort Collins, CO","Fort Collins, CO"
2022,23060,352,81,24.6811109100778,2.9047924493723083,4.184917071382754,27.92727272727273,27.286821705426355,21.586931601069928,"Fort Wayne, IN","Fort Wayne, IN"
2022,23420,1019,138,14.758547407418042,3.073020042809885,4.081922553025881,40.57931034482758,32.4,25.664319080129356,"Fresno, CA","Fresno, CA"
2022,23540,371,133,35.11878224316923,3.216177003989844,4.4388223914883325,41.12727272727273,36.61538461538461,16.63457681508223,"Gainesville, FL","Gainesville, FL"
2022,23580,166,43,30.044145680746464,3.2022040407413592,4.411921856737352,40.56,30.724137931034484,24.267355590885003,"Gainesville, GA","Gainesville, GA"
2022,24020,157,23,17.419150786747846,2.5333635950975943,3.633681343622333,28.6875,29.7,16.19709090909091,"Glens Falls, NY","Glens Falls, NY"
2022,24140,140,26,20.689655172413794,3.4232758620689654,4.622126436781609,25.631067961165048,31.21951219512195,14.420634920634921,"Goldsboro, NC","Goldsboro, NC"
2022,24300,117,31,33.357395509997836,2.928370482579528,3.628435403592296,40.16842105263158,25.524861878453038,13.05395537525355,"Grand Junction, CO","Grand Junction, CO"
2022,24340,565,158,30.708134353707518,2.9464163711487785,4.197677066727397,33.784615384615385,27.0,20.365841097429655,"Grand Rapids-Wyoming, MI","Grand Rapids, MI"
2022,24540,202,49,27.250331627818834,2.9456189151599443,4.595132127955494,41.284403669724774,28.825806451612902,24.54343882281798,"Greeley, CO","Greeley, CO"
2022,24660,744,159,21.334691029775037,3.0809174474102883,4.558423192504861,30.4,28.000000000000004,26.7245545521113,"Greensboro-High Point, NC","Greensboro, NC"
2022,24780,218,53,25.790414986813786,3.2521156558533146,4.196520921485661,32.4,25.684210526315788,17.922579517651172,"Greenville, NC","Greenville, NC"
2022,24860,837,197,26.389686702513348,3.1426634313445616,4.43141592920354,33.989999999999995,29.333333333333332,23.182406471183015,"Greenville-Anderson-Mauldin, SC","Greenville, SC"
2022,25060,369,90,22.72180384118355,3.213865463816435,4.402431849382232,32.175824175824175,30.638297872340424,20.851693667157583,"Gulfport-Biloxi-Pascagoula, MS","Gulfport, MS"
2022,25260,130,16,20.16475433951162,3.5625911876276626,4.701488182083455,53.86666666666666,28.65,20.408275357012084,"Hanford-Corcoran, CA","Hanford, CA"
2022,25420,488,85,23.444603023575432,2.6198072261991996,3.898201905191365,33.473684210526315,24.0,24.080589553525254,"Harrisburg-Carlisle, PA","Harrisburg, PA"
2022,25500,160,42,26.99024965177328,3.499007542675665,4.742953552997221,40.507936507936506,27.25497287522604,23.228843106180666,"Harrisonburg, VA","Harrisonburg, VA"
2022,25540,1150,205,19.44270637800859,2.6268683401272974,3.7325681184295214,30.136986301369863,30.996309963099634,28.59228321400159,"Hartford-West Hartford-East Hartford, CT","Hartford, CT"
2022,25620,145,40,25.00381078197246,3.091241617557407,4.485267222109328,23.575384615384614,28.888888888888886,26.912962470055895,"Hattiesburg, MS","Hattiesburg, MS"
2022,25860,289,51,17.27477040037735,2.964664310954064,4.269675554127851,30.679611650485437,26.88,21.74345102505695,"Hickory-Lenoir-Morganton, NC","Hickory, NC"
2022,26420,6519,1572,26.614007489200596,2.720665625284358,3.781609238982074,32.44285714285714,30.659999999999997,26.36287089911544,"Houston-The Woodlands-Sugar Land, TX","Houston, TX"
2022,26620,372,93,25.948619116016076,2.9854960762331837,4.48122197309417,25.835694050991503,25.765714285714285,18.863028001898435,"Huntsville, AL","Huntsville, AL"
2022,26900,1702,403,25.986652510238134,2.8653329831319674,4.296605965096597,32.45217391304348,29.259259259259256,26.615256806994953,"Indianapolis-Carmel-Anderson, IN","Indianapolis, IN"
2022,26980,144,46,35.40086333347303,2.696105126080265,3.4253581153072097,49.38947368421053,32.06,22.416473317865428,"Iowa City, IA","Iowa City, IA"
2022,27060,156,54,43.58240041655819,2.92831541218638,3.9411589008363204,34.77434679334917,31.50984682713348,16.34432132963989,"Ithaca, NY","Ithaca, NY"
2022,27100,131,18,15.439879824962446,2.679357021996616,4.590947546531303,37.104,33.08108108108108,28.64361370716511,"Jackson, MI","Jackson, MI"
2022,27140,493,99,21.803357602743848,3.1109424589485304,4.525527804608804,34.54205607476635,31.666666666666664,26.014473816463966,"Jackson, MS","Jackson, MS"
2022,27180,119,24,24.134492092890724,3.145218417945691,4.932998819362456,44.02010050251256,29.076923076923077,15.421231216674746,"Jackson, TN","Jackson, TN"
2022,27260,1375,362,28.924413671384446,3.0309786435109127,4.346196399235592,34.285714285714285,30.062111801242235,23.478664805178322,"Jacksonville, FL","Jacksonville, FL"
2022,27500,105,17,23.05945499587118,2.745747538048344,4.372873769024172,32.39740820734342,27.878787878787882,26.252155172413794,"Janesville-Beloit, WI","Janesville, WI"
2022,27740,228,40,21.343604848759487,3.4424982307147913,4.436659589525831,26.5,28.235294117647058,18.890414146114473,"Johnson City, TN","Johnson City, TN"
2022,27780,140,21,11.749065226422934,2.6386138613861387,3.9236209335219234,32.30769230769231,28.235294117647058,,"Johnstown, PA","Johnstown, PA"
2022,27860,135,28,25.576685045572184,2.788165420149582,3.7723273207215136,40.8,24.857142857142858,22.580890052356022,"Jonesboro, AR","Jonesboro, AR"
2022,27900,205,36,17.209775967413442,2.8811422691021353,3.865191664522768,26.400000000000002,26.356589147286826,11.104699378023497,"Joplin, MO","Joplin, MO"
2022,28020,311,70,24.19248094617963,2.8593363925167665,4.291740204729968,32.76923076923077,32.76144578313253,16.684440358538268,"Kalamazoo-Portage, MI","Kalamazoo, MI"
2022,28140,2091,539,27.728514642494307,2.877786473154999,4.224435590969455,30.104979811574694,27.946666666666665,19.643786726269873,"Kansas City, MO-KS","Kansas City, MO"
2022,28940,896,212,24.1089250071286,2.9080003379234602,4.162329982259019,31.88108108108108,27.27272727272727,23.559537798668234,"Knoxville, TN","Knoxville, TN"
2022,29180,350,69,21.22083225947146,3.1995515695067263,4.253923766816143,36.08617594254937,33.29032258064516,21.775546898411747,"Lafayette, LA","Lafayette, LA"
2022,29200,229,101,44.537064602560285,2.9682115270350566,4.099896019013666,34.0,30.273684210526312,17.33103825136612,"Lafayette-West Lafayette, IN","Lafayette, IN"
2022,29420,194,41,25.740446603755956,3.2128856624319417,4.423956442831216,28.4,28.643216080402013,13.344741926580182,"Lake Havasu City-Kingman, AZ","Lake Havasu City, AZ"
2022,29460,611,160,26.370058940141828,3.1168516649848637,4.327043390514632,35.33877551020408,30.814070351758794,26.70313622216902,"Lakeland-Winter Haven, FL","Lakeland, FL"
2022,29540,405,65,19.369120986052547,2.6695972536213683,4.149627396801474,33.75,25.75967413441955,24.841565193596935,"Lancaster, PA","Lancaster, PA"
2022,29620,404,105,32.73841147562757,3.1205943506262996,4.462903798367057,32.96928327645051,28.235294117647058,18.201118717649024,"Lansing-East Lansing, MI","Lansing, MI"
2022,29700,218,28,18.00259884908112,3.008249123530625,3.580119612291194,43.31661442006269,29.454545454545457,17.98915009041591,"Laredo, TX","Laredo, TX"
2022,29740,162,35,19.731131169579413,2.8462137434300177,4.217247420673545,26.479591836734695,39.27272727272727,20.49359278595159,"Las Cruces, NM","Las Cruces, NM"
2022,29820,2776,585,21.60780165328004,3.0668303068932317,4.3508591111894654,37.333333333333336,33.13978494623656,24.919302864777773,"Las Vegas-Henderson-Paradise, NV","Las Vegas, NV"
2022,29940,112,41,45.40441974558242,2.85475234270415,3.940332759609868,35.52,35.921052631578945,16.427754677754677,"Lawrence, KS","Lawrence, KS"
2022,30020,163,46,30.721158615216744,3.3052954472069747,4.868098159509202,26.400000000000002,27.0,14.479336913378473,"Lawton, OK","Lawton, OK"
2022,30700,275,82,30.375133175080837,2.5677189096055626,3.7294320349516954,32.074999999999996,28.158844765342963,18.73187562354506,"Lincoln, NE","Lincoln, NE"
2022,30780,630,136,21.004353971220155,2.9704195456803504,4.045567447951949,32.31496062992126,26.16,20.34640522875817,"Little Rock-North Little Rock-Conway, AR","Little Rock, AR"
2022,31080,19815,2824,14.585987920512489,2.653669434595719,3.572939713456085,34.45594405594405,33.473684210526315,28.651292654504957,"Los Angeles-Long Beach-Anaheim, CA","Los Angeles, CA"
2022,31140,1146,264,24.34515050167224,2.747554676338059,4.027200791295747,31.89041095890411,28.799999999999997,20.58412115238138,"Louisville/Jefferson County, KY-IN","Louisville, KY"
2022,31180,505,170,37.54465371163521,3.1512404104812193,4.414267211318123,38.4734693877551,31.058823529411768,17.112501682142376,"Lubbock, TX","Lubbock, TX"
2022,31340,262,62,23.32585110362888,3.111146752205293,4.353969526864475,37.5,29.408450704225352,15.058629232039637,"Lynchburg, VA","Lynchburg, VA"
2022,31460,112,8,6.367366261638,3.224287484510533,4.372986369268897,42.675000000000004,31.666666666666664,,"Madera, CA","Madera, CA"
2022,31900,117,21,18.924857184707776,2.795278637770898,4.155572755417957,35.4,26.38938053097345,15.4644128113879,"Mansfield, OH","Mansfield, OH"
2022,32580,610,114,23.81084105568898,3.0781538786502614,4.000792100121456,29.57142857142857,31.944,17.913860788162463,"McAllen-Edinburg-Mission, TX","McAllen, TX"
2022,32780,244,48,22.51905909949827,2.8948206018518516,4.291956018518518,38.57142857142858,34.92537313432836,12.466514617458014,"Medford, OR","Medford, OR"
2022,32820,1202,239,20.575383873490825,3.3075713836567866,4.696144282161946,33.92842105263158,31.374999999999996,21.933409558655384,"Memphis, TN-MS-AR","Memphis, TN"
2022,32900,282,36,14.658658420551857,3.2468559837728193,4.811764705882353,29.61038961038961,29.369108049311095,26.214920757634324,"Merced, CA","Merced, CA"
2022,33100,6732,1335,19.367718354476988,2.7092405611259958,3.6306232523312,39.0,37.23009814612868,27.865475525777033,"Miami-Fort Lauderdale-West Palm Beach, FL","Miami, FL"
2022,33260,100,32,28.064275037369207,2.7086847166740644,3.9855008137298418,43.2,26.818604651162794,26.439019756838906,"Midland, TX","Midland, TX"
2022,33340,1193,257,21.61047213260104,2.765133815791973,3.925997682678975,31.318681318681318,27.893462469733656,20.222428051604368,"Milwaukee-Waukesha-West Allis, WI","Milwaukee, WI"
2022,33460,1942,514,29.352549658215143,2.5836740289167897,3.7946472490343597,35.333333333333336,28.799999999999997,23.984004461513113,"Minneapolis-St. Paul-Bloomington, MN-WI","Minneapolis, MN"
2022,33660,364,76,24.047855605232655,2.872095024961267,4.134790841797211,36.71641791044776,32.09230769230769,24.65045806906272,"Mobile, AL","Mobile, AL"
2022,33700,528,78,17.236147650790066,3.015919093548085,4.12707182320442,40.875,33.17868338557994,21.01814272275232,"Modesto, CA","Modesto, CA"
2022,33740,174,35,18.60825173654699,2.8943107713064986,4.500112435349674,46.52,33.178021978021974,12.340016038492381,"Monroe, LA","Monroe, LA"
2022,33860,298,67,27.645549460272516,3.242678828612578,4.801168186909906,38.279999999999994,33.164556962025316,17.332228571428573,"Montgomery, AL","Montgomery, AL"
2022,34580,198,36,20.58754772851243,2.6684330052990157,3.6408024224072673,44.81203007518797,33.38088445078459,25.003050640634534,"Mount Vernon-Anacortes, WA","Mount Vernon, WA"
2022,34620,129,36,33.02623250580209,3.6533219761499147,5.293228279386712,37.577711259498045,29.126213592233007,14.264736297828335,"Muncie, IN","Muncie, IN"
2022,34820,291,66,21.372357878218693,3.1594170653020357,4.225942819001001,36.559322033898304,32.34893617021277,19.240433339157786,"Myrtle Beach-Conway-North Myrtle Beach, SC-NC","Myrtle Beach, SC"
2022,34900,181,30,18.94246575342466,2.5128724327451546,3.4469192941857103,23.400000000000002,34.588235294117645,18.626739772247998,"Napa, CA","Napa, CA"
2022,34940,359,77,18.967735019830638,2.8974286521616275,3.97711217858152,37.61052631578947,41.58857142857143,18.198634388578522,"Naples-Immokalee-Marco Island, FL","Naples, FL"
2022,34980,1874,561,31.77231340254016,2.8658620060235465,4.127612485169299,33.28335832083958,29.13267326732673,24.797138004674704,"Nashville-Davidson--Murfreesboro--Franklin, TN","Nashville, TN"
2022,35300,920,169,17.324260106357187,2.6939261056167196,3.838262735584997,36.3,31.442307692307693,26.16243258586432,"New Haven-Milford, CT","New Haven, CT"
2022,35380,1267,268,20.058370566274636,2.8566291536258905,3.9800559366051806,38.940000000000005,33.08108108108108,23.94577818816046,"New Orleans-Metairie, LA","New Orleans, LA"
2022,35620,24835,3562,13.57789490143086,2.5737899556812667,3.5326968863410464,31.428571428571427,30.904109589041095,34.458964353079466,"New York-Newark-Jersey City, NY-NJ-PA","New York, NY"
2022,35660,140,20,15.55091110965972,3.230995380092398,4.753464930701386,40.7625,28.666666666666668,16.78532901833873,"Niles-Benton Harbor, MI","Niles, MI"
2022,35840,770,168,24.67265035700696,2.9835344280141523,4.382881248299011,36.58536585365854,33.559322033898304,24.410811847023865,"North Port-Sarasota-Bradenton, FL","North Port, FL"
2022,35980,319,69,22.707898035938154,2.74665685192001,4.016439700650227,30.545454545454547,30.857142857142854,23.49337860780985,"Norwich-New London, CT","Norwich, CT"
2022,36100,220,41,18.331202046035806,3.2582839204743634,4.869375653993722,41.02120294244916,30.153846153846153,17.80647336480108,"Ocala, FL","Ocala, FL"
2022,36260,377,92,21.558205335489085,3.409768444736102,4.902409299709384,28.675977653631286,27.32673267326733,17.81072502505847,"Ogden-Clearfield, UT","Ogden, UT"
2022,36420,991,264,30.374062221289545,2.98984385795219,4.164000967251623,32.53179190751445,29.18181818181818,24.679149823303586,"Oklahoma City, OK","Oklahoma City, OK"
2022,36500,275,71,26.257088338842756,3.0706243602865917,4.52057318321392,36.55714285714286,29.419354838709676,25.907564724919094,"Olympia-Tumwater, WA","Olympia, WA"
2022,36540,877,215,24.778263315017522,2.863541121005762,4.226616611373029,30.330000000000002,28.53818181818182,16.94280266920877,"Omaha-Council Bluffs, NE-IA","Omaha, NE"
2022,36740,2519,644,26.068378321383385,3.0384658165896474,4.19559523929904,36.559999999999995,34.05714285714286,26.72003028916689,"Orlando-Kissimmee-Sanford, FL","Orlando, FL"
2022,36780,135,28,23.841086045118786,3.2369787305308995,4.364093116730865,17.523809523809526,29.2,13.905629477993859,"Oshkosh-Neenah, WI","Oshkosh, WI"
2022,37100,864,136,17.06100357565943,2.895209580838323,3.9881513568607465,37.86618444846293,33.2,25.22585735325058,"Oxnard-Thousand Oaks-Ventura, CA","Oxnard, CA"
2022,37340,560,140,23.692909433896954,3.166617969320672,4.660555149744339,36.0,32.04968944099379,26.682692307692307,"Palm Bay-Melbourne-Titusville, FL","Palm Bay, FL"
2022,37460,190,50,29.5508848661564,3.28614499109223,4.630121967932027,36.0,31.466666666666665,34.09910436137071,"Panama City, FL","Panama City, FL"
2022,37860,529,134,27.02108889961551,3.2521867685105335,4.687507699889122,38.6865671641791,32.91428571428571,27.112438640363063,"Pensacola-Ferry Pass-Brent, FL","Pensacola, FL"
2022,37980,4752,923,20.534593734656806,2.690736902562054,3.779497328072716,30.87769784172662,31.384615384615383,27.95994231042678,"Philadelphia-Camden-Wilmington, PA-NJ-DE-MD","Philadelphia, PA"
2022,38060,4514,1193,27.017374208406263,2.8850720209515495,4.01179771777764,33.575129533678755,30.644501278772378,24.695529448408102,"Phoenix-Mesa-Scottsdale, AZ","Phoenix, AZ"
2022,38300,2207,463,21.693970994007834,2.8838482732329447,4.458091458871233,27.631578947368425,26.800804828973845,23.942745723655058,"Pittsburgh, PA","Pittsburgh, PA"
2022,38340,138,20,14.771526266708113,3.048821548821549,4.456649831649831,33.22314049586777,26.700000000000003,18.71418826739427,"Pittsfield, MA","Pittsfield, MA"
2022,38860,355,86,24.74381700008441,2.7114006959132153,3.9265197516544994,42.857142857142854,26.571428571428573,21.990856406954283,"Portland-South Portland, ME","Portland, ME"
2022,38900,2928,766,26.791822997130875,2.657828347835041,3.7161097667713534,31.636363636363633,30.0,21.837585607324083,"Portland-Vancouver-Hillsboro, OR-WA","Portland, OR"
2022,38940,275,47,15.10479000250494,3.091763405196241,4.375529758614336,31.98620689655172,40.41290322580645,23.591393078970718,"Port St. Lucie, FL","Port St. Lucie, FL"
2022,39300,1841,304,16.713999898268874,2.809845045776166,4.061702721209201,29.72809667673716,29.024390243902438,26.529686031208875,"Providence-Warwick, RI-MA","Providence, RI"
2022,39340,546,192,41.324349055818985,3.483976165552782,4.5353490619212495,28.570434782608693,26.400000000000002,20.946131134755724,"Provo-Orem, UT","Provo, UT"
2022,39380,156,30,16.405767828087303,3.2503419972640217,4.2845417236662104,36.76148796498906,32.432432432432435,26.1625,"Pueblo, CO","Pueblo, CO"
2022,39460,118,29,21.173605297206787,3.1710999281092738,4.9766355140186915,30.11566265060241,30.508474576271187,,"Punta Gorda, FL","Punta Gorda, FL"
2022,39580,1270,350,26.70598194451546,2.9934263711015614,4.289771518529549,28.219780219780223,28.599999999999998,24.617537895868743,"Raleigh, NC","Raleigh, NC"
2022,39740,312,47,16.768202810258426,2.8337239964840317,3.987694110753003,35.42738589211618,31.172727272727276,24.422494592646,"Reading, PA","Reading, PA"
2022,39820,189,38,19.80052244122536,3.111537538978172,4.47949148476853,36.9,27.96116504854369,15.367334547662416,"Redding, CA","Redding, CA"
2022,39900,721,182,25.128805004994483,2.729222239656886,3.640619279251007,32.4,33.0,20.588574679018365,"Reno, NV","Reno, NV"
2022,40060,1270,294,23.880089604973197,3.0535387431360586,4.402811673784828,33.65142857142857,30.545454545454547,24.8292025221081,"Richmond, VA","Richmond, VA"
2022,40140,3842,506,14.219569411744706,2.9664818661366725,4.036252783215529,35.774257425742576,33.381818181818176,26.192123457372755,"Riverside-San Bernardino-Ontario, CA","Riverside, CA"
2022,40220,320,54,17.771209292677867,2.7141814998541,3.8507440910417277,34.61538461538461,29.465346534653463,14.883007009910564,"Roanoke, VA","Roanoke, VA"
2022,40380,1275,245,19.949724970166855,2.891303578381057,4.443563515378898,32.76923076923077,30.0,19.860599770579558,"Rochester, NY","Rochester, NY"
2022,40420,296,53,18.380382710368906,3.054778383154175,4.193638639375644,30.162162162162158,25.362776025236595,18.37773408699926,"Rockford, IL","Rockford, IL"
2022,40580,164,30,19.706200255478038,3.3535277985539764,4.7761156818748445,30.461538461538463,23.345454545454544,22.814530685920577,"Rocky Mount, NC","Rocky Mount, NC"
2022,40900,2660,524,20.763833858404684,2.855735517701449,3.9486332185298956,39.14590747330961,33.442622950819676,24.01316653964416,"Sacramento--Roseville--Arden-Arcade, CA","Sacramento, CA"
2022,40980,129,26,24.359049574655327,3.3831888246628132,4.746387283236994,35.689655172413794,30.89108910891089,14.986975986975986,"Saginaw, MI","Saginaw, MI"
2022,41060,140,33,30.014497864503742,2.89556135770235,3.910182767624021,28.269767441860466,32.52336448598131,25.201152038805517,"St. Cloud, MN","St. Cloud, MN"
2022,41100,107,30,30.7103490508267,3.5561316051844467,5.010967098703889,25.010526315789473,29.568,12.411565776124451,"St. George, UT","St. George, UT"
2022,41140,114,17,9.395484340859433,2.628768303186908,3.9448751076658053,20.179372197309416,25.294117647058822,22.006204756980352,"St. Joseph, MO-KS","St. Joseph, MO"
2022,41180,2358,510,22.678708685626443,2.898152855448229,4.213379740070131,30.0,27.42857142857143,22.58220378240116,"St. Louis, MO-IL","St. Louis, MO"
2022,41420,517,89,20.69524949596774,3.014460765659487,4.229469518228176,32.07920792079208,28.560000000000002,24.07007646985082,"Salem, OR","Salem, OR"
2022,41500,623,99,15.433441875121922,3.115994166261546,4.429654837141468,37.16129032258065,28.915662650602407,22.144182389937107,"Salinas, CA","Salinas, CA"
2022,41540,308,63,24.16662164352477,3.1243013637379833,4.971048513302034,31.830238726790448,28.193832599118945,18.763393611627514,"Salisbury, MD-DE","Salisbury, MD"
2022,41620,1013,283,28.969927315097376,3.004141728513287,4.122097198946612,33.2093023255814,27.0,25.082472311008697,"Salt Lake City, UT","Salt Lake City, UT"
2022,41660,115,32,29.315263908701855,3.0257907542579074,4.163503649635037,34.718861209964416,36.92307692307693,17.799162084315267,"San Angelo, TX","San Angelo, TX"
2022,41700,2248,627,30.209602396497615,2.817497033207957,4.0425106100529,32.232,32.668463611859835,24.613044067388326,"San Antonio-New Braunfels, TX","San Antonio, TX"
2022,41740,4265,805,19.40178360034725,2.7641962251871135,3.711112918971689,36.987610619469024,33.38632750397456,24.10284068639981,"San Diego-Carlsbad, CA","San Diego, CA"
2022,41860,6587,1370,21.382291788182172,2.672755630580035,3.6131282854410434,29.80118946474087,28.799999999999997,31.160450948015715,"San Francisco-Oakland-Hayward, CA","San Francisco, CA"
2022,41940,2568,674,28.23127124121682,2.726427868045298,3.5188453963564745,28.41237113402062,27.631578947368425,22.255237740687885,"San Jose-Sunnyvale-Santa Clara, CA","San Jose, CA"
2022,42020,349,74,26.90197423210699,2.8638805426568332,3.849221524173723,45.10843373493976,26.0,18.138955438428365,"San Luis Obispo-Paso Robles-Arroyo Grande, CA","San Luis Obispo, CA"
2022,42100,337,62,22.62245413230096,3.2640128968253967,4.498635912698413,42.9,31.176,29.363493312352478,"Santa Cruz-Watsonville, CA","Santa Cruz, CA"
2022,42140,230,48,22.803992266290432,2.702795600366636,3.975481209899175,35.0,31.083333333333336,25.97176154190946,"Santa Fe, NM","Santa Fe, NM"
2022,42200,648,122,21.785499629593392,2.6828564095983576,3.8166303092518925,44.22608695652174,30.9375,21.883864004317324,"Santa Maria-Santa Barbara, CA","Santa Maria, CA"
2022,42220,611,107,21.378416487444987,2.8870752831445703,4.039506995336442,27.09278350515464,28.592057761732853,21.437557251908398,"Santa Rosa, CA","Santa Rosa, CA"
2022,42540,513,81,19.887041483562122,2.9977978586073353,4.438453944870529,29.886302111532213,28.57142857142857,20.24570427930393,"Scranton--Wilkes-Barre--Hazleton, PA","Scranton, PA"
2022,42660,4794,1269,27.24820752436961,2.6788358286619833,3.66422455592611,31.46853146853147,29.520000000000003,25.157671176875294,"Seattle-Tacoma-Bellevue, WA","Seattle, WA"
2022,42680,111,26,23.459406586240625,2.8815149409312024,3.956567060458652,25.735537190082646,36.55172413793103,25.827862873814734,"Sebastian-Vero Beach, FL","Sebastian, FL"
2022,43340,414,99,21.913168798414702,3.1548832620848404,4.616409075961855,31.647058823529413,35.0,16.90289460663038,"Shreveport-Bossier City, LA","Shreveport, LA"
2022,43900,289,69,25.263097689315945,3.258093728775187,4.282318315598823,29.86666666666667,28.17956656346749,21.55267034990792,"Spartanburg, SC","Spartanburg, SC"
2022,44060,759,177,25.43833860554817,3.0023113905325443,4.247734837278107,33.37931034482759,31.137026239067055,18.812644031341218,"Spokane-Spokane Valley, WA","Spokane, WA"
2022,44100,188,34,21.27325946058959,2.8385749385749386,3.9877149877149876,25.255474452554743,28.51485148514851,19.8348588863463,"Springfield, IL","Springfield, IL"
2022,44140,629,93,16.634877384196187,2.9488496761224035,4.286575832030377,37.5,32.516129032258064,19.274810884046516,"Springfield, MA","Springfield, MA"
2022,44180,456,102,23.425623070898787,3.3227794165847264,4.76361848574238,33.44881889763779,28.636363636363637,21.41204627044276,"Springfield, MO","Springfield, MO"
2022,44220,155,22,17.04974068835455,3.1462150017283097,4.4282751469063255,15.063319262386136,25.380000000000003,28.48171500630517,"Springfield, OH","Springfield, OH"
2022,44300,161,58,41.83497324356982,2.8275221786672167,3.6949659583247367,53.2258064516129,32.4812030075188,14.479716208841186,"State College, PA","State College, PA"
2022,44700,698,107,17.662092271169197,3.181799478809491,4.496639692771911,34.02857142857143,29.508196721311474,26.457459789240154,"Stockton-Lodi, CA","Stockton, CA"
2022,44940,104,28,30.606158310494923,3.683961021859363,4.873584408743745,28.08219178082192,34.707692307692305,19.320274240940254,"Sumter, SC","Sumter, SC"
2022,45060,953,160,19.8432605375517,2.62623595505618,3.80438202247191,36.96,26.666666666666668,18.80609300746775,"Syracuse, NY","Syracuse, NY"
2022,45300,3604,844,23.546013950439743,2.9684753931487213,4.2402517813739955,32.608695652173914,33.33333333333333,28.049309190448888,"Tampa-St. Petersburg-Clearwater, FL","Tampa, FL"
2022,45780,635,125,19.341219381190903,2.789912167398605,4.178506845776285,34.52991452991453,27.62979683972912,16.368522248672406,"Toledo, OH","Toledo, OH"
2022,45820,272,70,31.34972534658645,2.6332916145181477,4.10273258239466,50.0,24.790522970239813,22.849804092294296,"Topeka, KS","Topeka, KS"
2022,45940,329,61,20.977363732941082,2.8056096610829764,4.227015971951695,30.642857142857142,30.708661417322837,28.191680633856468,"Trenton, NJ","Trenton, NJ"
2022,46060,1164,305,29.338561823728664,2.896464016757269,4.053239239938158,34.684739736681294,31.846153846153847,21.108626680767486,"Tucson, AZ","Tucson, AZ"
2022,46140,1173,309,29.101408940685335,2.8755558743365373,4.17008559269354,30.24827586206896,26.769230769230766,19.88266794696606,"Tulsa, OK","Tulsa, OK"
2022,46220,177,53,34.67281735861951,3.0665221247659407,4.238198482310042,32.408759124087595,30.923076923076927,16.616509632963016,"Tuscaloosa, AL","Tuscaloosa, AL"
2022,46340,232,46,18.752882575408172,2.8789965568125924,4.200196753566158,38.23115577889447,30.45801526717557,24.67805349661618,"Tyler, TX","Tyler, TX"
2022,46520,1156,260,25.000600014400348,3.083712,4.07504,37.9746835443038,33.800000000000004,22.911503226679905,"Urban Honolulu, HI","Urban Honolulu, HI"
2022,46540,315,49,21.20749845982339,3.1932494120901924,5.006916585973164,33.87096774193548,26.25,22.67922794117647,"Utica-Rome, NY","Utica, NY"
2022,46700,414,60,14.089564457013154,3.2699062458734978,4.47207183414763,34.21782178217822,35.095238095238095,29.48099529780564,"Vallejo-Fairfield, CA","Vallejo, CA"
2022,47260,1817,442,26.217998693609218,2.9554601858102676,4.367409264795705,34.52173913043478,31.486880466472307,22.464147440396676,"Virginia Beach-Norfolk-Newport News, VA-NC","Virginia Beach, VA"
2022,47300,485,57,11.193577425458821,3.368291482028557,4.348268504841622,36.821917808219176,30.719056974459725,29.709714548802946,"Visalia-Porterville, CA","Visalia, CA"
2022,47380,283,79,31.48963097189864,3.2359335038363173,4.293934965290464,28.088426527958386,31.25,14.376159613673911,"Waco, TX","Waco, TX"
2022,47580,143,33,24.065836298932382,3.433456561922366,4.87634011090573,33.46323529411765,27.024128686327074,21.939592908732763,"Warner Robins, GA","Warner Robins, GA"
2022,47900,6727,1760,25.438291502179084,2.7143080873035834,3.8527997797952667,31.334622823984525,27.979274611398964,28.642328093277804,"Washington-Arlington-Alexandria, DC-VA-MD-WV","Washington, DC"
2022,48300,114,19,15.087355641101569,3.0088321884200195,3.697252208047105,27.62979683972912,22.325581395348838,15.29108280254777,"Wenatchee, WA","Wenatchee, WA"
2022,48620,529,135,27.036501296636562,3.025690461271509,4.265484166385502,36.0,26.232558139534884,21.380726138136435,"Wichita, KS","Wichita, KS"
2022,48660,218,62,26.131198347107436,2.954141134611583,3.973117216841273,28.09090909090909,30.418662778587795,19.43627159023228,"Wichita Falls, TX","Wichita Falls, TX"
2022,48900,265,68,24.963694095059935,3.2032143561427726,4.5143955827253,35.97,28.65,28.024248463710347,"Wilmington, NC","Wilmington, NC"
2022,49180,606,128,20.682416025900448,3.168338021279198,4.520667726550079,27.82489740082079,25.662133142448102,23.842497482376636,"Winston-Salem, NC","Winston, NC"
2022,49340,1073,184,17.495400348856656,2.9385413821360284,4.415551306564691,30.11320754716981,29.841269841269842,29.243548502394738,"Worcester, MA-CT","Worcester, MA"
2022,49420,245,36,18.96533813497697,3.286105532225671,4.454811027935001,36.72631578947369,25.2,16.334805859102534,"Yakima, WA","Yakima, WA"
2022,49620,279,59,26.539257216037832,2.8951373422420192,4.174647364513734,27.87096774193548,26.27906976744186,22.315613507188232,"York-Hanover, PA","York, PA"
2022,49660,539,87,18.192906278967655,2.9944578528649326,4.296773040135872,27.058823529411764,26.590909090909093,19.394424282415045,"Youngstown-Warren-Boardman, OH-PA","Youngstown, OH"
2022,49700,174,25,11.938899821947334,3.7005494505494507,5.461538461538462,30.80727272727273,30.236220472440944,29.80759493670886,"Yuba City, CA","Yuba City, CA"
2022,49740,181,37,23.594871381340216,2.7559808612440193,3.7433356117566645,36.0,29.666666666666668,12.156736131493982,"Yuma, AZ","Yuma, AZ"
2024,10420,628,134,20.951788966314435,3.028053921823765,4.451829490449175,36.83076923076923,27.200000000000003,24.494597171460352,"Akron, OH","Akron, OH"
2024,10540,138,24,14.754520301138923,2.88181421718273,3.932402965547318,48.972972972972975,28.1894873458793,17.65365585486531,"Albany, OR","Albany, OR"
2024,10580,1061,197,19.92082652311476,2.6239367707941286,3.621151674821227,32.78688524590164,27.54098360655738,18.772645437155397,"Albany-Schenectady-Troy, NY","Albany, NY"
2024,10740,745,182,26.260525468182028,2.949957947855341,4.255116344266891,34.096916299559474,27.586206896551722,21.416192756659683,"Albuquerque, NM","Albuquerque, NM"
2024,10900,643,114,18.698018590998043,2.9216680294358137,4.234559825565549,37.89473684210527,32.068965517241374,30.130739544774357,"Allentown-Bethlehem-Easton, PA-NJ","Allentown, PA"
2024,11100,304,92,36.893308831477675,3.005127453852915,4.379871081160269,29.86451612903226,30.233766233766236,21.495941098735134,"Amarillo, TX","Amarillo, TX"
2024,11260,279,73,30.565761883692744,3.188495185348354,4.515262131034048,28.776978417266186,30.0,16.817238912732474,"Anchorage, AK","Anchorage, AK"
2024,11460,363,120,41.32472955019928,2.9441995039955913,4.230550197483237,45.355932203389834,31.142857142857146,20.1922644284849,"Ann Arbor, MI","Ann Arbor, MI"
2024,11500,103,21,21.58855806422596,2.72625,3.9558333333333335,38.333333333333336,26.293436293436294,18.444619010212097,"Anniston-Oxford-Jacksonville, AL","Anniston, AL"
2024,11700,467,97,19.90398079615923,2.895075376884422,4.058894472361809,34.36,30.0,20.642525687769307,"Asheville, NC","Asheville, NC"
2024,12060,5292,1385,27.47104720153076,3.0667969721045627,4.375630608454906,33.21362229102167,31.554030874785592,29.53121590682094,"Atlanta-Sandy Springs-Roswell, GA","Atlanta, GA"
2024,12100,190,27,14.321669521445802,2.457896021479131,3.365633390285575,31.71428571428571,35.617634220864254,23.156270518713065,"Atlantic City-Hammonton, NJ","Atlantic City, NJ"
2024,12260,507,136,28.271356631935518,3.231666220914683,4.528483551751806,31.0,29.98064516129032,22.666040994068624,"Augusta-Richmond County, GA-SC","Augusta, GA"
2024,12420,2660,840,32.9325644003976,2.7013482574408547,3.637654953350705,31.207100591715975,28.64651162790698,24.52916511367872,"Austin-Round Rock, TX","Austin, TX"
2024,12540,1009,144,15.882458476152706,3.407193816884661,4.608501783590963,31.2,34.42006269592476,22.883644522798303,"Bakersfield, CA","Bakersfield, CA"
2024,12580,2534,587,23.773158927034387,2.9499044385617115,4.391172734719073,31.309297912713475,30.469090909090905,29.17135646471063,"Baltimore-Columbia-Towson, MD","Baltimore, MD"
2024,12620,112,17,11.990364348087926,3.486690105474636,5.13360120542441,29.829545454545453,34.44444444444444,,"Bangor, ME","Bangor, ME"
2024,12700,142,23,17.275388426030172,2.5662148070907196,3.394942648592284,45.6,29.599999999999998,23.554315476190474,"Barnstable Town, MA","Barnstable Town, MA"
2024,12940,544,139,25.096787869997435,3.051613763670312,4.316173201742687,32.87671232876712,29.469026548672566,22.415532525908354,"Baton Rouge, LA","Baton Rouge, LA"
2024,13140,265,55,20.694224985982977,3.021551724137931,4.511330049261084,30.419580419580424,28.636363636363637,19.24496253122398,"Beaumont-Port Arthur, TX","Beaumont, TX"
2024,13380,278,66,24.78452228131304,2.921321987914663,4.088790233074362,31.692307692307693,30.484988452655887,21.90855106888361,"Bellingham, WA","Bellingham, WA"
2024,13820,848,199,24.67395653842699,3.1099821274905675,4.543059508836963,31.54189944134078,29.37272727272727,21.121553830982293,"Birmingham-Hoover, AL","Birmingham, AL"
2024,13980,229,63,25.381739561281023,3.2615794143744457,4.374445430346052,33.6,29.520000000000003,13.242023082145282,"Blacksburg-Christiansburg-Radford, VA","Blacksburg, VA"
2024,14010,192,56,25.756248174573372,2.97683460230034,4.412765268103029,37.8,26.35294117647059,14.227933647347943,"Bloomington, IL","Bloomington, IL"
2024,14020,171,53,34.14316370324954,3.1600448933782266,4.167564534231201,52.5,31.39604553624925,15.73433147632312,"Bloomington, IN","Bloomington, IN"
2024,14260,715,215,32.87787555967269,3.094254184416194,4.2340589675644855,31.24600638977636,28.555555555555557,22.526450093237806,"Boise City, ID","Boise City, ID"
2024,14460,6325,1443,21.538006028547187,2.77589959650217,3.844239654799333,32.20408163265306,29.92,31.286703447254414,"Boston-Cambridge-Newton, MA-NH","Boston, MA"
2024,14740,306,87,32.990298705511165,3.01063639613872,4.305952806578477,33.035294117647055,31.19754350051177,28.008230990331853,"Bremerton-Silverdale, WA","Bremerton, WA"
2024,14860,862,134,18.026634698079278,2.6923039853501036,3.8350440942605175,35.327999999999996,32.36697247706422,28.177879050925927,"Bridgeport-Stamford-Norwalk, CT","Bridgeport, CT"
2024,15180,357,48,14.264126149802891,3.0698602794411176,3.9064947029018886,31.455,32.05714285714286,15.239063462723351,"Brownsville-Harlingen, TX","Brownsville, TX"
2024,15380,1180,217,20.314100845074297,2.946010899367024,4.234099448261856,31.2,27.906976744186046,23.413392586607415,"Buffalo-Cheektowaga-Niagara Falls, NY","Buffalo, NY"
2024,15500,186,35,22.016893365586707,2.985050432276657,4.679034582132565,35.84615384615385,27.813333333333333,27.91717122790022,"Burlington, NC","Burlington, NC"
2024,15940,351,59,20.375715815447645,3.128413115503256,4.636695989946304,27.692307692307693,24.947368421052634,18.11276923076923,"Canton-Massillon, OH","Canton, OH"
2024,15980,644,167,24.38910588831269,3.1950806231210716,4.157802678327412,38.76923076923077,32.07476635514019,28.70018637063447,"Cape Coral-Fort Myers, FL","Cape Coral, FL"
2024,16620,149,36,23.86188821149792,3.0704393505253105,5.042263610315186,22.63240223463687,25.571030640668525,21.894641564083997,"Charleston, WV","Charleston, WV"
2024,16700,758,240,30.92796769532255,2.8762200390412493,4.028096899100771,34.260000000000005,30.72,21.885895329734804,"Charleston-North Charleston, SC","Charleston, SC"
2024,16740,2846,757,26.678363903194537,2.941082737901916,4.107137057486197,31.68235294117647,28.551724137931032,23.7983320230002,"Charlotte-Concord-Gastonia, NC-SC","Charlotte, NC"
2024,16860,610,173,27.335596276003887,2.899886644682605,3.976659109645507,29.23846153846154,28.168421052631583,18.253006366423012,"Chattanooga, TN-GA","Chattanooga, TN"
2024,16940,107,29,28.428508835986566,2.9352684305163113,4.263806832776779,28.114285714285714,30.447761194029848,9.563186813186814,"Cheyenne, WY","Cheyenne, WY"
2024,16980,7576,1511,21.501853140493246,2.6128148513199405,3.639023519505163,32.36842105263158,29.294117647058826,29.1922167980542,"Chicago-Naperville-Elgin, IL-IN-WI","Chicago, IL"
2024,17020,330,69,25.699994707034353,2.8692204716301104,3.8458449181340746,50.23861171366595,35.027027027027025,18.37893649974187,"Chico, CA","Chico, CA"
2024,17140,1841,410,24.55412276505079,2.8631564638180254,4.0133520624707355,32.95774647887324,28.74251497005988,21.07672967475029,"Cincinnati, OH-KY-IN","Cincinnati, OH"
2024,17300,381,102,27.382078905226383,3.4617531733900444,5.068252807868678,28.93125,26.25,20.40082009226038,"Clarksville, TN-KY","Clarksville, TN"
2024,17420,141,32,23.604672723901356,3.0251374705420266,4.257920921707253,29.485714285714288,24.96774193548387,24.89690392594957,"Cleveland, TN","Cleveland, TN"
2024,17460,1949,431,24.197444184546818,2.7459078436938213,4.0804396505503515,29.537142857142857,28.259385665529006,21.49427076997932,"Cleveland-Elyria, OH","Cleveland, OH"
2024,17660,151,32,23.779016192022468,3.2814172356523343,4.802177523528326,27.900000000000002,30.26086956521739,23.712270803949224,"Coeur d'Alene, ID","Coeur d'Alene, ID"
2024,17780,425,173,41.53728032758915,3.230078044773054,4.112343397001438,37.76,34.01632653061225,16.765862738750403,"College Station-Bryan, TX","College Station, TX"
2024,17820,830,248,36.519230769230774,3.0854334361443367,4.330299154943705,35.204081632653065,30.15,24.21727731092437,"Colorado Springs, CO","Colorado Springs, CO"
2024,17900,633,173,29.010900198938995,3.1390406800242867,4.449694631951141,38.363076923076925,31.69811320754717,22.947670176170124,"Columbia, SC","Columbia, SC"
2024,18140,2211,583,28.40918228515003,2.821522785168412,4.074973110670818,32.211235955056175,29.267326732673265,20.873480952536934,"Columbus, OH","Columbus, OH"
2024,18580,490,137,28.953864237437553,2.8841977062823507,4.021516289454988,29.965714285714284,28.703225806451616,19.197979117547995,"Corpus Christi, TX","Corpus Christi, TX"
2024,18700,157,48,29.82443770711415,3.1245862884160758,4.219621749408984,59.61538461538461,37.36363636363637,15.509395973154362,"Corvallis, OR","Corvallis, OR"
2024,18880,318,89,30.48463323918454,3.738739565177507,5.192642876800294,37.714285714285715,34.285714285714285,26.89643014543852,"Crestview-Fort Walton Beach-Destin, FL","Crestview, FL"
2024,19100,7830,2141,28.508562971562245,2.77586164601987,3.9184471973506683,32.579505300353354,30.36734693877551,26.554057547463294,"Dallas-Fort Worth-Arlington, TX","Dallas, TX"
2024,19380,793,171,22.35589335700762,2.9884512521274007,4.241227003809061,30.55,29.05263157894737,21.028656515143002,"Dayton, OH","Dayton, OH"
2024,19460,106,18,19.05041461803772,2.920647149460709,4.127118644067797,26.346666666666668,28.57142857142857,,"Decatur, AL","Decatur, AL"
2024,19660,474,100,22.445846065842755,2.881765139829656,3.9695526792300986,33.808,36.92890995260664,18.918530020703933,"Deltona-Daytona Beach-Ormond Beach, FL","Deltona, FL"
2024,19740,3396,1014,31.059947676814737,2.714233173961015,3.8024071710331797,29.53846153846154,30.37974683544304,24.62573539124338,"Denver-Aurora-Lakewood, CO","Denver, CO"
2024,19780,393,117,31.04222054196444,2.9387915455331184,4.271077237369372,26.419811320754715,26.293333333333337,18.287948482060717,"Des Moines-West Des Moines, IA","Des Moines, IA"
2024,19820,2729,526,20.491883247718953,2.8900204930758244,4.358401126084167,34.52023121387283,30.270000000000003,22.88748529719801,"Detroit-Warren-Dearborn, MI","Detroit, MI"
2024,20020,361,72,15.73853895924349,3.0744905130007028,4.3028812368236125,28.235294117647058,28.4,23.898051948051947,"Dothan, AL","Dothan, AL"
2024,20100,115,21,11.919876733436055,3.5,5.283867631851086,34.205607476635514,28.918604651162788,27.084086799276673,"Dover, DE","Dover, DE"
2024,20940,164,18,10.875401379165131,3.230396902226525,4.0324298160697,37.24363636363636,29.7,,"El Centro, CA","El Centro, CA"
2024,21140,147,27,24.22949002217295,3.2466254861587736,4.923816060398078,27.79357984559122,24.71666666666667,18.643478260869564,"Elkhart-Goshen, IN","Elkhart, IN"
2024,21340,758,187,27.416561253284033,2.817504258943782,3.832694491766042,36.8,31.28834355828221,20.725223595099003,"El Paso, TX","El Paso, TX"
2024,21500,273,57,19.42216946993602,2.858697272320763,4.586972723207632,39.686684073107045,27.12605042016807,14.713176144244105,"Erie, PA","Erie, PA"
2024,21660,485,117,30.49881153329429,3.1006381656971818,3.961088834924041,40.10126582278481,30.309278350515463,15.201314840054518,"Eugene, OR","Eugene, OR"
2024,22180,598,167,29.3219679118087,3.225296995108316,4.525786163522013,34.72727272727273,33.14285714285714,23.427171306433113,"Fayetteville, NC","Fayetteville, NC"
2024,22220,577,129,23.049280662323977,3.1561811370647863,4.064841339797267,27.194594594594594,26.526315789473685,18.172390796932312,"Fayetteville-Springdale-Rogers, AR-MO","Fayetteville, AR"
2024,22380,158,38,28.289603472085222,3.049860529986053,3.933054393305439,56.0377358490566,25.919999999999998,11.141824119430838,"Flagstaff, AZ","Flagstaff, AZ"
2024,22660,451,136,27.43475151948516,3.3871766469016746,4.52127451619209,36.1811320754717,30.98507462686567,24.618458239937627,"Fort Collins, CO","Fort Collins, CO"
2024,23060,349,95,29.2762418521016,2.770287907869482,3.9041842610364683,32.0,27.22222222222222,18.31855129128511,"Fort Wayne, IN","Fort Wayne, IN"
2024,23420,1115,158,15.826302322285136,3.110770681121848,4.0294131510723545,32.679611650485434,35.0,25.825440213590998,"Fresno, CA","Fresno, CA"
2024,23540,335,110,42.41573033707865,2.918233995584989,4.109315673289183,54.42020665901263,40.53333333333333,17.106456317115207,"Gainesville, FL","Gainesville, FL"
2024,23580,175,39,24.41255688678369,2.8546699638577135,4.148373597108617,32.5452016689847,29.667469879518073,25.68313805399898,"Gainesville, GA","Gainesville, GA"
2024,24020,171,31,19.657811146404853,2.6030113845023872,3.6415717958134413,34.56,29.625,24.521574973031285,"Glens Falls, NY","Glens Falls, NY"
2024,24140,135,35,26.596652095106087,3.5586289837642813,4.939466827019443,30.945558739255013,28.363636363636363,22.650166852057843,"Goldsboro, NC","Goldsboro, NC"
2024,24300,117,29,32.63489088231356,2.8572307692307692,3.6227692307692307,31.35483870967742,29.2,15.912510936132984,"Grand Junction, CO","Grand Junction, CO"
2024,24340,588,170,29.75335036762789,2.8672929300010517,4.229345578183603,30.364372469635626,27.74566473988439,20.518669537728503,"Grand Rapids-Wyoming, MI","Grand Rapids, MI"
2024,24540,242,66,27.993465642487227,3.3515023590762354,4.908740998261734,35.04424778761062,30.327272727272724,18.094297546989488,"Greeley, CO","Greeley, CO"
2024,24660,790,154,23.863569240635574,2.9154526166902404,3.948939179632249,35.4,30.72,22.511872935996227,"Greensboro-High Point, NC","Greensboro, NC"
2024,24780,217,55,21.298377028714107,3.004396248534584,4.081037514654162,35.31100478468899,27.2955223880597,23.364991584515508,"Greenville, NC","Greenville, NC"
2024,24860,877,221,28.622736072662796,3.1767122854704635,4.453080059420335,31.816023738872403,26.541176470588233,22.911014845900457,"Greenville-Anderson-Mauldin, SC","Greenville, SC"
2024,25060,378,96,26.7852994471031,2.9653946227233305,4.064614050303556,36.0,29.345794392523366,27.569913773013283,"Gulfport-Biloxi-Pascagoula, MS","Gulfport, MS"
2024,25260,151,20,12.246391968207487,3.701537147736977,5.057643040136635,28.499999999999996,27.469879518072286,14.204,"Hanford-Corcoran, CA","Hanford, CA"
2024,25420,477,114,25.74269513551643,2.994361595615745,4.614902250092217,31.225806451612904,27.839999999999996,17.508944411590775,"Harrisburg-Carlisle, PA","Harrisburg, PA"
2024,25500,149,33,27.290374764087353,3.669235328986366,5.2319699664098005,35.38461538461539,24.96268656716418,19.37645616186389,"Harrisonburg, VA","Harrisonburg, VA"
2024,25540,1170,250,22.473333605786912,2.6939140449778747,3.7945080923804326,29.333333333333332,30.11406844106464,19.735721153846153,"Hartford-West Hartford-East Hartford, CT","Hartford, CT"
2024,25620,132,27,21.564364163461004,3.0015511892450877,4.532316442605998,26.51162790697674,24.65142857142857,24.805857487922705,"Hattiesburg, MS","Hattiesburg, MS"
2024,25860,315,54,15.19133403979748,3.065726243993179,4.239962796465664,35.55555555555556,25.680933852140075,28.100195609650076,"Hickory-Lenoir-Morganton, NC","Hickory, NC"
2024,26420,6540,1694,27.309766692818283,2.7596275844170823,3.8437418899045532,31.885714285714283,32.46153846153847,27.070201882273853,"Houston-The Woodlands-Sugar Land, TX","Houston, TX"
2024,26620,385,112,33.06909568357131,3.051962876569557,4.376197329892302,27.439999999999998,25.740932642487046,17.035549189400353,"Huntsville, AL","Huntsville, AL"
2024,26900,1738,402,24.078271381081898,2.811570815963662,4.083942205686793,29.4,28.57142857142857,23.947347724403418,"Indianapolis-Carmel-Anderson, IN","Indianapolis, IN"
2024,26980,144,50,35.60362819072082,3.051741630030436,4.32668244842746,60.242074927953894,30.252100840336134,19.006935222074663,"Iowa City, IA","Iowa City, IA"
2024,27060,159,56,40.74929284765918,3.229494262643434,4.516362090947727,36.666666666666664,29.767441860465116,15.747780394999094,"Ithaca, NY","Ithaca, NY"
2024,27100,116,18,12.706618597374328,2.997323340471092,5.177730192719486,26.89075630252101,29.894736842105264,,"Jackson, MI","Jackson, MI"
2024,27140,476,111,26.32580507161929,3.212260450521125,4.690686988680937,32.266666666666666,29.9265306122449,20.463691441249253,"Jackson, MS","Jackson, MS"
2024,27180,131,33,30.477087256748277,3.1639546858908343,5.026570545829042,48.65,26.96470588235294,17.004190675746464,"Jackson, TN","Jackson, TN"
2024,27260,1326,341,31.461824352365053,3.026352044555181,4.220049831452441,32.38095238095238,32.60526315789474,26.863670850404283,"Jacksonville, FL","Jacksonville, FL"
2024,27740,252,61,22.731485056761137,3.2604042806183116,4.5625955495158825,25.72603992076794,28.80886426592798,25.030682689849144,"Johnson City, TN","Johnson City, TN"
2024,27780,133,24,14.09139837557491,2.8805555555555555,4.6097222222222225,16.43835616438356,28.49604221635884,20.879556259904913,"Johnstown, PA","Johnstown, PA"
2024,27860,152,39,32.79949090523413,3.342441390460792,4.111236863379143,37.64326812428078,30.727762803234505,21.300674940126278,"Jonesboro, AR","Jonesboro, AR"
2024,27900,184,39,24.19690599616311,3.048076923076923,4.335357624831309,28.249999999999996,25.39054775558632,19.34157465194431,"Joplin, MO","Joplin, MO"
2024,28020,293,47,19.262276635009226,2.824278537212291,4.434747049889006,38.00298062593144,29.17582417582418,19.80858722200797,"Kalamazoo-Portage, MI","Kalamazoo, MI"
2024,28140,1983,456,23.639734938294122,2.9524952495249526,4.247610475333247,30.220000000000002,27.857142857142858,20.42731725540658,"Kansas City, MO-KS","Kansas City, MO"
2024,28940,910,205,22.50525595267198,3.052096458831197,4.374538344557897,36.22641509433962,28.251428571428573,20.71436581111388,"Knoxville, TN","Knoxville, TN"
2024,29180,383,79,20.75502137613939,3.019529731830548,4.032160901671201,30.857142857142854,28.742583732057415,25.31453129196884,"Lafayette, LA","Lafayette, LA"
2024,29200,257,84,34.226642098417514,2.9750613569788613,4.045681260391102,50.4,29.520000000000003,19.975397426192277,"Lafayette-West Lafayette, IN","Lafayette, IN"
2024,29420,180,36,25.13821379540648,3.0045756457564576,3.844280442804428,26.35294117647059,28.903448275862072,13.994243684042212,"Lake Havasu City-Kingman, AZ","Lake Havasu City, AZ"
2024,29460,590,116,19.81353657367462,3.285956211443087,4.754808273859925,30.86,31.901538461538458,24.693563101875316,"Lakeland-Winter Haven, FL","Lakeland, FL"
2024,29540,411,71,19.757238022034333,3.0089155454692817,4.475684875992868,28.860759493670884,28.936170212765955,27.763975155279503,"Lancaster, PA","Lancaster, PA"
2024,29620,424,104,23.118220318969723,3.064832470716426,4.396758376464179,38.76923076923077,28.300153139356816,18.064146951336795,"Lansing-East Lansing, MI","Lansing, MI"
2024,29700,224,39,18.729185588858613,2.895736512426753,3.401495251565973,37.333333333333336,31.885714285714283,23.75969447708578,"Laredo, TX","Laredo, TX"
2024,29740,163,31,24.822559719148288,3.285011529592621,4.185088393543428,26.13861386138614,28.999999999999996,20.8438701409654,"Las Cruces, NM","Las Cruces, NM"
2024,29820,2826,664,25.587254374233503,2.9775315014422348,4.121375436465766,37.54,34.511111111111106,24.839313301741047,"Las Vegas-Henderson-Paradise, NV","Las Vegas, NV"
2024,29940,125,45,35.43583869821083,3.044248773963442,3.90715559518502,28.774598974698197,26.400000000000002,19.141920623671155,"Lawrence, KS","Lawrence, KS"
2024,30020,183,61,33.0711242215667,3.2497522299306243,4.750578130161877,26.613333333333333,25.44578313253012,14.72224868985231,"Lawton, OK","Lawton, OK"
2024,30140,111,15,12.004251272584886,3.37138863000932,5.0479962721342035,49.26315789473684,30.0,,"Lebanon, PA","Lebanon, PA"
2024,30620,110,24,27.24505327245053,2.9150837988826814,3.964245810055866,39.130434782608695,24.5625,20.826495726495725,"Lima, OH","Lima, OH"
2024,30700,284,77,29.74255240897389,2.738530975639916,3.994497341412143,31.57894736842105,29.549999999999997,18.345820408812536,"Lincoln, NE","Lincoln, NE"
2024,30780,608,157,27.994087157571567,3.036759976982703,4.511119385302779,30.20840950639854,28.26666666666667,17.86071463248859,"Little Rock-North Little Rock-Conway, AR","Little Rock, AR"
2024,31080,19212,2713,15.286348798345866,2.6243373682336286,3.5526790444784786,34.82233502538071,33.0,29.70630010296389,"Los Angeles-Long Beach-Anaheim, CA","Los Angeles, CA"
2024,31140,1193,262,23.21889418941112,2.8181486471314696,4.078393398450657,33.714285714285715,27.841121495327105,22.171016260162602,"Louisville/Jefferson County, KY-IN","Louisville, KY"
2024,31180,522,164,34.97394653375623,3.1146018893387315,4.234008097165992,45.0,29.5875,15.612313494015412,"Lubbock, TX","Lubbock, TX"
2024,31340,257,64,22.845057405893435,2.982884705150148,4.294383071417458,31.475409836065577,28.188235294117646,14.408673108649541,"Lynchburg, VA","Lynchburg, VA"
2024,31460,131,26,27.04635940346852,3.567115768463074,5.12999001996008,34.285714285714285,34.91428571428571,23.92285815854959,"Madera, CA","Madera, CA"
2024,31900,125,20,15.235404896421844,2.9633292130201894,4.705809641532756,26.71748878923767,24.445714285714285,12.372756933115824,"Mansfield, OH","Mansfield, OH"
2024,32580,635,145,23.77625740978994,3.0767169009810864,4.008445433397391,30.0,27.378947368421052,16.40916689885762,"McAllen-Edinburg-Mission, TX","McAllen, TX"
2024,32780,222,47,18.986673703654837,2.852154273801251,3.814280750521195,33.163636363636364,32.78688524590164,15.685466377440347,"Medford, OR","Medford, OR"
2024,32820,1206,243,22.394426430067828,3.129493098697092,4.516135270371534,38.59731543624161,31.881818181818183,19.733047556922312,"Memphis, TN-MS-AR","Memphis, TN"
2024,32900,299,32,10.381483303273761,3.2979731508291654,4.436693866807055,53.21739130434783,31.52542372881356,22.678368611254516,"Merced, CA","Merced, CA"
2024,33100,6500,1392,21.51997314228423,2.7608566455830537,3.667513902449378,40.91294117647059,37.3125,28.34202503729649,"Miami-Fort Lauderdale-West Palm Beach, FL","Miami, FL"
2024,33260,116,33,40.385883905013195,2.741527153940384,3.8862801143323806,30.82909090909091,30.4,18.576485788113693,"Midland, TX","Midland, TX"
2024,33340,1154,228,22.282035991733174,2.604483630897826,3.792040913590204,29.161290322580648,28.5765306122449,23.681704816272237,"Milwaukee-Waukesha-West Allis, WI","Milwaukee, WI"
2024,33460,1958,488,27.55232214169502,2.712070122462674,3.7647374601576917,29.589041095890412,29.333333333333332,24.00303194916432,"Minneapolis-St. Paul-Bloomington, MN-WI","Minneapolis, MN"
2024,33660,304,68,24.13380825466411,3.0706987305191453,4.810816389720301,32.631578947368425,35.08,24.918471337579618,"Mobile, AL","Mobile, AL"
2024,33700,521,75,16.454027588154986,3.0663805436337626,4.268478779208393,40.0,33.2,22.358831710709318,"Modesto, CA","Modesto, CA"
2024,33740,155,21,13.473498561217859,3.250086117809163,4.888046848088185,46.79347826086956,26.557377049180324,16.0,"Monroe, LA","Monroe, LA"
2024,33860,297,69,25.18196502283287,3.3610231232182453,4.508077288565094,37.2,34.909090909090914,20.306674338319908,"Montgomery, AL","Montgomery, AL"
2024,34580,212,43,22.330827067669173,3.1526374859708195,4.441358024691358,33.25,25.33724340175953,19.20781696854147,"Mount Vernon-Anacortes, WA","Mount Vernon, WA"
2024,34620,137,38,29.34500648508431,3.5988950276243092,4.6152486187845305,45.75,24.8,11.840015420200462,"Muncie, IN","Muncie, IN"
2024,34820,285,73,27.449983476116635,3.3310798295980737,4.339970364882386,38.52842809364548,31.512934413378623,21.779713668287414,"Myrtle Beach-Conway-North Myrtle Beach, SC-NC","Myrtle Beach, SC"
2024,34900,167,28,17.80202556064625,3.161192008127328,4.163223840162547,37.5,31.503614457831326,20.043389830508474,"Napa, CA","Napa, CA"
2024,34940,306,67,23.999168448562607,3.0827867838138845,3.9451800519737654,32.0,35.72727272727273,33.00115942028985,"Naples-Immokalee-Marco Island, FL","Naples, FL"
2024,34980,1931,538,27.693835085476483,2.912930314786623,3.981007218975593,32.89389067524115,29.695431472081218,26.094944923875676,"Nashville-Davidson--Murfreesboro--Franklin, TN","Nashville, TN"
2024,35300,876,146,16.130433409148345,2.8032313341493267,4.085630354957161,37.46666666666666,31.385365853658538,23.889296956977965,"New Haven-Milford, CT","New Haven, CT"
2024,35380,1228,258,23.79973289436904,2.9627290285535315,4.285483113222321,34.73793103448276,33.972972972972975,29.10418648905804,"New Orleans-Metairie, LA","New Orleans, LA"
2024,35620,25135,3306,12.777910563532721,2.594514589233878,3.4988529782859965,31.45478374836173,30.342205323193916,34.84289725494789,"New York-Newark-Jersey City, NY-NJ-PA","New York, NY"
2024,35660,118,14,11.031751644155294,2.8826923076923077,3.799358974358974,32.4,30.0,,"Niles-Benton Harbor, MI","Niles, MI"
2024,35840,719,177,27.090934530151863,3.0195065750268166,4.277819713161972,38.02766085387853,37.74,22.20178926441352,"North Port-Sarasota-Bradenton, FL","North Port, FL"
2024,35980,346,70,23.369277001944493,3.3290468986384267,4.574886535552194,31.0192023633678,30.545454545454547,20.236255787037038,"Norwich-New London, CT","Norwich, CT"
2024,36100,212,45,22.814547743726212,3.126928383293616,4.747146619841967,40.285714285714285,29.903536977491964,27.40500992063492,"Ocala, FL","Ocala, FL"
2024,36260,393,101,22.978286555484534,3.0978673185534857,4.150805024024277,32.800000000000004,28.734545454545458,20.802478698683192,"Ogden-Clearfield, UT","Ogden, UT"
2024,36420,988,285,31.28245223632245,3.0188253012048194,4.272606382978723,32.09361702127659,27.92341678939617,20.327365169614303,"Oklahoma City, OK","Oklahoma City, OK"
2024,36500,297,60,21.15751536993852,2.8927855711422845,3.8915330661322645,36.94780600461894,30.0952380952381,20.022122728469846,"Olympia-Tumwater, WA","Olympia, WA"
2024,36540,916,237,27.50917232618708,2.6361056650500463,3.7842069961820246,30.741704619388422,27.84375,19.248847229571396,"Omaha-Council Bluffs, NE-IA","Omaha, NE"
2024,36740,2462,684,28.49712225665676,2.93401218018146,4.048738481205945,36.82224428997021,35.0,26.922014317835266,"Orlando-Kissimmee-Sanford, FL","Orlando, FL"
2024,36780,133,28,20.640060240963855,2.940532652316673,4.135534476468442,34.99636363636364,26.018691588785046,16.19150755200912,"Oshkosh-Neenah, WI","Oshkosh, WI"
2024,37100,833,122,15.479879539106145,2.870938182843448,3.787974906604638,29.87,32.64,23.45955362003266,"Oxnard-Thousand Oaks-Ventura, CA","Oxnard, CA"
2024,37340,573,170,30.414069836933322,3.1328317987873344,4.620256007186167,36.161776367961934,32.86588235294118,24.63702409416958,"Palm Bay-Melbourne-Titusville, FL","Palm Bay, FL"
2024,37460,194,58,34.45390651147224,2.924986508364814,4.1478683216405825,32.64,33.81081081081081,21.821798454709846,"Panama City, FL","Panama City, FL"
2024,37860,433,132,33.994118941409454,3.3400023537719195,4.890902671531129,36.46875,32.928000000000004,23.634318766066837,"Pensacola-Ferry Pass-Brent, FL","Pensacola, FL"
2024,37980,4640,931,21.269695695925204,2.7712507934987003,3.9552885939801894,32.777142857142856,30.0,28.998178261181707,"Philadelphia-Camden-Wilmington, PA-NJ-DE-MD","Philadelphia, PA"
2024,38060,4579,1274,29.66318398468625,2.8905877584110256,3.9983461694365627,32.235955056179776,30.959999999999997,25.57351955842001,"Phoenix-Mesa-Scottsdale, AZ","Phoenix, AZ"
2024,38300,2209,458,22.413686300945578,2.8091560859033344,4.283477751946807,29.049773755656112,27.154549831487724,28.155848416908185,"Pittsburgh, PA","Pittsburgh, PA"
2024,38340,128,20,16.295317220543808,3.00811123986095,5.545384318269602,25.846153846153847,30.476190476190478,16.37801458216489,"Pittsfield, MA","Pittsfield, MA"
2024,38860,379,79,23.91816042006156,2.8620994196315923,4.13663890991673,39.03157894736842,26.909990720692857,28.680586677531064,"Portland-South Portland, ME","Portland, ME"
2024,38900,3031,703,24.555655556081874,2.7490006537278564,3.7253485655496137,31.862068965517242,30.28571428571429,22.735931113983302,"Portland-Vancouver-Hillsboro, OR-WA","Portland, OR"
2024,38940,288,60,17.092523496906438,3.4376899696048633,4.7749378281293176,41.46,36.17142857142857,39.759372275501306,"Port St. Lucie, FL","Port St. Lucie, FL"
2024,39300,1838,306,17.35540310906917,2.892466879412049,4.042500725268349,31.11111111111111,30.05366726296959,26.650089874176153,"Providence-Warwick, RI-MA","Providence, RI"
2024,39340,566,194,38.42918725686047,3.521360171975767,4.694234903263631,30.0,26.53714285714286,22.921218308660883,"Provo-Orem, UT","Provo, UT"
2024,39380,158,33,19.64524021352313,2.9626379847155393,4.251910557599774,38.44897959183673,29.03225806451613,16.95189144736842,"Pueblo, CO","Pueblo, CO"
2024,39580,1345,398,28.802532853363406,3.0970737338754204,4.292141411099399,31.06,30.483870967741932,25.12772389138606,"Raleigh, NC","Raleigh, NC"
2024,39740,310,67,26.811656494455427,3.213930747034306,4.690766271240783,39.14181818181818,30.703124999999996,27.688401091050785,"Reading, PA","Reading, PA"
2024,39820,206,48,24.91215585108749,3.386895197286199,4.944474201035529,34.66666666666667,29.828571428571426,27.987916995009193,"Redding, CA","Redding, CA"
2024,39900,766,212,31.561055727435928,2.770139981443382,3.7189882609221834,31.222222222222225,28.53146853146853,19.746733835252435,"Reno, NV","Reno, NV"
2024,40060,1256,309,26.597933417769397,2.8489797677274784,4.013617461377691,33.15183246073298,30.457765667574932,20.845770816158286,"Richmond, VA","Richmond, VA"
2024,40140,3827,629,17.956211102760932,3.1159518285787566,4.235517679564452,36.32432432432432,34.54054054054054,34.48642581922302,"Riverside-San Bernardino-Ontario, CA","Riverside, CA"
2024,40220,321,72,20.301317290737476,3.227615276535956,4.905990547962703,29.116483516483516,26.790000000000003,17.01180811808118,"Roanoke, VA","Roanoke, VA"
2024,40380,1348,268,21.861142002004474,2.7912453683351126,4.158261634114174,30.2,29.586206896551726,17.269240311616137,"Rochester, NY","Rochester, NY"
2024,40420,316,45,17.9411978573333,3.1659011078087005,4.883004593353148,54.49541284403669,30.321592649310876,25.95980107749689,"Rockford, IL","Rockford, IL"
2024,40580,136,19,17.3343449671219,3.4578348409687774,4.552378173329442,24.225352112676056,30.942857142857143,18.761204013377927,"Rocky Mount, NC","Rocky Mount, NC"
2024,40900,2689,525,20.620040200480318,2.865159115724843,3.956086908360103,35.992001777382804,32.74285714285714,21.46101220349728,"Sacramento--Roseville--Arden-Arcade, CA","Sacramento, CA"
2024,40980,127,27,22.235248143806174,3.198091890534773,4.616118503640472,24.016901408450707,33.43646408839779,17.9156238827315,"Saginaw, MI","Saginaw, MI"
2024,41060,129,23,31.088019057789463,2.4468225657286298,3.4806447351037124,68.0,26.052631578947366,13.984436758893281,"St. Cloud, MN","St. Cloud, MN"
2024,41100,130,55,44.97520104011172,3.5519271948608138,4.841327623126339,30.917647058823526,28.28235294117647,20.230547550432277,"St. George, UT","St. George, UT"
2024,41140,121,28,21.003238933643384,2.668248319493871,3.9806247528667456,30.0,28.875,13.443253467843633,"St. Joseph, MO-KS","St. Joseph, MO"
2024,41180,2286,493,25.030672978856195,2.8221049174744883,4.012807570210541,30.416666666666664,26.088,21.83230400348761,"St. Louis, MO-IL","St. Louis, MO"
2024,41420,496,97,21.432118691414736,2.942070963070239,3.863649529326575,32.73753527751646,31.666666666666664,24.25192078779353,"Salem, OR","Salem, OR"
2024,41500,619,88,11.990372043266373,2.5956629491945478,3.712267657992565,33.40588235294118,34.248,25.001709986320108,"Salinas, CA","Salinas, CA"
2024,41540,290,54,22.40036129614994,3.41015625,4.354586693548387,39.591022443890274,26.594594594594597,25.084752104770814,"Salisbury, MD-DE","Salisbury, MD"
2024,41620,1042,292,28.885044069156606,2.76604887364903,3.7156777637918315,32.39368510880387,28.499999999999996,22.492869080779943,"Salt Lake City, UT","Salt Lake City, UT"
2024,41660,126,29,27.813129706225475,2.9448999046711153,4.086749285033365,31.128,27.234782608695653,23.86849710982659,"San Angelo, TX","San Angelo, TX"
2024,41700,2209,629,33.57352051104794,2.9953179600659587,4.099484804729886,33.609022556390975,31.480000000000004,24.045761394817998,"San Antonio-New Braunfels, TX","San Antonio, TX"
2024,41740,4279,862,21.892546886339005,2.819549467168431,3.8323690781838007,36.92857142857143,32.43956043956044,24.615850051094498,"San Diego-Carlsbad, CA","San Diego, CA"
2024,41860,6702,1302,20.552614804755702,2.6149509426208457,3.5945253505933117,28.57142857142857,28.560000000000002,30.65873387504017,"San Francisco-Oakland-Hayward, CA","San Francisco, CA"
2024,41940,2589,571,23.164559521242182,2.6872936213542804,3.531965961160812,28.54451612903226,26.55,22.79180747367804,"San Jose-Sunnyvale-Santa Clara, CA","San Jose, CA"
2024,42020,336,68,24.334047562362777,3.2747037721491465,4.203826502880748,44.28842504743833,32.666666666666664,20.002982848620434,"San Luis Obispo-Paso Robles-Arroyo Grande, CA","San Luis Obispo, CA"
2024,42100,344,54,20.53193942655085,2.6893797578934233,4.017596405840509,46.2,30.4,27.58407922300514,"Santa Cruz-Watsonville, CA","Santa Cruz, CA"
2024,42140,203,46,26.606583072100314,2.7281716810435515,3.9543446244477174,44.33497536945813,30.518518518518515,33.48039215686274,"Santa Fe, NM","Santa Fe, NM"
2024,42200,652,113,18.081366892603416,3.0465097202854565,4.080715281765237,38.43648208469055,33.04761904761905,21.10549507516848,"Santa Maria-Santa Barbara, CA","Santa Maria, CA"
2024,42220,588,92,17.835022075405774,2.888958147818344,4.091006233303651,32.188235294117646,32.265420560747664,20.238740064763025,"Santa Rosa, CA","Santa Rosa, CA"
2024,42540,483,78,14.85616928061822,2.870468973991399,4.38511161171411,32.22857142857143,26.615384615384613,20.760132501948558,"Scranton--Wilkes-Barre--Hazleton, PA","Scranton, PA"
2024,42660,4843,1252,28.55532193225057,2.5997939535297223,3.539005015192005,30.74626865671642,29.30607028753994,26.340124112656103,"Seattle-Tacoma-Bellevue, WA","Seattle, WA"
2024,42680,122,20,15.535227090354677,2.8269628099173554,4.089359504132231,32.79272727272728,32.0,,"Sebastian-Vero Beach, FL","Sebastian, FL"
2024,43340,400,85,24.60984393757503,2.9853658536585366,4.307545731707317,43.3125,34.8433734939759,18.26766304347826,"Shreveport-Bossier City, LA","Shreveport, LA"
2024,43900,270,67,29.313733868900094,3.1020408163265305,4.267930029154519,29.459999999999997,29.064,23.788580885395117,"Spartanburg, SC","Spartanburg, SC"
2024,44060,767,180,26.020653218059557,3.0855099215505306,4.375311490539917,28.11638591117917,29.734513274336283,20.556527131782946,"Spokane-Spokane Valley, WA","Spokane, WA"
2024,44100,201,36,17.840745113472387,3.2340686274509802,4.7159313725490195,33.6,26.83804627249357,15.958631064309891,"Springfield, IL","Springfield, IL"
2024,44140,626,100,16.787335409085795,2.971247672253259,4.133631284916201,30.858995137763372,33.91304347826087,17.775290130430317,"Springfield, MA","Springfield, MA"
2024,44180,470,119,29.562235866358343,3.00911690133247,4.2416788045530565,28.560000000000002,24.0,19.926393346950686,"Springfield, MO","Springfield, MO"
2024,44220,145,29,27.80002669870511,3.0350540216086435,4.651860744297719,30.9,23.466666666666665,26.889307228915662,"Springfield, OH","Springfield, OH"
2024,44300,160,44,27.069069673781716,2.5428677701320437,3.3332713408964105,45.10344827586207,32.11851851851852,15.658187206717708,"State College, PA","State College, PA"
2024,44700,724,105,16.476269775187344,3.0491880601037664,4.361498551310558,34.20814479638009,30.585683297180044,34.763997395833336,"Stockton-Lodi, CA","Stockton, CA"
2024,45060,917,184,23.683861556822702,2.8216430825613354,4.120635243815535,32.54328358208956,28.936170212765955,20.567624223602486,"Syracuse, NY","Syracuse, NY"
2024,45300,3230,817,26.880807429661395,2.8665372156701325,4.012518567568051,36.97478991596639,35.18490566037736,27.066737174681375,"Tampa-St. Petersburg-Clearwater, FL","Tampa, FL"
2024,45780,660,133,22.18546210257268,2.8945895020188424,4.210390309555855,31.35,27.61061946902655,21.34024459382846,"Toledo, OH","Toledo, OH"
2024,45820,299,62,21.570856014835197,3.0899889073765947,4.3831114808652245,34.32,24.147783251231527,18.110592283116244,"Topeka, KS","Topeka, KS"
2024,45940,333,67,21.592559233865778,2.8793734570528646,3.9707159274708435,26.228571428571428,29.243999999999996,19.530399458361543,"Trenton, NJ","Trenton, NJ"
2024,46060,1124,307,29.092781066735306,2.7709230033476806,3.859014825442372,32.59701492537314,28.9749430523918,22.972795003010233,"Tucson, AZ","Tucson, AZ"
2024,46140,1136,264,24.03126346402413,2.916239459898591,4.130319074432025,29.264957264957264,27.378947368421052,23.417541820596902,"Tulsa, OK","Tulsa, OK"
2024,46220,206,69,35.71619415169957,3.091596708503034,4.330147119940155,31.772727272727273,25.820689655172412,19.724599284673467,"Tuscaloosa, AL","Tuscaloosa, AL"
2024,46340,262,62,21.810542398777695,3.078968317146951,4.185639229422066,29.17297297297297,30.9375,15.764214801444043,"Tyler, TX","Tyler, TX"
2024,46520,1195,267,22.964573570759136,2.9676123934833,3.868621241307258,38.094946401225116,28.57941176470588,22.96855397482678,"Urban Honolulu, HI","Urban Honolulu, HI"
2024,46540,294,46,15.697874389488891,2.9430324276950044,4.087423312883436,35.0,26.22680412371134,15.820730117340286,"Utica-Rome, NY","Utica, NY"
2024,46700,451,80,18.849758880662908,3.0690027925412124,4.110800828754166,38.1,37.0,25.75556366289675,"Vallejo-Fairfield, CA","Vallejo, CA"
2024,47260,1923,462,25.66510425739646,3.0728785200151534,4.416403586311403,33.79746835443038,32.28373702422145,24.3167011434157,"Virginia Beach-Norfolk-Newport News, VA-NC","Virginia Beach, VA"
2024,47300,526,58,12.691341304773953,3.2059814658803707,4.50154450996911,38.53615520282187,30.0,26.644397463002115,"Visalia-Porterville, CA","Visalia, CA"
2024,47380,287,85,36.344212982485736,2.927134900990099,4.00363551980198,35.4,33.7979797979798,14.629420084865629,"Waco, TX","Waco, TX"
2024,47580,133,29,35.51414768806073,3.0619251198341755,3.99404067884441,35.4,32.66,22.118270453582028,"Warner Robins, GA","Warner Robins, GA"
2024,47900,6768,1698,24.81804879902706,2.753502995731322,3.9474407074902853,30.724373576309794,28.64516129032258,32.16426592797784,"Washington-Arlington-Alexandria, DC-VA-MD-WV","Washington, DC"
2024,48300,113,20,16.584605284752996,2.809995051954478,3.6348342404750125,35.747368421052634,26.545454545454543,34.9702743902439,"Wenatchee, WA","Wenatchee, WA"
2024,48620,542,118,25.227768186801413,2.6771728271728272,3.851198801198801,29.333333333333332,25.357142857142854,16.230206095329038,"Wichita, KS","Wichita, KS"
2024,48660,213,52,23.42419080068143,2.839272727272727,4.036363636363636,25.70909090909091,29.5364238410596,11.89029168480627,"Wichita Falls, TX","Wichita Falls, TX"
2024,48900,306,99,36.482993197278915,2.931630306420536,3.732674498104295,47.108753315649864,31.868852459016395,18.586249449096517,"Wilmington, NC","Wilmington, NC"
2024,49180,532,130,25.747671806778893,2.9877965104881397,4.513183689472652,37.08,31.6,19.946007876834944,"Winston-Salem, NC","Winston, NC"
2024,49340,963,146,17.397096155296207,2.6832651095593545,3.682639056104021,30.836363636363632,30.664670658682635,32.11304161304162,"Worcester, MA-CT","Worcester, MA"
2024,49420,272,43,16.88006828851899,2.9741737402925774,4.246523388116309,29.015544041450774,24.9,22.03360865850185,"Yakima, WA","Yakima, WA"
2024,49620,301,54,22.460730339916157,2.9731279514279287,4.436024286035529,30.122448979591837,30.804878048780488,28.444577899794098,"York-Hanover, PA","York, PA"
2024,49660,478,100,26.119946479684298,2.920178965114771,4.3755025288548826,30.75,28.421052631578945,18.67767358339984,"Youngstown-Warren-Boardman, OH-PA","Youngstown, OH"
2024,49700,154,22,14.527610008628129,3.1763177431328877,4.828507795100223,52.83018867924528,31.97080291970803,17.69431554524362,"Yuba City, CA","Yuba City, CA"
2024,49740,166,34,24.697828139754485,2.5322118141846683,3.378130376601032,16.518828451882843,28.65671641791045,14.801401869158878,"Yuma, AZ","Yuma, AZ"
