cbsa_code,msa_name_short,CBSA Title,Metropolitan Division Title,County/County Equivalent,State Name,state_fips,county_fips,fips_5
12060,"Atlanta-Sandy Springs-Roswell, GA","Atlanta-Sandy Springs-Roswell, GA","Atlanta-Sandy Springs-Roswell, GA",Barrow County,Georgia,13,013,13013
12060,"Atlanta-Sandy Springs-Roswell, GA","Atlanta-Sandy Springs-Roswell, GA","Atlanta-Sandy Springs-Roswell, GA",Butts County,Georgia,13,035,13035
12060,"Atlanta-Sandy Springs-Roswell, GA","Atlanta-Sandy Springs-Roswell, GA","Atlanta-Sandy Springs-Roswell, GA",Carroll County,Georgia,13,045,13045
12060,"Atlanta-Sandy Springs-Roswell, GA","Atlanta-Sandy Springs-Roswell, GA","Atlanta-Sandy Springs-Roswell, GA",Clayton County,Georgia,13,063,13063
12060,"Atlanta-Sandy Springs-Roswell, GA","Atlanta-Sandy Springs-Roswell, GA","Atlanta-Sandy Springs-Roswell, GA",Coweta County,Georgia,13,077,13077
12060,"Atlanta-Sandy Springs-Roswell, GA","Atlanta-Sandy Springs-Roswell, GA","Atlanta-Sandy Springs-Roswell, GA",Dawson County,Georgia,13,085,13085
12060,"Atlanta-Sandy Springs-Roswell, GA","Atlanta-Sandy Springs-Roswell, GA","Atlanta-Sandy Springs-Roswell, GA",DeKalb County,Georgia,13,089,13089
12060,"Atlanta-Sandy Springs-Roswell, GA","Atlanta-Sandy Springs-Roswell, GA","Atlanta-Sandy Springs-Roswell, GA",Douglas County,Georgia,13,097,13097
12060,"Atlanta-Sandy Springs-Roswell, GA","Atlanta-Sandy Springs-Roswell, GA","Atlanta-Sandy Springs-Roswell, GA",Fayette County,Georgia,13,113,13113
12060,"Atlanta-Sandy Springs-Roswell, GA","Atlanta-Sandy Springs-Roswell, GA","Atlanta-Sandy Springs-Roswell, GA",Forsyth County,Georgia,13,117,13117
12060,"Atlanta-Sandy Springs-Roswell, GA","Atlanta-Sandy Springs-Roswell, GA","Atlanta-Sandy Springs-Roswell, GA",Fulton County,Georgia,13,121,13121
12060,"Atlanta-Sandy Springs-Roswell, GA","Atlanta-Sandy Springs-Roswell, GA","Atlanta-Sandy Springs-Roswell, GA",Gwinnett County,Georgia,13,135,13135
12060,"Atlanta-Sandy Springs-Roswell, GA","Atlanta-Sandy Springs-Roswell, GA","Atlanta-Sandy Springs-Roswell, GA",Heard County,Georgia,13,149,13149
12060,"Atlanta-Sandy Springs-Roswell, GA","Atlanta-Sandy Springs-Roswell, GA","Atlanta-Sandy Springs-Roswell, GA",Henry County,Georgia,13,151,13151
12060,"Atlanta-Sandy Springs-Roswell, GA","Atlanta-Sandy Springs-Roswell, GA","Atlanta-Sandy Springs-Roswell, GA",Jasper County,Georgia,13,159,13159
12060,"Atlanta-Sandy Springs-Roswell, GA","Atlanta-Sandy Springs-Roswell, GA","Atlanta-Sandy Springs-Roswell, GA",Lumpkin County,Georgia,13,187,13187
12060,"Atlanta-Sandy Springs-Roswell, GA","Atlanta-Sandy Springs-Roswell, GA","Atlanta-Sandy Springs-Roswell, GA",Meriwether County,Georgia,13,199,13199
12060,"Atlanta-Sandy Springs-Roswell, GA","Atlanta-Sandy Springs-Roswell, GA","Atlanta-Sandy Springs-Roswell, GA",Morgan County,Georgia,13,211,13211
12060,"Atlanta-Sandy Springs-Roswell, GA","Atlanta-Sandy Springs-Roswell, GA","Atlanta-Sandy Springs-Roswell, GA",Newton County,Georgia,13,217,13217
12060,"Atlanta-Sandy Springs-Roswell, GA","Atlanta-Sandy Springs-Roswell, GA","Atlanta-Sandy Springs-Roswell, GA",Pickens County,Georgia,13,227,13227
12060,"Atlanta-Sandy Springs-Roswell, GA","Atlanta-Sandy Springs-Roswell, GA","Atlanta-Sandy Springs-Roswell, GA",Pike County,Georgia,13,231,13231
12060,"Atlanta-Sandy Springs-Roswell, GA","Atlanta-Sandy Springs-Roswell, GA","Atlanta-Sandy Springs-Roswell, GA",Rockdale County,Georgia,13,247,13247
12060,"Atlanta-Sandy Springs-Roswell, GA","Atlanta-Sandy Springs-Roswell, GA","Atlanta-Sandy Springs-Roswell, GA",Spalding County,Georgia,13,255,13255
12060,"Atlanta-Sandy Springs-Roswell, GA","Atlanta-Sandy Springs-Roswell, GA","Atlanta-Sandy Springs-Roswell, GA",Walton County,Georgia,13,297,13297
12060,"Atlanta-Sandy Springs-Roswell, GA","Atlanta-Sandy Springs-Roswell, GA","Marietta, GA",Bartow County,Georgia,13,015,13015
12060,"Atlanta-Sandy Springs-Roswell, GA","Atlanta-Sandy Springs-Roswell, GA","Marietta, GA",Cherokee County,Georgia,13,057,13057
12060,"Atlanta-Sandy Springs-Roswell, GA","Atlanta-Sandy Springs-Roswell, GA","Marietta, GA",Cobb County,Georgia,13,067,13067
12060,"Atlanta-Sandy Springs-Roswell, GA","Atlanta-Sandy Springs-Roswell, GA","Marietta, GA",Haralson County,Georgia,13,143,13143
12060,"Atlanta-Sandy Springs-Roswell, GA","Atlanta-Sandy Springs-Roswell, GA","Marietta, GA",Paulding County,Georgia,13,223,13223
12420,"Austin-Round Rock-San Marcos, TX","Austin-Round Rock-San Marcos, TX",,Bastrop County,Texas,48,021,48021
12420,"Austin-Round Rock-San Marcos, TX","Austin-Round Rock-San Marcos, TX",,Caldwell County,Texas,48,055,48055
12420,"Austin-Round Rock-San Marcos, TX","Austin-Round Rock-San Marcos, TX",,Hays County,Texas,48,209,48209
12420,"Austin-Round Rock-San Marcos, TX","Austin-Round Rock-San Marcos, TX",,Travis County,Texas,48,453,48453
12420,"Austin-Round Rock-San Marcos, TX","Austin-Round Rock-San Marcos, TX",,Williamson County,Texas,48,491,48491
16740,"Charlotte-Concord-Gastonia, NC-SC","Charlotte-Concord-Gastonia, NC-SC",,Anson County,North Carolina,37,007,37007
16740,"Charlotte-Concord-Gastonia, NC-SC","Charlotte-Concord-Gastonia, NC-SC",,Cabarrus County,North Carolina,37,025,37025
16740,"Charlotte-Concord-Gastonia, NC-SC","Charlotte-Concord-Gastonia, NC-SC",,Gaston County,North Carolina,37,071,37071
16740,"Charlotte-Concord-Gastonia, NC-SC","Charlotte-Concord-Gastonia, NC-SC",,Iredell County,North Carolina,37,097,37097
16740,"Charlotte-Concord-Gastonia, NC-SC","Charlotte-Concord-Gastonia, NC-SC",,Lincoln County,North Carolina,37,109,37109
16740,"Charlotte-Concord-Gastonia, NC-SC","Charlotte-Concord-Gastonia, NC-SC",,Mecklenburg County,North Carolina,37,119,37119
16740,"Charlotte-Concord-Gastonia, NC-SC","Charlotte-Concord-Gastonia, NC-SC",,Rowan County,North Carolina,37,159,37159
16740,"Charlotte-Concord-Gastonia, NC-SC","Charlotte-Concord-Gastonia, NC-SC",,Union County,North Carolina,37,179,37179
16740,"Charlotte-Concord-Gastonia, NC-SC","Charlotte-Concord-Gastonia, NC-SC",,Chester County,South Carolina,45,023,45023
16740,"Charlotte-Concord-Gastonia, NC-SC","Charlotte-Concord-Gastonia, NC-SC",,Lancaster County,South Carolina,45,057,45057
16740,"Charlotte-Concord-Gastonia, NC-SC","Charlotte-Concord-Gastonia, NC-SC",,York County,South Carolina,45,091,45091
16980,"Chicago-Naperville-Elgin, IL-IN","Chicago-Naperville-Elgin, IL-IN","Chicago-Naperville-Schaumburg, IL",Cook County,Illinois,17,031,17031
16980,"Chicago-Naperville-Elgin, IL-IN","Chicago-Naperville-Elgin, IL-IN","Chicago-Naperville-Schaumburg, IL",DuPage County,Illinois,17,043,17043
16980,"Chicago-Naperville-Elgin, IL-IN","Chicago-Naperville-Elgin, IL-IN","Chicago-Naperville-Schaumburg, IL",Grundy County,Illinois,17,063,17063
16980,"Chicago-Naperville-Elgin, IL-IN","Chicago-Naperville-Elgin, IL-IN","Chicago-Naperville-Schaumburg, IL",McHenry County,Illinois,17,111,17111
16980,"Chicago-Naperville-Elgin, IL-IN","Chicago-Naperville-Elgin, IL-IN","Chicago-Naperville-Schaumburg, IL",Will County,Illinois,17,197,17197
16980,"Chicago-Naperville-Elgin, IL-IN","Chicago-Naperville-Elgin, IL-IN","Elgin, IL",DeKalb County,Illinois,17,037,17037
16980,"Chicago-Naperville-Elgin, IL-IN","Chicago-Naperville-Elgin, IL-IN","Elgin, IL",Kane County,Illinois,17,089,17089
16980,"Chicago-Naperville-Elgin, IL-IN","Chicago-Naperville-Elgin, IL-IN","Elgin, IL",Kendall County,Illinois,17,093,17093
16980,"Chicago-Naperville-Elgin, IL-IN","Chicago-Naperville-Elgin, IL-IN","Lake County, IL",Lake County,Illinois,17,097,17097
16980,"Chicago-Naperville-Elgin, IL-IN","Chicago-Naperville-Elgin, IL-IN","Lake County-Porter County-Jasper County, IN",Jasper County,Indiana,18,073,18073
16980,"Chicago-Naperville-Elgin, IL-IN","Chicago-Naperville-Elgin, IL-IN","Lake County-Porter County-Jasper County, IN",Lake County,Indiana,18,089,18089
16980,"Chicago-Naperville-Elgin, IL-IN","Chicago-Naperville-Elgin, IL-IN","Lake County-Porter County-Jasper County, IN",Newton County,Indiana,18,111,18111
16980,"Chicago-Naperville-Elgin, IL-IN","Chicago-Naperville-Elgin, IL-IN","Lake County-Porter County-Jasper County, IN",Porter County,Indiana,18,127,18127
19100,"Dallas-Fort Worth-Arlington, TX","Dallas-Fort Worth-Arlington, TX","Dallas-Plano-Irving, TX",Collin County,Texas,48,085,48085
19100,"Dallas-Fort Worth-Arlington, TX","Dallas-Fort Worth-Arlington, TX","Dallas-Plano-Irving, TX",Dallas County,Texas,48,113,48113
19100,"Dallas-Fort Worth-Arlington, TX","Dallas-Fort Worth-Arlington, TX","Dallas-Plano-Irving, TX",Denton County,Texas,48,121,48121
19100,"Dallas-Fort Worth-Arlington, TX","Dallas-Fort Worth-Arlington, TX","Dallas-Plano-Irving, TX",Ellis County,Texas,48,139,48139
19100,"Dallas-Fort Worth-Arlington, TX","Dallas-Fort Worth-Arlington, TX","Dallas-Plano-Irving, TX",Hunt County,Texas,48,231,48231
19100,"Dallas-Fort Worth-Arlington, TX","Dallas-Fort Worth-Arlington, TX","Dallas-Plano-Irving, TX",Kaufman County,Texas,48,257,48257
19100,"Dallas-Fort Worth-Arlington, TX","Dallas-Fort Worth-Arlington, TX","Dallas-Plano-Irving, TX",Rockwall County,Texas,48,397,48397
19100,"Dallas-Fort Worth-Arlington, TX","Dallas-Fort Worth-Arlington, TX","Fort Worth-Arlington-Grapevine, TX",Johnson County,Texas,48,251,48251
19100,"Dallas-Fort Worth-Arlington, TX","Dallas-Fort Worth-Arlington, TX","Fort Worth-Arlington-Grapevine, TX",Parker County,Texas,48,367,48367
19100,"Dallas-Fort Worth-Arlington, TX","Dallas-Fort Worth-Arlington, TX","Fort Worth-Arlington-Grapevine, TX",Tarrant County,Texas,48,439,48439
19100,"Dallas-Fort Worth-Arlington, TX","Dallas-Fort Worth-Arlington, TX","Fort Worth-Arlington-Grapevine, TX",Wise County,Texas,48,497,48497
26420,"Houston-The Woodlands-Sugar Land, TX","Houston-Pasadena-The Woodlands, TX",,Austin County,Texas,48,015,48015
26420,"Houston-The Woodlands-Sugar Land, TX","Houston-Pasadena-The Woodlands, TX",,Brazoria County,Texas,48,039,48039
26420,"Houston-The Woodlands-Sugar Land, TX","Houston-Pasadena-The Woodlands, TX",,Chambers County,Texas,48,071,48071
26420,"Houston-The Woodlands-Sugar Land, TX","Houston-Pasadena-The Woodlands, TX",,Fort Bend County,Texas,48,157,48157
26420,"Houston-The Woodlands-Sugar Land, TX","Houston-Pasadena-The Woodlands, TX",,Galveston County,Texas,48,167,48167
26420,"Houston-The Woodlands-Sugar Land, TX","Houston-Pasadena-The Woodlands, TX",,Harris County,Texas,48,201,48201
26420,"Houston-The Woodlands-Sugar Land, TX","Houston-Pasadena-The Woodlands, TX",,Liberty County,Texas,48,291,48291
26420,"Houston-The Woodlands-Sugar Land, TX","Houston-Pasadena-The Woodlands, TX",,Montgomery County,Texas,48,339,48339
26420,"Houston-The Woodlands-Sugar Land, TX","Houston-Pasadena-The Woodlands, TX",,San Jacinto County,Texas,48,407,48407
26420,"Houston-The Woodlands-Sugar Land, TX","Houston-Pasadena-The Woodlands, TX",,Waller County,Texas,48,473,48473
31080,"Los Angeles-Long Beach-Anaheim, CA","Los Angeles-Long Beach-Anaheim, CA","Anaheim-Santa Ana-Irvine, CA",Orange County,California,06,059,06059
31080,"Los Angeles-Long Beach-Anaheim, CA","Los Angeles-Long Beach-Anaheim, CA","Los Angeles-Long Beach-Glendale, CA",Los Angeles County,California,06,037,06037
33100,"Miami-Fort Lauderdale-Pompano Beach, FL","Miami-Fort Lauderdale-West Palm Beach, FL","Fort Lauderdale-Pompano Beach-Sunrise, FL",Broward County,Florida,12,011,12011
33100,"Miami-Fort Lauderdale-Pompano Beach, FL","Miami-Fort Lauderdale-West Palm Beach, FL","Miami-Miami Beach-Kendall, FL",Miami-Dade County,Florida,12,086,12086
33100,"Miami-Fort Lauderdale-Pompano Beach, FL","Miami-Fort Lauderdale-West Palm Beach, FL","West Palm Beach-Boca Raton-Delray Beach, FL",Palm Beach County,Florida,12,099,12099
35620,"New York-Newark-Jersey City, NY-NJ","New York-Newark-Jersey City, NY-NJ","Lakewood-New Brunswick, NJ",Middlesex County,New Jersey,34,023,34023
35620,"New York-Newark-Jersey City, NY-NJ","New York-Newark-Jersey City, NY-NJ","Lakewood-New Brunswick, NJ",Monmouth County,New Jersey,34,025,34025
35620,"New York-Newark-Jersey City, NY-NJ","New York-Newark-Jersey City, NY-NJ","Lakewood-New Brunswick, NJ",Ocean County,New Jersey,34,029,34029
35620,"New York-Newark-Jersey City, NY-NJ","New York-Newark-Jersey City, NY-NJ","Lakewood-New Brunswick, NJ",Somerset County,New Jersey,34,035,34035
35620,"New York-Newark-Jersey City, NY-NJ","New York-Newark-Jersey City, NY-NJ","Nassau County-Suffolk County, NY",Nassau County,New York,36,059,36059
35620,"New York-Newark-Jersey City, NY-NJ","New York-Newark-Jersey City, NY-NJ","Nassau County-Suffolk County, NY",Suffolk County,New York,36,103,36103
35620,"New York-Newark-Jersey City, NY-NJ","New York-Newark-Jersey City, NY-NJ","Newark, NJ",Essex County,New Jersey,34,013,34013
35620,"New York-Newark-Jersey City, NY-NJ","New York-Newark-Jersey City, NY-NJ","Newark, NJ",Hunterdon County,New Jersey,34,019,34019
35620,"New York-Newark-Jersey City, NY-NJ","New York-Newark-Jersey City, NY-NJ","Newark, NJ",Morris County,New Jersey,34,027,34027
35620,"New York-Newark-Jersey City, NY-NJ","New York-Newark-Jersey City, NY-NJ","Newark, NJ",Sussex County,New Jersey,34,037,34037
35620,"New York-Newark-Jersey City, NY-NJ","New York-Newark-Jersey City, NY-NJ","Newark, NJ",Union County,New Jersey,34,039,34039
35620,"New York-Newark-Jersey City, NY-NJ","New York-Newark-Jersey City, NY-NJ","New York-Jersey City-White Plains, NY-NJ",Bergen County,New Jersey,34,003,34003
35620,"New York-Newark-Jersey City, NY-NJ","New York-Newark-Jersey City, NY-NJ","New York-Jersey City-White Plains, NY-NJ",Hudson County,New Jersey,34,017,34017
35620,"New York-Newark-Jersey City, NY-NJ","New York-Newark-Jersey City, NY-NJ","New York-Jersey City-White Plains, NY-NJ",Passaic County,New Jersey,34,031,34031
35620,"New York-Newark-Jersey City, NY-NJ","New York-Newark-Jersey City, NY-NJ","New York-Jersey City-White Plains, NY-NJ",Bronx County,New York,36,005,36005
35620,"New York-Newark-Jersey City, NY-NJ","New York-Newark-Jersey City, NY-NJ","New York-Jersey City-White Plains, NY-NJ",Kings County,New York,36,047,36047
35620,"New York-Newark-Jersey City, NY-NJ","New York-Newark-Jersey City, NY-NJ","New York-Jersey City-White Plains, NY-NJ",New York County,New York,36,061,36061
35620,"New York-Newark-Jersey City, NY-NJ","New York-Newark-Jersey City, NY-NJ","New York-Jersey City-White Plains, NY-NJ",Putnam County,New York,36,079,36079
35620,"New York-Newark-Jersey City, NY-NJ","New York-Newark-Jersey City, NY-NJ","New York-Jersey City-White Plains, NY-NJ",Queens County,New York,36,081,36081
35620,"New York-Newark-Jersey City, NY-NJ","New York-Newark-Jersey City, NY-NJ","New York-Jersey City-White Plains, NY-NJ",Richmond County,New York,36,085,36085
35620,"New York-Newark-Jersey City, NY-NJ","New York-Newark-Jersey City, NY-NJ","New York-Jersey City-White Plains, NY-NJ",Rockland County,New York,36,087,36087
35620,"New York-Newark-Jersey City, NY-NJ","New York-Newark-Jersey City, NY-NJ","New York-Jersey City-White Plains, NY-NJ",Westchester County,New York,36,119,36119
37980,"Philadelphia-Camden-Wilmington, PA-NJ-DE-MD","Philadelphia-Camden-Wilmington, PA-NJ-DE-MD","Camden, NJ",Burlington County,New Jersey,34,005,34005
37980,"Philadelphia-Camden-Wilmington, PA-NJ-DE-MD","Philadelphia-Camden-Wilmington, PA-NJ-DE-MD","Camden, NJ",Camden County,New Jersey,34,007,34007
37980,"Philadelphia-Camden-Wilmington, PA-NJ-DE-MD","Philadelphia-Camden-Wilmington, PA-NJ-DE-MD","Camden, NJ",Gloucester County,New Jersey,34,015,34015
37980,"Philadelphia-Camden-Wilmington, PA-NJ-DE-MD","Philadelphia-Camden-Wilmington, PA-NJ-DE-MD","Montgomery County-Bucks County-Chester County, PA",Bucks County,Pennsylvania,42,017,42017
37980,"Philadelphia-Camden-Wilmington, PA-NJ-DE-MD","Philadelphia-Camden-Wilmington, PA-NJ-DE-MD","Montgomery County-Bucks County-Chester County, PA",Chester County,Pennsylvania,42,029,42029
37980,"Philadelphia-Camden-Wilmington, PA-NJ-DE-MD","Philadelphia-Camden-Wilmington, PA-NJ-DE-MD","Montgomery County-Bucks County-Chester County, PA",Montgomery County,Pennsylvania,42,091,42091
37980,"Philadelphia-Camden-Wilmington, PA-NJ-DE-MD","Philadelphia-Camden-Wilmington, PA-NJ-DE-MD","Philadelphia, PA",Delaware County,Pennsylvania,42,045,42045
37980,"Philadelphia-Camden-Wilmington, PA-NJ-DE-MD","Philadelphia-Camden-Wilmington, PA-NJ-DE-MD","Philadelphia, PA",Philadelphia County,Pennsylvania,42,101,42101
37980,"Philadelphia-Camden-Wilmington, PA-NJ-DE-MD","Philadelphia-Camden-Wilmington, PA-NJ-DE-MD","Wilmington, DE-MD-NJ",New Castle County,Delaware,10,003,10003
37980,"Philadelphia-Camden-Wilmington, PA-NJ-DE-MD","Philadelphia-Camden-Wilmington, PA-NJ-DE-MD","Wilmington, DE-MD-NJ",Cecil County,Maryland,24,015,24015
37980,"Philadelphia-Camden-Wilmington, PA-NJ-DE-MD","Philadelphia-Camden-Wilmington, PA-NJ-DE-MD","Wilmington, DE-MD-NJ",Salem County,New Jersey,34,033,34033
38060,"Phoenix-Mesa-Chandler, AZ","Phoenix-Mesa-Chandler, AZ",,Maricopa County,Arizona,04,013,04013
38060,"Phoenix-Mesa-Chandler, AZ","Phoenix-Mesa-Chandler, AZ",,Pinal County,Arizona,04,021,04021
47900,"Washington-Arlington-Alexandria, DC-VA-MD-WV","Washington-Arlington-Alexandria, DC-VA-MD-WV","Arlington-Alexandria-Reston, VA-WV",Arlington County,Virginia,51,013,51013
47900,"Washington-Arlington-Alexandria, DC-VA-MD-WV","Washington-Arlington-Alexandria, DC-VA-MD-WV","Arlington-Alexandria-Reston, VA-WV",Clarke County,Virginia,51,043,51043
47900,"Washington-Arlington-Alexandria, DC-VA-MD-WV","Washington-Arlington-Alexandria, DC-VA-MD-WV","Arlington-Alexandria-Reston, VA-WV",Culpeper County,Virginia,51,047,51047
47900,"Washington-Arlington-Alexandria, DC-VA-MD-WV","Washington-Arlington-Alexandria, DC-VA-MD-WV","Arlington-Alexandria-Reston, VA-WV",Fairfax County,Virginia,51,059,51059
47900,"Washington-Arlington-Alexandria, DC-VA-MD-WV","Washington-Arlington-Alexandria, DC-VA-MD-WV","Arlington-Alexandria-Reston, VA-WV",Fauquier County,Virginia,51,061,51061
47900,"Washington-Arlington-Alexandria, DC-VA-MD-WV","Washington-Arlington-Alexandria, DC-VA-MD-WV","Arlington-Alexandria-Reston, VA-WV",Loudoun County,Virginia,51,107,51107
47900,"Washington-Arlington-Alexandria, DC-VA-MD-WV","Washington-Arlington-Alexandria, DC-VA-MD-WV","Arlington-Alexandria-Reston, VA-WV",Prince William County,Virginia,51,153,51153
47900,"Washington-Arlington-Alexandria, DC-VA-MD-WV","Washington-Arlington-Alexandria, DC-VA-MD-WV","Arlington-Alexandria-Reston, VA-WV",Rappahannock County,Virginia,51,157,51157
47900,"Washington-Arlington-Alexandria, DC-VA-MD-WV","Washington-Arlington-Alexandria, DC-VA-MD-WV","Arlington-Alexandria-Reston, VA-WV",Spotsylvania County,Virginia,51,177,51177
47900,"Washington-Arlington-Alexandria, DC-VA-MD-WV","Washington-Arlington-Alexandria, DC-VA-MD-WV","Arlington-Alexandria-Reston, VA-WV",Stafford County,Virginia,51,179,51179
47900,"Washington-Arlington-Alexandria, DC-VA-MD-WV","Washington-Arlington-Alexandria, DC-VA-MD-WV","Arlington-Alexandria-Reston, VA-WV",Warren County,Virginia,51,187,51187
47900,"Washington-Arlington-Alexandria, DC-VA-MD-WV","Washington-Arlington-Alexandria, DC-VA-MD-WV","Arlington-Alexandria-Reston, VA-WV",Alexandria city,Virginia,51,510,51510
47900,"Washington-Arlington-Alexandria, DC-VA-MD-WV","Washington-Arlington-Alexandria, DC-VA-MD-WV","Arlington-Alexandria-Reston, VA-WV",Fairfax city,Virginia,51,600,51600
47900,"Washington-Arlington-Alexandria, DC-VA-MD-WV","Washington-Arlington-Alexandria, DC-VA-MD-WV","Arlington-Alexandria-Reston, VA-WV",Falls Church city,Virginia,51,610,51610
47900,"Washington-Arlington-Alexandria, DC-VA-MD-WV","Washington-Arlington-Alexandria, DC-VA-MD-WV","Arlington-Alexandria-Reston, VA-WV",Fredericksburg city,Virginia,51,630,51630
47900,"Washington-Arlington-Alexandria, DC-VA-MD-WV","Washington-Arlington-Alexandria, DC-VA-MD-WV","Arlington-Alexandria-Reston, VA-WV",Manassas city,Virginia,51,683,51683
47900,"Washington-Arlington-Alexandria, DC-VA-MD-WV","Washington-Arlington-Alexandria, DC-VA-MD-WV","Arlington-Alexandria-Reston, VA-WV",Manassas Park city,Virginia,51,685,51685
47900,"Washington-Arlington-Alexandria, DC-VA-MD-WV","Washington-Arlington-Alexandria, DC-VA-MD-WV","Arlington-Alexandria-Reston, VA-WV",Jefferson County,West Virginia,54,037,54037
47900,"Washington-Arlington-Alexandria, DC-VA-MD-WV","Washington-Arlington-Alexandria, DC-VA-MD-WV","Frederick-Gaithersburg-Bethesda, MD",Frederick County,Maryland,24,021,24021
47900,"Washington-Arlington-Alexandria, DC-VA-MD-WV","Washington-Arlington-Alexandria, DC-VA-MD-WV","Frederick-Gaithersburg-Bethesda, MD",Montgomery County,Maryland,24,031,24031
47900,"Washington-Arlington-Alexandria, DC-VA-MD-WV","Washington-Arlington-Alexandria, DC-VA-MD-WV","Washington, DC-MD",District of Columbia,District of Columbia,11,001,11001
47900,"Washington-Arlington-Alexandria, DC-VA-MD-WV","Washington-Arlington-Alexandria, DC-VA-MD-WV","Washington, DC-MD",Charles County,Maryland,24,017,24017
47900,"Washington-Arlington-Alexandria, DC-VA-MD-WV","Washington-Arlington-Alexandria, DC-VA-MD-WV","Washington, DC-MD",Prince George's County,Maryland,24,033,24033
