csa_code,csa_short,CSA Title,County/County Equivalent,State Name,state_fips,county_fips,fips_5,is_inner
206,Dallas,"Dallas-Fort Worth, TX-OK",Henderson County,Texas,48,213,48213,False
122,Atlanta,"Atlanta--Athens-Clarke County--Sandy Springs, GA-AL",Clarke County,Georgia,13,059,13059,False
122,Atlanta,"Atlanta--Athens-Clarke County--Sandy Springs, GA-AL",Madison County,Georgia,13,195,13195,False
122,Atlanta,"Atlanta--Athens-Clarke County--Sandy Springs, GA-AL",Oconee County,Georgia,13,219,13219,False
122,Atlanta,"Atlanta--Athens-Clarke County--Sandy Springs, GA-AL",Oglethorpe County,Georgia,13,221,13221,False
122,Atlanta,"Atlanta--Athens-Clarke County--Sandy Springs, GA-AL",Barrow County,Georgia,13,013,13013,False
122,Atlanta,"Atlanta--Athens-Clarke County--Sandy Springs, GA-AL",Butts County,Georgia,13,035,13035,False
122,Atlanta,"Atlanta--Athens-Clarke County--Sandy Springs, GA-AL",Carroll County,Georgia,13,045,13045,False
122,Atlanta,"Atlanta--Athens-Clarke County--Sandy Springs, GA-AL",Clayton County,Georgia,13,063,13063,False
122,Atlanta,"Atlanta--Athens-Clarke County--Sandy Springs, GA-AL",Coweta County,Georgia,13,077,13077,False
122,Atlanta,"Atlanta--Athens-Clarke County--Sandy Springs, GA-AL",Dawson County,Georgia,13,085,13085,False
122,Atlanta,"Atlanta--Athens-Clarke County--Sandy Springs, GA-AL",DeKalb County,Georgia,13,089,13089,True
122,Atlanta,"Atlanta--Athens-Clarke County--Sandy Springs, GA-AL",Douglas County,Georgia,13,097,13097,False
122,Atlanta,"Atlanta--Athens-Clarke County--Sandy Springs, GA-AL",Fayette County,Georgia,13,113,13113,False
122,Atlanta,"Atlanta--Athens-Clarke County--Sandy Springs, GA-AL",Forsyth County,Georgia,13,117,13117,False
122,Atlanta,"Atlanta--Athens-Clarke County--Sandy Springs, GA-AL",Fulton County,Georgia,13,121,13121,True
122,Atlanta,"Atlanta--Athens-Clarke County--Sandy Springs, GA-AL",Gwinnett County,Georgia,13,135,13135,False
122,Atlanta,"Atlanta--Athens-Clarke County--Sandy Springs, GA-AL",Heard County,Georgia,13,149,13149,False
122,Atlanta,"Atlanta--Athens-Clarke County--Sandy Springs, GA-AL",Henry County,Georgia,13,151,13151,False
122,Atlanta,"Atlanta--Athens-Clarke County--Sandy Springs, GA-AL",Jasper County,Georgia,13,159,13159,False
122,Atlanta,"Atlanta--Athens-Clarke County--Sandy Springs, GA-AL",Lumpkin County,Georgia,13,187,13187,False
122,Atlanta,"Atlanta--Athens-Clarke County--Sandy Springs, GA-AL",Meriwether County,Georgia,13,199,13199,False
122,Atlanta,"Atlanta--Athens-Clarke County--Sandy Springs, GA-AL",Morgan County,Georgia,13,211,13211,False
122,Atlanta,"Atlanta--Athens-Clarke County--Sandy Springs, GA-AL",Newton County,Georgia,13,217,13217,False
122,Atlanta,"Atlanta--Athens-Clarke County--Sandy Springs, GA-AL",Pickens County,Georgia,13,227,13227,False
122,Atlanta,"Atlanta--Athens-Clarke County--Sandy Springs, GA-AL",Pike County,Georgia,13,231,13231,False
122,Atlanta,"Atlanta--Athens-Clarke County--Sandy Springs, GA-AL",Rockdale County,Georgia,13,247,13247,False
122,Atlanta,"Atlanta--Athens-Clarke County--Sandy Springs, GA-AL",Spalding County,Georgia,13,255,13255,False
122,Atlanta,"Atlanta--Athens-Clarke County--Sandy Springs, GA-AL",Walton County,Georgia,13,297,13297,False
122,Atlanta,"Atlanta--Athens-Clarke County--Sandy Springs, GA-AL",Bartow County,Georgia,13,015,13015,False
122,Atlanta,"Atlanta--Athens-Clarke County--Sandy Springs, GA-AL",Cherokee County,Georgia,13,057,13057,False
122,Atlanta,"Atlanta--Athens-Clarke County--Sandy Springs, GA-AL",Cobb County,Georgia,13,067,13067,False
122,Atlanta,"Atlanta--Athens-Clarke County--Sandy Springs, GA-AL",Haralson County,Georgia,13,143,13143,False
122,Atlanta,"Atlanta--Athens-Clarke County--Sandy Springs, GA-AL",Paulding County,Georgia,13,223,13223,False
428,Philadelphia,"Philadelphia-Reading-Camden, PA-NJ-DE-MD",Atlantic County,New Jersey,34,001,34001,False
428,Philadelphia,"Philadelphia-Reading-Camden, PA-NJ-DE-MD",Cape May County,New Jersey,34,009,34009,False
548,Washington,"Washington-Baltimore-Arlington, DC-MD-VA-WV-PA",Anne Arundel County,Maryland,24,003,24003,False
548,Washington,"Washington-Baltimore-Arlington, DC-MD-VA-WV-PA",Baltimore County,Maryland,24,005,24005,False
548,Washington,"Washington-Baltimore-Arlington, DC-MD-VA-WV-PA",Carroll County,Maryland,24,013,24013,False
548,Washington,"Washington-Baltimore-Arlington, DC-MD-VA-WV-PA",Harford County,Maryland,24,025,24025,False
548,Washington,"Washington-Baltimore-Arlington, DC-MD-VA-WV-PA",Howard County,Maryland,24,027,24027,False
548,Washington,"Washington-Baltimore-Arlington, DC-MD-VA-WV-PA",Queen Anne's County,Maryland,24,035,24035,False
548,Washington,"Washington-Baltimore-Arlington, DC-MD-VA-WV-PA",Baltimore city,Maryland,24,510,24510,True
288,Houston,"Houston-Pasadena, TX",Matagorda County,Texas,48,321,48321,False
206,Dallas,"Dallas-Fort Worth, TX-OK",Fannin County,Texas,48,147,48147,False
288,Houston,"Houston-Pasadena, TX",Washington County,Texas,48,477,48477,False
408,New York,"New York-Newark, NY-NJ-CT-PA",Greater Bridgeport Planning Region,Connecticut,09,120,09120,False
408,New York,"New York-Newark, NY-NJ-CT-PA",Western Connecticut Planning Region,Connecticut,09,190,09190,False
122,Atlanta,"Atlanta--Athens-Clarke County--Sandy Springs, GA-AL",Gordon County,Georgia,13,129,13129,False
548,Washington,"Washington-Baltimore-Arlington, DC-MD-VA-WV-PA",Dorchester County,Maryland,24,019,24019,False
122,Atlanta,"Atlanta--Athens-Clarke County--Sandy Springs, GA-AL",Polk County,Georgia,13,233,13233,False
548,Washington,"Washington-Baltimore-Arlington, DC-MD-VA-WV-PA",Franklin County,Pennsylvania,42,055,42055,False
176,Chicago,"Chicago-Naperville, IL-IN-WI",Cook County,Illinois,17,031,17031,True
176,Chicago,"Chicago-Naperville, IL-IN-WI",DuPage County,Illinois,17,043,17043,False
176,Chicago,"Chicago-Naperville, IL-IN-WI",Grundy County,Illinois,17,063,17063,False
176,Chicago,"Chicago-Naperville, IL-IN-WI",McHenry County,Illinois,17,111,17111,False
176,Chicago,"Chicago-Naperville, IL-IN-WI",Will County,Illinois,17,197,17197,False
176,Chicago,"Chicago-Naperville, IL-IN-WI",DeKalb County,Illinois,17,037,17037,False
176,Chicago,"Chicago-Naperville, IL-IN-WI",Kane County,Illinois,17,089,17089,False
176,Chicago,"Chicago-Naperville, IL-IN-WI",Kendall County,Illinois,17,093,17093,False
176,Chicago,"Chicago-Naperville, IL-IN-WI",Lake County,Illinois,17,097,17097,False
176,Chicago,"Chicago-Naperville, IL-IN-WI",Jasper County,Indiana,18,073,18073,False
176,Chicago,"Chicago-Naperville, IL-IN-WI",Lake County,Indiana,18,089,18089,False
176,Chicago,"Chicago-Naperville, IL-IN-WI",Newton County,Indiana,18,111,18111,False
176,Chicago,"Chicago-Naperville, IL-IN-WI",Porter County,Indiana,18,127,18127,False
122,Atlanta,"Atlanta--Athens-Clarke County--Sandy Springs, GA-AL",Habersham County,Georgia,13,137,13137,False
206,Dallas,"Dallas-Fort Worth, TX-OK",Navarro County,Texas,48,349,48349,False
206,Dallas,"Dallas-Fort Worth, TX-OK",Collin County,Texas,48,085,48085,False
206,Dallas,"Dallas-Fort Worth, TX-OK",Dallas County,Texas,48,113,48113,True
206,Dallas,"Dallas-Fort Worth, TX-OK",Denton County,Texas,48,121,48121,False
206,Dallas,"Dallas-Fort Worth, TX-OK",Ellis County,Texas,48,139,48139,False
206,Dallas,"Dallas-Fort Worth, TX-OK",Hunt County,Texas,48,231,48231,False
206,Dallas,"Dallas-Fort Worth, TX-OK",Kaufman County,Texas,48,257,48257,False
206,Dallas,"Dallas-Fort Worth, TX-OK",Rockwall County,Texas,48,397,48397,False
206,Dallas,"Dallas-Fort Worth, TX-OK",Johnson County,Texas,48,251,48251,False
206,Dallas,"Dallas-Fort Worth, TX-OK",Parker County,Texas,48,367,48367,False
206,Dallas,"Dallas-Fort Worth, TX-OK",Tarrant County,Texas,48,439,48439,True
206,Dallas,"Dallas-Fort Worth, TX-OK",Wise County,Texas,48,497,48497,False
428,Philadelphia,"Philadelphia-Reading-Camden, PA-NJ-DE-MD",Kent County,Delaware,10,001,10001,False
206,Dallas,"Dallas-Fort Worth, TX-OK",Bryan County,Oklahoma,40,013,40013,False
548,Washington,"Washington-Baltimore-Arlington, DC-MD-VA-WV-PA",Talbot County,Maryland,24,041,24041,False
288,Houston,"Houston-Pasadena, TX",Wharton County,Texas,48,481,48481,False
122,Atlanta,"Atlanta--Athens-Clarke County--Sandy Springs, GA-AL",Hall County,Georgia,13,139,13139,False
206,Dallas,"Dallas-Fort Worth, TX-OK",Cooke County,Texas,48,097,48097,False
206,Dallas,"Dallas-Fort Worth, TX-OK",Hood County,Texas,48,221,48221,False
548,Washington,"Washington-Baltimore-Arlington, DC-MD-VA-WV-PA",Washington County,Maryland,24,043,24043,False
548,Washington,"Washington-Baltimore-Arlington, DC-MD-VA-WV-PA",Berkeley County,West Virginia,54,003,54003,False
548,Washington,"Washington-Baltimore-Arlington, DC-MD-VA-WV-PA",Morgan County,West Virginia,54,065,54065,False
408,New York,"New York-Newark, NY-NJ-CT-PA",Pike County,Pennsylvania,42,103,42103,False
288,Houston,"Houston-Pasadena, TX",Austin County,Texas,48,015,48015,False
288,Houston,"Houston-Pasadena, TX",Brazoria County,Texas,48,039,48039,False
288,Houston,"Houston-Pasadena, TX",Chambers County,Texas,48,071,48071,False
288,Houston,"Houston-Pasadena, TX",Fort Bend County,Texas,48,157,48157,False
288,Houston,"Houston-Pasadena, TX",Galveston County,Texas,48,167,48167,False
288,Houston,"Houston-Pasadena, TX",Harris County,Texas,48,201,48201,True
288,Houston,"Houston-Pasadena, TX",Liberty County,Texas,48,291,48291,False
288,Houston,"Houston-Pasadena, TX",Montgomery County,Texas,48,339,48339,False
288,Houston,"Houston-Pasadena, TX",San Jacinto County,Texas,48,407,48407,False
288,Houston,"Houston-Pasadena, TX",Waller County,Texas,48,473,48473,False
288,Houston,"Houston-Pasadena, TX",Walker County,Texas,48,471,48471,False
122,Atlanta,"Atlanta--Athens-Clarke County--Sandy Springs, GA-AL",Jackson County,Georgia,13,157,13157,False
176,Chicago,"Chicago-Naperville, IL-IN-WI",Kankakee County,Illinois,17,091,17091,False
176,Chicago,"Chicago-Naperville, IL-IN-WI",Kenosha County,Wisconsin,55,059,55059,False
370,Miami,"Miami-Port St. Lucie-Fort Lauderdale, FL",Monroe County,Florida,12,087,12087,False
408,New York,"New York-Newark, NY-NJ-CT-PA",Ulster County,New York,36,111,36111,False
408,New York,"New York-Newark, NY-NJ-CT-PA",Dutchess County,New York,36,027,36027,False
408,New York,"New York-Newark, NY-NJ-CT-PA",Orange County,New York,36,071,36071,False
122,Atlanta,"Atlanta--Athens-Clarke County--Sandy Springs, GA-AL",Chambers County,Alabama,01,017,01017,False
122,Atlanta,"Atlanta--Athens-Clarke County--Sandy Springs, GA-AL",Troup County,Georgia,13,285,13285,False
548,Washington,"Washington-Baltimore-Arlington, DC-MD-VA-WV-PA",Orange County,Virginia,51,137,51137,False
548,Washington,"Washington-Baltimore-Arlington, DC-MD-VA-WV-PA",Calvert County,Maryland,24,009,24009,False
548,Washington,"Washington-Baltimore-Arlington, DC-MD-VA-WV-PA",St. Mary's County,Maryland,24,037,24037,False
348,Los Angeles,"Los Angeles-Long Beach, CA",Orange County,California,06,059,06059,False
348,Los Angeles,"Los Angeles-Long Beach, CA",Los Angeles County,California,06,037,06037,True
370,Miami,"Miami-Port St. Lucie-Fort Lauderdale, FL",Broward County,Florida,12,011,12011,False
370,Miami,"Miami-Port St. Lucie-Fort Lauderdale, FL",Miami-Dade County,Florida,12,086,12086,True
370,Miami,"Miami-Port St. Lucie-Fort Lauderdale, FL",Palm Beach County,Florida,12,099,12099,False
176,Chicago,"Chicago-Naperville, IL-IN-WI",LaPorte County,Indiana,18,091,18091,False
206,Dallas,"Dallas-Fort Worth, TX-OK",Palo Pinto County,Texas,48,363,48363,False
408,New York,"New York-Newark, NY-NJ-CT-PA",Sullivan County,New York,36,105,36105,False
408,New York,"New York-Newark, NY-NJ-CT-PA",Middlesex County,New Jersey,34,023,34023,False
408,New York,"New York-Newark, NY-NJ-CT-PA",Monmouth County,New Jersey,34,025,34025,False
408,New York,"New York-Newark, NY-NJ-CT-PA",Ocean County,New Jersey,34,029,34029,False
408,New York,"New York-Newark, NY-NJ-CT-PA",Somerset County,New Jersey,34,035,34035,False
408,New York,"New York-Newark, NY-NJ-CT-PA",Nassau County,New York,36,059,36059,False
408,New York,"New York-Newark, NY-NJ-CT-PA",Suffolk County,New York,36,103,36103,False
408,New York,"New York-Newark, NY-NJ-CT-PA",Essex County,New Jersey,34,013,34013,False
408,New York,"New York-Newark, NY-NJ-CT-PA",Hunterdon County,New Jersey,34,019,34019,False
408,New York,"New York-Newark, NY-NJ-CT-PA",Morris County,New Jersey,34,027,34027,False
408,New York,"New York-Newark, NY-NJ-CT-PA",Sussex County,New Jersey,34,037,34037,False
408,New York,"New York-Newark, NY-NJ-CT-PA",Union County,New Jersey,34,039,34039,False
408,New York,"New York-Newark, NY-NJ-CT-PA",Bergen County,New Jersey,34,003,34003,False
408,New York,"New York-Newark, NY-NJ-CT-PA",Hudson County,New Jersey,34,017,34017,False
408,New York,"New York-Newark, NY-NJ-CT-PA",Passaic County,New Jersey,34,031,34031,False
408,New York,"New York-Newark, NY-NJ-CT-PA",Bronx County,New York,36,005,36005,True
408,New York,"New York-Newark, NY-NJ-CT-PA",Kings County,New York,36,047,36047,True
408,New York,"New York-Newark, NY-NJ-CT-PA",New York County,New York,36,061,36061,True
408,New York,"New York-Newark, NY-NJ-CT-PA",Putnam County,New York,36,079,36079,False
408,New York,"New York-Newark, NY-NJ-CT-PA",Queens County,New York,36,081,36081,True
408,New York,"New York-Newark, NY-NJ-CT-PA",Richmond County,New York,36,085,36085,True
408,New York,"New York-Newark, NY-NJ-CT-PA",Rockland County,New York,36,087,36087,False
408,New York,"New York-Newark, NY-NJ-CT-PA",Westchester County,New York,36,119,36119,False
370,Miami,"Miami-Port St. Lucie-Fort Lauderdale, FL",Okeechobee County,Florida,12,093,12093,False
176,Chicago,"Chicago-Naperville, IL-IN-WI",Bureau County,Illinois,17,011,17011,False
176,Chicago,"Chicago-Naperville, IL-IN-WI",LaSalle County,Illinois,17,099,17099,False
176,Chicago,"Chicago-Naperville, IL-IN-WI",Putnam County,Illinois,17,155,17155,False
348,Los Angeles,"Los Angeles-Long Beach, CA",Ventura County,California,06,111,06111,False
429,Phoenix,"Phoenix-Mesa, AZ",Gila County,Arizona,04,007,04007,False
428,Philadelphia,"Philadelphia-Reading-Camden, PA-NJ-DE-MD",Burlington County,New Jersey,34,005,34005,False
428,Philadelphia,"Philadelphia-Reading-Camden, PA-NJ-DE-MD",Camden County,New Jersey,34,007,34007,False
428,Philadelphia,"Philadelphia-Reading-Camden, PA-NJ-DE-MD",Gloucester County,New Jersey,34,015,34015,False
428,Philadelphia,"Philadelphia-Reading-Camden, PA-NJ-DE-MD",Bucks County,Pennsylvania,42,017,42017,False
428,Philadelphia,"Philadelphia-Reading-Camden, PA-NJ-DE-MD",Chester County,Pennsylvania,42,029,42029,False
428,Philadelphia,"Philadelphia-Reading-Camden, PA-NJ-DE-MD",Montgomery County,Pennsylvania,42,091,42091,False
428,Philadelphia,"Philadelphia-Reading-Camden, PA-NJ-DE-MD",Delaware County,Pennsylvania,42,045,42045,False
428,Philadelphia,"Philadelphia-Reading-Camden, PA-NJ-DE-MD",Philadelphia County,Pennsylvania,42,101,42101,True
428,Philadelphia,"Philadelphia-Reading-Camden, PA-NJ-DE-MD",New Castle County,Delaware,10,003,10003,False
428,Philadelphia,"Philadelphia-Reading-Camden, PA-NJ-DE-MD",Cecil County,Maryland,24,015,24015,False
428,Philadelphia,"Philadelphia-Reading-Camden, PA-NJ-DE-MD",Salem County,New Jersey,34,033,34033,False
429,Phoenix,"Phoenix-Mesa, AZ",Maricopa County,Arizona,04,013,04013,True
429,Phoenix,"Phoenix-Mesa, AZ",Pinal County,Arizona,04,021,04021,False
370,Miami,"Miami-Port St. Lucie-Fort Lauderdale, FL",Martin County,Florida,12,085,12085,False
370,Miami,"Miami-Port St. Lucie-Fort Lauderdale, FL",St. Lucie County,Florida,12,111,12111,False
428,Philadelphia,"Philadelphia-Reading-Camden, PA-NJ-DE-MD",Berks County,Pennsylvania,42,011,42011,False
348,Los Angeles,"Los Angeles-Long Beach, CA",Riverside County,California,06,065,06065,False
348,Los Angeles,"Los Angeles-Long Beach, CA",San Bernardino County,California,06,071,06071,False
122,Atlanta,"Atlanta--Athens-Clarke County--Sandy Springs, GA-AL",Floyd County,Georgia,13,115,13115,False
370,Miami,"Miami-Port St. Lucie-Fort Lauderdale, FL",Indian River County,Florida,12,061,12061,False
206,Dallas,"Dallas-Fort Worth, TX-OK",Grayson County,Texas,48,181,48181,False
206,Dallas,"Dallas-Fort Worth, TX-OK",Hopkins County,Texas,48,223,48223,False
122,Atlanta,"Atlanta--Athens-Clarke County--Sandy Springs, GA-AL",Upson County,Georgia,13,293,13293,False
408,New York,"New York-Newark, NY-NJ-CT-PA",Mercer County,New Jersey,34,021,34021,False
428,Philadelphia,"Philadelphia-Reading-Camden, PA-NJ-DE-MD",Cumberland County,New Jersey,34,011,34011,False
548,Washington,"Washington-Baltimore-Arlington, DC-MD-VA-WV-PA",Arlington County,Virginia,51,013,51013,True
548,Washington,"Washington-Baltimore-Arlington, DC-MD-VA-WV-PA",Clarke County,Virginia,51,043,51043,False
548,Washington,"Washington-Baltimore-Arlington, DC-MD-VA-WV-PA",Culpeper County,Virginia,51,047,51047,False
548,Washington,"Washington-Baltimore-Arlington, DC-MD-VA-WV-PA",Fairfax County,Virginia,51,059,51059,False
548,Washington,"Washington-Baltimore-Arlington, DC-MD-VA-WV-PA",Fauquier County,Virginia,51,061,51061,False
548,Washington,"Washington-Baltimore-Arlington, DC-MD-VA-WV-PA",Loudoun County,Virginia,51,107,51107,False
548,Washington,"Washington-Baltimore-Arlington, DC-MD-VA-WV-PA",Prince William County,Virginia,51,153,51153,False
548,Washington,"Washington-Baltimore-Arlington, DC-MD-VA-WV-PA",Rappahannock County,Virginia,51,157,51157,False
548,Washington,"Washington-Baltimore-Arlington, DC-MD-VA-WV-PA",Spotsylvania County,Virginia,51,177,51177,False
548,Washington,"Washington-Baltimore-Arlington, DC-MD-VA-WV-PA",Stafford County,Virginia,51,179,51179,False
548,Washington,"Washington-Baltimore-Arlington, DC-MD-VA-WV-PA",Warren County,Virginia,51,187,51187,False
548,Washington,"Washington-Baltimore-Arlington, DC-MD-VA-WV-PA",Alexandria city,Virginia,51,510,51510,True
548,Washington,"Washington-Baltimore-Arlington, DC-MD-VA-WV-PA",Fairfax city,Virginia,51,600,51600,False
548,Washington,"Washington-Baltimore-Arlington, DC-MD-VA-WV-PA",Falls Church city,Virginia,51,610,51610,False
548,Washington,"Washington-Baltimore-Arlington, DC-MD-VA-WV-PA",Fredericksburg city,Virginia,51,630,51630,False
548,Washington,"Washington-Baltimore-Arlington, DC-MD-VA-WV-PA",Manassas city,Virginia,51,683,51683,False
548,Washington,"Washington-Baltimore-Arlington, DC-MD-VA-WV-PA",Manassas Park city,Virginia,51,685,51685,False
548,Washington,"Washington-Baltimore-Arlington, DC-MD-VA-WV-PA",Jefferson County,West Virginia,54,037,54037,False
548,Washington,"Washington-Baltimore-Arlington, DC-MD-VA-WV-PA",Frederick County,Maryland,24,021,24021,False
548,Washington,"Washington-Baltimore-Arlington, DC-MD-VA-WV-PA",Montgomery County,Maryland,24,031,24031,False
548,Washington,"Washington-Baltimore-Arlington, DC-MD-VA-WV-PA",District of Columbia,District of Columbia,11,001,11001,True
548,Washington,"Washington-Baltimore-Arlington, DC-MD-VA-WV-PA",Charles County,Maryland,24,017,24017,False
548,Washington,"Washington-Baltimore-Arlington, DC-MD-VA-WV-PA",Prince George's County,Maryland,24,033,24033,False
548,Washington,"Washington-Baltimore-Arlington, DC-MD-VA-WV-PA",Frederick County,Virginia,51,069,51069,False
548,Washington,"Washington-Baltimore-Arlington, DC-MD-VA-WV-PA",Winchester city,Virginia,51,840,51840,False
548,Washington,"Washington-Baltimore-Arlington, DC-MD-VA-WV-PA",Hampshire County,West Virginia,54,027,54027,False
