fips_5,msa_name_short,County/County Equivalent,state_fips,cbsa_code,pop_under18,aged_out_5_17,pop_under18_2024,delta_under18,births_2012_2024,deaths_2012_2024,net_migration_implied,delta_pct_of_baseline,births_pct_of_baseline,aging_out_pct_of_baseline,net_mig_pct_of_baseline
13013,"Atlanta-Sandy Springs-Roswell, GA",Barrow County,13,12060,19554,13996,23700.0,4146.0,,0,,21.202822951825713,,-71.57614810268998,
13035,"Atlanta-Sandy Springs-Roswell, GA",Butts County,13,12060,5218,3818,5641.0,423.0,,0,,8.10655423533921,,-73.16979685703335,
13045,"Atlanta-Sandy Springs-Roswell, GA",Carroll County,13,12060,27843,20201,30575.0,2732.0,17438.0,0,5495.0,9.812161045864311,62.629745357899644,-72.55324498078511,19.735660668749773
13063,"Atlanta-Sandy Springs-Roswell, GA",Clayton County,13,12060,75058,53384,76197.0,1139.0,46935.0,0,7588.0,1.5174931386394521,62.53164219670122,-71.12366436622345,10.109515308161688
13077,"Atlanta-Sandy Springs-Roswell, GA",Coweta County,13,12060,34787,25800,35682.0,895.0,18155.0,0,8540.0,2.572800183976773,52.18903613418806,-74.1656365883807,24.54940063816943
13085,"Atlanta-Sandy Springs-Roswell, GA",Dawson County,13,12060,4968,3767,6862.0,1894.0,,0,,38.12399355877617,,-75.82528180354268,
13089,"Atlanta-Sandy Springs-Roswell, GA",DeKalb County,13,12060,165972,114627,171001.0,5029.0,135914.0,0,-16258.0,3.030029161545321,81.88971633769552,-69.06405899790326,-9.795628178246933
13097,"Atlanta-Sandy Springs-Roswell, GA",Douglas County,13,12060,37022,27577,37527.0,505.0,18660.0,0,9422.0,1.3640538058451732,50.40246340014046,-74.4881421857274,25.449732591432124
13113,"Atlanta-Sandy Springs-Roswell, GA",Fayette County,13,12060,27279,22571,27209.0,-70.0,9879.0,0,12622.0,-0.25660764690787785,36.21467062575607,-82.74130283368159,46.27002456101763
13117,"Atlanta-Sandy Springs-Roswell, GA",Forsyth County,13,12060,54732,41623,69171.0,14439.0,24972.0,0,31090.0,26.381276035957026,45.625959219469415,-76.04874661989331,56.804063436380915
13121,"Atlanta-Sandy Springs-Roswell, GA",Fulton County,13,12060,224080,160305,222302.0,-1778.0,166848.0,0,-8321.0,-0.7934666190646198,74.45912174223491,-71.53918243484469,-3.713405926454837
13135,"Atlanta-Sandy Springs-Roswell, GA",Gwinnett County,13,12060,236567,174827,252809.0,16242.0,144391.0,0,46678.0,6.865708234876378,61.03598557702469,-73.90168535763652,19.731408015488213
13149,"Atlanta-Sandy Springs-Roswell, GA",Heard County,13,12060,2947,2214,2725.0,-222.0,,0,,-7.533084492704445,,-75.12724804886325,
13151,"Atlanta-Sandy Springs-Roswell, GA",Henry County,13,12060,58981,45694,63828.0,4847.0,34967.0,0,15574.0,8.21790067987996,59.285193536901716,-77.47240636815246,26.4051135111307
13159,"Atlanta-Sandy Springs-Roswell, GA",Jasper County,13,12060,3445,2535,3979.0,534.0,,0,,15.500725689404934,,-73.58490566037736,
13187,"Atlanta-Sandy Springs-Roswell, GA",Lumpkin County,13,12060,6113,4461,5957.0,-156.0,,0,,-2.551938491738917,,-72.97562571568787,
13199,"Atlanta-Sandy Springs-Roswell, GA",Meriwether County,13,12060,4987,3666,4393.0,-594.0,,0,,-11.910968518147182,,-73.51112893523161,
13211,"Atlanta-Sandy Springs-Roswell, GA",Morgan County,13,12060,4355,3322,4812.0,457.0,,0,,10.493685419058552,,-76.28013777267509,
13217,"Atlanta-Sandy Springs-Roswell, GA",Newton County,13,12060,28403,21159,30587.0,2184.0,,0,,7.689328592050136,,-74.49565186776044,
13227,"Atlanta-Sandy Springs-Roswell, GA",Pickens County,13,12060,6443,4784,6700.0,257.0,,0,,3.988825081483781,,-74.25112525221171,
13231,"Atlanta-Sandy Springs-Roswell, GA",Pike County,13,12060,4688,3728,4732.0,44.0,,0,,0.938566552901024,,-79.5221843003413,
13247,"Atlanta-Sandy Springs-Roswell, GA",Rockdale County,13,12060,22463,16845,22534.0,71.0,,0,,0.3160753238659128,,-74.98998352846904,
13255,"Atlanta-Sandy Springs-Roswell, GA",Spalding County,13,12060,15991,11420,16130.0,139.0,,0,,0.8692389469076356,,-71.41517103370646,
13297,"Atlanta-Sandy Springs-Roswell, GA",Walton County,13,12060,22494,16820,25771.0,3277.0,,0,,14.568329332266384,,-74.77549568773895,
13015,"Atlanta-Sandy Springs-Roswell, GA",Bartow County,13,12060,26323,19500,26491.0,168.0,14586.0,0,5082.0,0.6382251263153895,55.41161721688257,-74.07970216160771,19.306310071040535
13057,"Atlanta-Sandy Springs-Roswell, GA",Cherokee County,13,12060,59184,44039,63700.0,4516.0,35615.0,0,12940.0,7.63044065963774,60.17673695593404,-74.41031359826981,21.864017301973508
13067,"Atlanta-Sandy Springs-Roswell, GA",Cobb County,13,12060,176159,128364,172421.0,-3738.0,119262.0,0,5364.0,-2.1219466504691784,67.7013379957879,-72.86826105961092,3.044976413353845
13143,"Atlanta-Sandy Springs-Roswell, GA",Haralson County,13,12060,7108,5295,7776.0,668.0,,0,,9.39786156443444,,-74.49352841868317,
13223,"Atlanta-Sandy Springs-Roswell, GA",Paulding County,13,12060,42447,31770,46930.0,4483.0,19203.0,0,17050.0,10.561405988644662,45.239946285956606,-74.84627888896742,40.16773859165548
48021,"Austin-Round Rock-San Marcos, TX",Bastrop County,48,12420,19482,14590,29736.0,10254.0,,0,,52.633199876809364,,-74.88964172056257,
48055,"Austin-Round Rock-San Marcos, TX",Caldwell County,48,12420,9872,7364,11868.0,1996.0,,0,,20.21880064829822,,-74.59481361426256,
48209,"Austin-Round Rock-San Marcos, TX",Hays County,48,12420,39975,29210,64072.0,24097.0,31072.0,0,22235.0,60.2801751094434,77.7285803627267,-73.07066916823014,55.62226391494684
48453,"Austin-Round Rock-San Marcos, TX",Travis County,48,12420,251536,174502,267621.0,16085.0,206038.0,0,-15451.0,6.39471089625342,81.9119330831372,-69.37456268685199,-6.1426595000318045
48491,"Austin-Round Rock-San Marcos, TX",Williamson County,48,12420,125044,91576,169686.0,44642.0,91769.0,0,44449.0,35.70103323630082,73.38936694283612,-73.23502127251209,35.546687565976775
37007,"Charlotte-Concord-Gastonia, NC-SC",Anson County,37,16740,5700,4248,4413.0,-1287.0,,0,,-22.578947368421055,,-74.52631578947368,
37025,"Charlotte-Concord-Gastonia, NC-SC",Cabarrus County,37,16740,49009,36363,60351.0,11342.0,32856.0,0,14849.0,23.142688077700015,67.04074761778449,-74.1965761390765,30.29851659899202
37071,"Charlotte-Concord-Gastonia, NC-SC",Gaston County,37,16740,48941,35807,53554.0,4613.0,33977.0,0,6443.0,9.425634948202937,69.42440898224392,-73.16360515723014,13.164831123189147
37097,"Charlotte-Concord-Gastonia, NC-SC",Iredell County,37,16740,40160,30534,44800.0,4640.0,24858.0,0,10316.0,11.553784860557768,61.89741035856574,-76.0308764940239,25.687250996015937
37109,"Charlotte-Concord-Gastonia, NC-SC",Lincoln County,37,16740,18095,13668,19875.0,1780.0,,0,,9.8369715390992,,-75.53467808786958,
37119,"Charlotte-Concord-Gastonia, NC-SC",Mecklenburg County,37,16740,237687,168440,269794.0,32107.0,191083.0,0,9464.0,13.50810098995738,80.39270132569303,-70.86630737061766,3.9817070348820085
37159,"Charlotte-Concord-Gastonia, NC-SC",Rowan County,37,16740,32186,23673,33404.0,1218.0,20617.0,0,4274.0,3.784254023488473,64.05580065867147,-73.55061206735847,13.27906543217548
37179,"Charlotte-Concord-Gastonia, NC-SC",Union County,37,16740,61009,47092,65177.0,4168.0,31539.0,0,19721.0,6.831778917864577,51.695651461259814,-77.18861151633367,32.32473897293842
45023,"Charlotte-Concord-Gastonia, NC-SC",Chester County,45,16740,7675,5577,6972.0,-703.0,,0,,-9.159609120521173,,-72.66449511400651,
45057,"Charlotte-Concord-Gastonia, NC-SC",Lancaster County,45,16740,17708,12715,24040.0,6332.0,,0,,35.75784955952112,,-71.80370454032075,
45091,"Charlotte-Concord-Gastonia, NC-SC",York County,45,16740,58131,42672,69965.0,11834.0,38455.0,0,16051.0,20.357468476372333,66.15231115927817,-73.4066160912422,27.611773408336344
17031,"Chicago-Naperville-Elgin, IL-IN",Cook County,17,16980,1221148,876650,1053196.0,-167952.0,793757.0,0,-85059.0,-13.753615450379478,65.00088441368285,-71.78900510011891,-6.965494763943436
17043,"Chicago-Naperville-Elgin, IL-IN",DuPage County,17,16980,225503,169205,203122.0,-22381.0,132130.0,0,14694.0,-9.924923393480354,58.59345551943876,-75.03447847700474,6.516099564085621
17063,"Chicago-Naperville-Elgin, IL-IN",Grundy County,17,16980,13431,9920,12700.0,-731.0,,0,,-5.442632715359988,,-73.85898294989204,
17111,"Chicago-Naperville-Elgin, IL-IN",McHenry County,17,16980,81970,63203,69840.0,-12130.0,40546.0,0,10527.0,-14.7980968647066,49.46443820910089,-77.10503842869343,12.842503354885935
17197,"Chicago-Naperville-Elgin, IL-IN",Will County,17,16980,192683,146228,161584.0,-31099.0,95526.0,0,19603.0,-16.139981212665365,49.57676598350659,-75.89045219349917,10.173704997327217
17037,"Chicago-Naperville-Elgin, IL-IN",DeKalb County,17,16980,23261,16832,21383.0,-1878.0,11989.0,0,2965.0,-8.073599587292033,51.54120631099265,-72.36146339366321,12.74665749537853
17089,"Chicago-Naperville-Elgin, IL-IN",Kane County,17,16980,147772,109313,119191.0,-28581.0,80231.0,0,501.0,-19.341282516308908,54.29377689954795,-73.97409522778334,0.33903581192648136
17093,"Chicago-Naperville-Elgin, IL-IN",Kendall County,17,16980,36182,26464,37416.0,1234.0,16851.0,0,10847.0,3.410535625449118,46.572881543308824,-73.14134099828644,29.978995080426728
17097,"Chicago-Naperville-Elgin, IL-IN",Lake County,17,16980,188421,142983,162161.0,-26260.0,93952.0,0,22771.0,-13.936875401361846,49.86280722424783,-75.88485359912112,12.085170973511445
18073,"Chicago-Naperville-Elgin, IL-IN",Jasper County,18,16980,8419,6343,7494.0,-925.0,,0,,-10.98705309419171,,-75.34148948806272,
18089,"Chicago-Naperville-Elgin, IL-IN",Lake County,18,16980,125261,92695,114054.0,-11207.0,72948.0,0,8540.0,-8.946918833475703,58.23680155834617,-74.00148489952979,6.817764507707906
18111,"Chicago-Naperville-Elgin, IL-IN",Newton County,18,16980,3164,2405,2977.0,-187.0,,0,,-5.910240202275601,,-76.01137800252845,
18127,"Chicago-Naperville-Elgin, IL-IN",Porter County,18,16980,39398,29894,36557.0,-2841.0,21716.0,0,5337.0,-7.211025940403067,55.11954921569623,-75.87694806842987,13.546372912330575
48085,"Dallas-Fort Worth-Arlington, TX",Collin County,48,19100,230022,171667,301180.0,71158.0,150617.0,0,92208.0,30.935301840693498,65.47938892801558,-74.63068749945657,40.086600412134494
48113,"Dallas-Fort Worth-Arlington, TX",Dallas County,48,19100,660186,466633,651464.0,-8722.0,495165.0,0,-37254.0,-1.3211428294450351,75.00386254782742,-70.68205021009231,-5.642955167180158
48121,"Dallas-Fort Worth-Arlington, TX",Denton County,48,19100,186012,136583,235469.0,49457.0,134784.0,0,51256.0,26.588069586908368,72.45984130056125,-73.4269832053846,27.55521149173172
48139,"Dallas-Fort Worth-Arlington, TX",Ellis County,48,19100,43309,32582,60523.0,17214.0,30677.0,0,19119.0,39.74693481724353,70.83285229398047,-75.23147613659978,44.14555865986284
48231,"Dallas-Fort Worth-Arlington, TX",Hunt County,48,19100,21378,15779,29384.0,8006.0,,0,,37.44971465993077,,-73.80952380952381,
48257,"Dallas-Fort Worth-Arlington, TX",Kaufman County,48,19100,29948,22321,57044.0,27096.0,22997.0,0,26420.0,90.4768264992654,76.78976893281688,-74.5325230399359,88.2195806063844
48397,"Dallas-Fort Worth-Arlington, TX",Rockwall County,48,19100,23643,18040,35636.0,11993.0,,0,,50.725373260584526,,-76.3016537664425,
48251,"Dallas-Fort Worth-Arlington, TX",Johnson County,48,19100,40913,30463,53353.0,12440.0,28710.0,0,14193.0,30.405983428250188,70.17329455185394,-74.45799623591523,34.69068511231149
48367,"Dallas-Fort Worth-Arlington, TX",Parker County,48,19100,29601,22482,43688.0,14087.0,18515.0,0,18054.0,47.589608459173675,62.54856254856255,-75.95013681970204,60.99118273031316
48439,"Dallas-Fort Worth-Arlington, TX",Tarrant County,48,19100,513110,370739,551303.0,38193.0,360211.0,0,48721.0,7.4434331819687785,70.20151624408022,-72.25331800198788,9.49523493987644
48497,"Dallas-Fort Worth-Arlington, TX",Wise County,48,19100,15516,11471,19799.0,4283.0,,0,,27.603763856664088,,-73.93013663315287,
48015,"Houston-The Woodlands-Sugar Land, TX",Austin County,48,26420,7085,5254,7635.0,550.0,,0,,7.762879322512351,,-74.15666901905435,
48039,"Houston-The Woodlands-Sugar Land, TX",Brazoria County,48,26420,87843,63156,103250.0,15407.0,61310.0,0,17253.0,17.539246155072117,69.7949751260772,-71.89645162391994,19.64072265291486
48071,"Houston-The Woodlands-Sugar Land, TX",Chambers County,48,26420,10028,7545,15413.0,5385.0,,0,,53.699641005185484,,-75.23932987634623,
48157,"Houston-The Woodlands-Sugar Land, TX",Fort Bend County,48,26420,176335,132598,248961.0,72626.0,120316.0,0,84908.0,41.186378200584116,68.2314911957354,-75.1966427538492,48.15152975869793
48167,"Houston-The Woodlands-Sugar Land, TX",Galveston County,48,26420,74286,54258,84636.0,10350.0,51753.0,0,12855.0,13.932638720620306,69.66723204910751,-73.03933446409822,17.304741135611017
48201,"Houston-The Woodlands-Sugar Land, TX",Harris County,48,26420,1159880,821351,1272618.0,112738.0,876894.0,0,57195.0,9.719798599855158,75.6021312549574,-70.81344621857434,4.931113563472083
48291,"Houston-The Woodlands-Sugar Land, TX",Liberty County,48,26420,19242,13942,35266.0,16024.0,,0,,83.27616671863632,,-72.45608564598275,
48339,"Houston-The Woodlands-Sugar Land, TX",Montgomery County,48,26420,128982,95197,190255.0,61273.0,98564.0,0,57906.0,47.5050782279698,76.4168643686716,-73.80642260160333,44.89463646090152
48407,"Houston-The Woodlands-Sugar Land, TX",San Jacinto County,48,26420,6326,4750,6184.0,-142.0,,0,,-2.2447043945621243,,-75.08694277584571,
48473,"Houston-The Woodlands-Sugar Land, TX",Waller County,48,26420,10764,7619,15486.0,4722.0,,0,,43.86845039018952,,-70.78223708658491,
06059,"Los Angeles-Long Beach-Anaheim, CA",Orange County,06,31080,732740,540872,642905.0,-89835.0,451500.0,0,-463.0,-12.26014684608456,61.61803641127822,-73.81499576930426,-0.06318748805852008
06037,"Los Angeles-Long Beach-Anaheim, CA",Los Angeles County,06,31080,2368374,1722207,1944946.0,-423428.0,1444135.0,0,-145356.0,-17.878426295846854,60.97580027478769,-72.71685130811265,-6.137375262521882
12011,"Miami-Fort Lauderdale-Pompano Beach, FL",Broward County,12,33100,395110,290028,415514.0,20404.0,277636.0,0,32796.0,5.164131507681406,70.26802662549669,-73.40436840373566,8.300473285920376
12086,"Miami-Fort Lauderdale-Pompano Beach, FL",Miami-Dade County,12,33100,547850,395725,560291.0,12441.0,395180.0,0,12986.0,2.2708770648900245,72.13288308843661,-72.2323628730492,2.3703568495026013
12099,"Miami-Fort Lauderdale-Pompano Beach, FL",Palm Beach County,12,33100,269287,198676,296112.0,26825.0,191424.0,0,34077.0,9.961490900043449,71.08549614351975,-73.77853368339356,12.654528439917263
34023,"New York-Newark-Jersey City, NY-NJ",Middlesex County,34,35620,184822,134880,187435.0,2613.0,116121.0,0,21372.0,1.4137927303026696,62.82855937063769,-72.9783250911688,11.563558450833774
34025,"New York-Newark-Jersey City, NY-NJ",Monmouth County,34,35620,146790,113109,132733.0,-14057.0,78549.0,0,20503.0,-9.576265413175285,53.51113836092377,-77.05497649703659,13.967572722937529
34029,"New York-Newark-Jersey City, NY-NJ",Ocean County,34,35620,135875,96784,166276.0,30401.0,119282.0,0,7903.0,22.374241030358785,87.78804047838086,-71.23017479300829,5.8163753449862
34035,"New York-Newark-Jersey City, NY-NJ",Somerset County,34,35620,79988,61050,73710.0,-6278.0,41824.0,0,12948.0,-7.848677301595239,52.287843176476464,-76.32394859228884,16.187428114217134
36059,"New York-Newark-Jersey City, NY-NJ",Nassau County,36,35620,308094,234100,295441.0,-12653.0,181188.0,0,40259.0,-4.106863489714178,58.80932442696061,-75.98330379689315,13.067115880218374
36103,"New York-Newark-Jersey City, NY-NJ",Suffolk County,36,35620,351829,267135,314488.0,-37341.0,201915.0,0,27879.0,-10.613394575205568,57.39009575674546,-75.92751023934923,7.924019907398196
34013,"New York-Newark-Jersey City, NY-NJ",Essex County,34,35620,193233,139540,205811.0,12578.0,131758.0,0,20360.0,6.509240140141694,68.18607587730874,-72.21333830142885,10.536502564261797
34019,"New York-Newark-Jersey City, NY-NJ",Hunterdon County,34,35620,29141,23476,24967.0,-4174.0,12749.0,0,6553.0,-14.323461789231667,43.74935657664459,-80.56003568854878,22.487217322672524
34027,"New York-Newark-Jersey City, NY-NJ",Morris County,34,35620,115800,89068,106446.0,-9354.0,61289.0,0,18425.0,-8.077720207253886,52.92659758203799,-76.91537132987911,15.91105354058722
34037,"New York-Newark-Jersey City, NY-NJ",Sussex County,34,35620,34331,26867,28630.0,-5701.0,16637.0,0,4529.0,-16.6059829308788,48.46057499053334,-78.25871661180857,13.192158690396436
34039,"New York-Newark-Jersey City, NY-NJ",Union County,34,35620,130856,95064,139069.0,8213.0,87215.0,0,16062.0,6.276364859081738,66.64959955982148,-72.64779605062053,12.274561349880784
34003,"New York-Newark-Jersey City, NY-NJ",Bergen County,34,35620,203792,153693,201694.0,-2098.0,119307.0,0,32288.0,-1.029481039491246,58.54351495642616,-75.41660124048049,15.843605244563083
34017,"New York-Newark-Jersey City, NY-NJ",Hudson County,34,35620,133551,88607,141223.0,7672.0,127288.0,0,-31009.0,5.744621904740511,95.31040576259257,-66.34693862269845,-23.218845235153612
34031,"New York-Newark-Jersey City, NY-NJ",Passaic County,34,35620,124184,89546,123669.0,-515.0,85593.0,0,3438.0,-0.4147072086581202,68.92433807897957,-72.10751787669909,2.7684725890613926
36005,"New York-Newark-Jersey City, NY-NJ",Bronx County,36,35620,367236,261504,332553.0,-34683.0,251923.0,0,-25102.0,-9.444335522661177,68.59975601520549,-71.20870502891873,-6.835386508947924
36047,"New York-Newark-Jersey City, NY-NJ",Kings County,36,35620,600913,415787,562076.0,-38837.0,490912.0,0,-113962.0,-6.46299880348736,81.69435508967187,-69.1925453435023,-18.96480854965694
36061,"New York-Newark-Jersey City, NY-NJ",New York County,36,35620,236564,156224,220513.0,-16051.0,213630.0,0,-73457.0,-6.785056052484739,90.30537190781352,-66.03878865761486,-31.05163930268342
36079,"New York-Newark-Jersey City, NY-NJ",Putnam County,36,35620,23020,18038,18840.0,-4180.0,,0,,-18.158123370981755,,-78.35794960903563,
36081,"New York-Newark-Jersey City, NY-NJ",Queens County,36,35620,465639,327673,439104.0,-26535.0,356622.0,0,-55484.0,-5.698620605232809,76.58765696172357,-70.37060899108538,-11.915668575871008
36085,"New York-Newark-Jersey City, NY-NJ",Richmond County,36,35620,108320,79873,105407.0,-2913.0,67756.0,0,9204.0,-2.6892540620384047,62.55169867060562,-73.73799852289513,8.497045790251107
36087,"New York-Newark-Jersey City, NY-NJ",Rockland County,36,35620,87981,64150,105541.0,17560.0,75018.0,0,6692.0,19.958854752730705,85.26613700685375,-72.91346995374,7.606187699616964
36119,"New York-Newark-Jersey City, NY-NJ",Westchester County,36,35620,226394,169476,208740.0,-17654.0,132062.0,0,19760.0,-7.7979098385999635,58.332818007544375,-74.85887435179379,8.728146505649443
34005,"Philadelphia-Camden-Wilmington, PA-NJ-DE-MD",Burlington County,34,37980,102554,77207,96272.0,-6282.0,58505.0,0,12420.0,-6.12555336700665,57.047994227431396,-75.28424049768903,12.110692903250971
34007,"Philadelphia-Camden-Wilmington, PA-NJ-DE-MD",Camden County,34,37980,122786,89819,119827.0,-2959.0,79968.0,0,6892.0,-2.409883862981122,65.12794618278957,-73.15084781652631,5.613017770755624
34015,"Philadelphia-Camden-Wilmington, PA-NJ-DE-MD",Gloucester County,34,37980,69400,52305,65160.0,-4240.0,38178.0,0,9887.0,-6.109510086455332,55.01152737752162,-75.36743515850144,14.246397694524497
42017,"Philadelphia-Camden-Wilmington, PA-NJ-DE-MD",Bucks County,42,37980,140606,107682,127178.0,-13428.0,74647.0,0,19607.0,-9.550090323314794,53.08948409029487,-76.58421404491985,13.944639631310185
42029,"Philadelphia-Camden-Wilmington, PA-NJ-DE-MD",Chester County,42,37980,122828,92320,119637.0,-3191.0,70766.0,0,18363.0,-2.597941837366073,57.613899110951905,-75.16201517569284,14.950174227374866
42091,"Philadelphia-Camden-Wilmington, PA-NJ-DE-MD",Montgomery County,42,37980,182401,135404,183319.0,918.0,111948.0,0,24374.0,0.5032867144368726,61.37466351609915,-74.23424213683039,13.36286533516812
42045,"Philadelphia-Camden-Wilmington, PA-NJ-DE-MD",Delaware County,42,37980,128716,94902,127662.0,-1054.0,83835.0,0,10013.0,-0.8188570185524722,65.1317629509929,-73.72976164579384,7.779141676248486
42101,"Philadelphia-Camden-Wilmington, PA-NJ-DE-MD",Philadelphia County,42,37980,344749,239990,326963.0,-17786.0,268946.0,0,-46742.0,-5.15911576248227,78.01211896191141,-69.6129647946767,-13.558269929716982
10003,"Philadelphia-Camden-Wilmington, PA-NJ-DE-MD",New Castle County,10,37980,123760,90531,122635.0,-1125.0,81856.0,0,7550.0,-0.9090174531351003,66.14091790562378,-73.15045248868778,6.100517129928894
24015,"Philadelphia-Camden-Wilmington, PA-NJ-DE-MD",Cecil County,24,37980,24964,18684,23312.0,-1652.0,12567.0,0,4465.0,-6.617529242108637,50.3404903060407,-74.84377503605192,17.88575548790258
34033,"Philadelphia-Camden-Wilmington, PA-NJ-DE-MD",Salem County,34,37980,15179,11346,14449.0,-730.0,,0,,-4.809275973384281,,-74.74800711509322,
04013,"Phoenix-Mesa-Chandler, AZ",Maricopa County,04,38060,1003357,726695,1014730.0,11373.0,680207.0,0,57861.0,1.1334948577624913,67.7931185011915,-72.42636469372317,5.766741050294163
04021,"Phoenix-Mesa-Chandler, AZ",Pinal County,04,38060,97182,69304,108429.0,11247.0,61680.0,0,18871.0,11.573130826696302,63.46854355744891,-71.31361774814266,19.418205017390054
51013,"Washington-Arlington-Alexandria, DC-VA-MD-WV",Arlington County,51,47900,34639,22052,42416.0,7777.0,36760.0,0,-6931.0,22.451571927596063,106.12315598025349,-63.66234591067872,-20.009238141978695
51043,"Washington-Arlington-Alexandria, DC-VA-MD-WV",Clarke County,51,47900,3161,2431,3016.0,-145.0,,0,,-4.587155963302752,,-76.90604239164821,
51047,"Washington-Arlington-Alexandria, DC-VA-MD-WV",Culpeper County,51,47900,12087,8809,13895.0,1808.0,,0,,14.958219574749732,,-72.8799536692314,
51059,"Washington-Arlington-Alexandria, DC-VA-MD-WV",Fairfax County,51,47900,267021,192113,258034.0,-8987.0,176615.0,0,6511.0,-3.3656528887241075,66.14273783709895,-71.94677572175972,2.4383849959366493
51061,"Washington-Arlington-Alexandria, DC-VA-MD-WV",Fauquier County,51,47900,16410,12583,17455.0,1045.0,,0,,6.368068251066424,,-76.67885435709933,
51107,"Washington-Arlington-Alexandria, DC-VA-MD-WV",Loudoun County,51,47900,99162,71454,113295.0,14133.0,64462.0,0,21125.0,14.252435408725116,65.00675662047962,-72.05784473891208,21.30352352715758
51153,"Washington-Arlington-Alexandria, DC-VA-MD-WV",Prince William County,51,47900,119679,85792,128386.0,8707.0,84961.0,0,9538.0,7.275294746780972,70.99073354556774,-71.68509095162894,7.969652152842187
51157,"Washington-Arlington-Alexandria, DC-VA-MD-WV",Rappahannock County,51,47900,1467,1114,1234.0,-233.0,,0,,-15.882753919563736,,-75.93728698023176,
51177,"Washington-Arlington-Alexandria, DC-VA-MD-WV",Spotsylvania County,51,47900,33598,25417,36430.0,2832.0,17369.0,0,10880.0,8.429073159116614,51.69652955533067,-75.65033632954342,32.38287993332937
51179,"Washington-Arlington-Alexandria, DC-VA-MD-WV",Stafford County,51,47900,37364,28488,43878.0,6514.0,19455.0,0,15547.0,17.43389358741034,52.06883631302859,-76.24451343539236,41.60957070977411
51187,"Washington-Arlington-Alexandria, DC-VA-MD-WV",Warren County,51,47900,8917,6627,9161.0,244.0,,0,,2.736346304811035,,-74.31871705730627,
51510,"Washington-Arlington-Alexandria, DC-VA-MD-WV",Alexandria city,51,47900,25031,14495,28286.0,3255.0,33212.0,0,-15462.0,13.0038751947585,132.6834724941073,-57.90819383963884,-61.77140345970996
51600,"Washington-Arlington-Alexandria, DC-VA-MD-WV",Fairfax city,51,47900,4498,3284,6948.0,2450.0,,0,,54.468652734548684,,-73.0102267674522,
51610,"Washington-Arlington-Alexandria, DC-VA-MD-WV",Falls Church city,51,47900,3147,2343,3545.0,398.0,,0,,12.646965363838577,,-74.45185891325072,
51630,"Washington-Arlington-Alexandria, DC-VA-MD-WV",Fredericksburg city,51,47900,5262,3461,6385.0,1123.0,,0,,21.341695172938046,,-65.77347016343596,
51683,"Washington-Arlington-Alexandria, DC-VA-MD-WV",Manassas city,51,47900,10832,7655,11621.0,789.0,,0,,7.28397341211226,,-70.67023633677991,
51685,"Washington-Arlington-Alexandria, DC-VA-MD-WV",Manassas Park city,51,47900,4255,2909,3498.0,-757.0,,0,,-17.79083431257344,,-68.36662749706228,
54037,"Washington-Arlington-Alexandria, DC-VA-MD-WV",Jefferson County,54,47900,12804,9513,12480.0,-324.0,,0,,-2.530459231490159,,-74.2970946579194,
24021,"Washington-Arlington-Alexandria, DC-VA-MD-WV",Frederick County,24,47900,58889,44134,69133.0,10244.0,38230.0,0,16148.0,17.395438876530424,64.91874543632936,-74.94438689738321,27.421080337584268
24031,"Washington-Arlington-Alexandria, DC-VA-MD-WV",Montgomery County,24,47900,236415,171162,243481.0,7066.0,159856.0,0,18372.0,2.9888120466129475,67.61669098830446,-72.39895945688725,7.771080515195735
11001,"Washington-Arlington-Alexandria, DC-VA-MD-WV",District of Columbia,11,47900,103895,67691,129831.0,25936.0,116604.0,0,-22977.0,24.963665238943165,112.23254247076375,-65.15327975359739,-22.115597478223208
24017,"Washington-Arlington-Alexandria, DC-VA-MD-WV",Charles County,24,47900,38712,29306,40860.0,2148.0,23763.0,0,7691.0,5.548667079975202,61.38406695598264,-75.70262450919611,19.867224633188677
24033,"Washington-Arlington-Alexandria, DC-VA-MD-WV",Prince George's County,24,47900,204276,145053,210097.0,5821.0,151085.0,0,-211.0,2.849576063756878,73.96120934422056,-71.00834165540739,-0.10329162505629638
