year_pair,msa,inner_to_outer_returns,inner_to_outer_exemptions,inner_to_outer_dependents,outer_to_inner_returns,outer_to_inner_exemptions,outer_to_inner_dependents,net_outflow_exemptions,net_outflow_dependents
1112,"New York-Newark-Jersey City, NY-NJ",49075,90286,16673,40545,62738,1920,27548,14753
1112,"Los Angeles-Long Beach-Anaheim, CA",19871,37081,7274,17241,30298,4436,6783,2838
1112,"Chicago-Naperville-Elgin, IL-IN",32610,65488,16573,28321,52603,10121,12885,6452
1112,"Dallas-Fort Worth-Arlington, TX",33520,67167,16887,28977,54724,11258,12443,5629
1112,"Houston-The Woodlands-Sugar Land, TX",30033,64778,19728,24642,50226,13263,14552,6465
1112,"Atlanta-Sandy Springs-Roswell, GA",34500,65781,14031,32110,58688,10523,7093,3508
1112,"Washington-Arlington-Alexandria, DC-VA-MD-WV",21796,37681,4987,19540,30664,1354,7017,3633
1112,"Philadelphia-Camden-Wilmington, PA-NJ-DE-MD",15432,28202,5054,12788,20265,1083,7937,3971
1112,"Miami-Fort Lauderdale-Pompano Beach, FL",33991,50406,0,26311,36794,0,13612,0
1112,"Phoenix-Mesa-Chandler, AZ",5679,12858,4339,6383,14855,5280,-1997,-941
1112,"Austin-Round Rock-San Marcos, TX",12295,24352,5909,10005,18853,3845,5499,2064
1112,"Charlotte-Concord-Gastonia, NC-SC",8060,16870,4780,6333,12102,2602,4768,2178
1213,"New York-Newark-Jersey City, NY-NJ",50134,94942,19741,36932,58405,3007,36537,16734
1213,"Los Angeles-Long Beach-Anaheim, CA",20274,37902,7491,17960,32180,5240,5722,2251
1213,"Chicago-Naperville-Elgin, IL-IN",36243,73505,19140,29693,55028,10488,18477,8652
1213,"Dallas-Fort Worth-Arlington, TX",36245,74133,19765,29876,56700,11886,17433,7879
1213,"Houston-The Woodlands-Sugar Land, TX",32006,69343,21334,25697,52267,13721,17076,7613
1213,"Atlanta-Sandy Springs-Roswell, GA",33029,67311,17767,28809,55606,12392,11705,5375
1213,"Washington-Arlington-Alexandria, DC-VA-MD-WV",23355,40423,5390,20005,31591,1583,8832,3807
1213,"Philadelphia-Camden-Wilmington, PA-NJ-DE-MD",15937,29329,5423,12614,20412,1491,8917,3932
1213,"Miami-Fort Lauderdale-Pompano Beach, FL",25548,44606,6284,16821,28296,3064,16310,3220
1213,"Phoenix-Mesa-Chandler, AZ",6164,13907,4661,5895,13486,4643,421,18
1213,"Austin-Round Rock-San Marcos, TX",13290,26790,6855,10411,19567,3950,7223,2905
1213,"Charlotte-Concord-Gastonia, NC-SC",9500,19994,5744,6717,12868,2792,7126,2952
1314,"New York-Newark-Jersey City, NY-NJ",48602,92450,19547,35397,55788,2692,36662,16855
1314,"Los Angeles-Long Beach-Anaheim, CA",19238,35528,6671,16554,28931,4100,6597,2571
1314,"Chicago-Naperville-Elgin, IL-IN",34293,69268,17828,28056,50579,8495,18689,9333
1314,"Dallas-Fort Worth-Arlington, TX",34576,70927,19063,28891,54098,10761,16829,8302
1314,"Houston-The Woodlands-Sugar Land, TX",32069,70382,22278,25054,50075,12494,20307,9784
1314,"Atlanta-Sandy Springs-Roswell, GA",30771,63544,17387,25621,49474,11042,14070,6345
1314,"Washington-Arlington-Alexandria, DC-VA-MD-WV",21626,37822,5383,18589,28684,800,9138,4583
1314,"Philadelphia-Camden-Wilmington, PA-NJ-DE-MD",15205,27596,4788,12301,19589,1137,8007,3651
1314,"Miami-Fort Lauderdale-Pompano Beach, FL",18144,33514,6298,12477,22098,3382,11416,2916
1314,"Phoenix-Mesa-Chandler, AZ",5695,12642,4099,5029,11076,3532,1566,567
1314,"Austin-Round Rock-San Marcos, TX",13539,27096,6787,10008,18386,3374,8710,3413
1314,"Charlotte-Concord-Gastonia, NC-SC",9736,20659,6055,6490,12297,2562,8362,3493
1415,"New York-Newark-Jersey City, NY-NJ",39949,75316,15392,31392,48394,1306,26922,14086
1415,"Los Angeles-Long Beach-Anaheim, CA",15621,28238,4806,13709,23411,2847,4827,1959
1415,"Chicago-Naperville-Elgin, IL-IN",26100,52327,13177,22480,39258,5538,13069,7639
1415,"Dallas-Fort Worth-Arlington, TX",26877,54052,13736,23034,41818,7267,12234,6469
1415,"Houston-The Woodlands-Sugar Land, TX",26266,56193,16794,21506,41767,9508,14426,7286
1415,"Atlanta-Sandy Springs-Roswell, GA",23987,48999,13018,21292,40035,8097,8964,4921
1415,"Washington-Arlington-Alexandria, DC-VA-MD-WV",15545,27294,3976,15467,23853,652,3441,3324
1415,"Philadelphia-Camden-Wilmington, PA-NJ-DE-MD",12091,21916,3779,10208,16090,778,5826,3001
1415,"Miami-Fort Lauderdale-Pompano Beach, FL",14458,26555,4868,10348,18425,2903,8130,1965
1415,"Phoenix-Mesa-Chandler, AZ",4227,9206,2865,3924,8146,2260,1060,605
1415,"Austin-Round Rock-San Marcos, TX",10382,20629,5056,7741,13735,2123,6894,2933
1415,"Charlotte-Concord-Gastonia, NC-SC",7491,15722,4485,5631,10193,1746,5529,2739
1516,"New York-Newark-Jersey City, NY-NJ",51323,99275,22290,34146,51526,307,47749,21983
1516,"Los Angeles-Long Beach-Anaheim, CA",20065,35765,5667,16561,27833,2991,7932,2676
1516,"Chicago-Naperville-Elgin, IL-IN",35693,72055,18515,27174,46485,5724,25570,12791
1516,"Dallas-Fort Worth-Arlington, TX",38330,78490,20995,29063,52855,9260,25635,11735
1516,"Houston-The Woodlands-Sugar Land, TX",35388,77377,24295,24848,47865,10593,29512,13702
1516,"Atlanta-Sandy Springs-Roswell, GA",31461,63877,16685,26148,47887,8665,15990,8020
1516,"Washington-Arlington-Alexandria, DC-VA-MD-WV",22050,38987,5912,19504,28996,0,9991,5912
1516,"Philadelphia-Camden-Wilmington, PA-NJ-DE-MD",15976,29724,5760,12538,19015,208,10709,5552
1516,"Miami-Fort Lauderdale-Pompano Beach, FL",17600,32252,5852,10712,18785,2717,13467,3135
1516,"Phoenix-Mesa-Chandler, AZ",6436,14070,4416,5359,11393,3354,2677,1062
1516,"Austin-Round Rock-San Marcos, TX",15300,30581,7631,10352,18204,2676,12377,4955
1516,"Charlotte-Concord-Gastonia, NC-SC",11300,23891,6941,7124,12850,2164,11041,4777
1617,"New York-Newark-Jersey City, NY-NJ",71931,140312,32415,39439,59639,480,80673,31935
1617,"Los Angeles-Long Beach-Anaheim, CA",25334,45600,7599,20296,34036,3592,11564,4007
1617,"Chicago-Naperville-Elgin, IL-IN",50074,100779,25668,33366,57881,7832,42898,17836
1617,"Dallas-Fort Worth-Arlington, TX",53783,111730,31055,36476,66624,11910,45106,19145
1617,"Houston-The Woodlands-Sugar Land, TX",46811,103227,33010,29514,57816,13545,45411,19465
1617,"Atlanta-Sandy Springs-Roswell, GA",40914,82373,21002,33653,61299,10819,21074,10183
1617,"Washington-Arlington-Alexandria, DC-VA-MD-WV",30504,53312,7556,22388,33422,0,19890,7556
1617,"Philadelphia-Camden-Wilmington, PA-NJ-DE-MD",22717,43347,9271,15461,23527,335,19820,8936
1617,"Miami-Fort Lauderdale-Pompano Beach, FL",23218,42210,7383,12331,21540,3043,20670,4340
1617,"Phoenix-Mesa-Chandler, AZ",9686,21122,6593,7370,15933,4878,5189,1715
1617,"Austin-Round Rock-San Marcos, TX",21040,42330,10770,13190,23483,3698,18847,7072
1617,"Charlotte-Concord-Gastonia, NC-SC",16661,35365,10373,9056,16423,2839,18942,7534
1718,"New York-Newark-Jersey City, NY-NJ",61834,117532,24781,36949,55917,493,61615,24288
1718,"Los Angeles-Long Beach-Anaheim, CA",21031,36837,5290,16696,27374,2330,9463,2960
1718,"Chicago-Naperville-Elgin, IL-IN",37830,74106,17361,27994,47651,5660,26455,11701
1718,"Dallas-Fort Worth-Arlington, TX",44693,90554,23514,30446,54718,9049,35836,14465
1718,"Houston-The Woodlands-Sugar Land, TX",36959,79755,24316,26170,51052,11797,28703,12519
1718,"Atlanta-Sandy Springs-Roswell, GA",33556,65727,15393,27504,50184,8928,15543,6465
1718,"Washington-Arlington-Alexandria, DC-VA-MD-WV",23531,40110,4813,19145,28810,92,11300,4721
1718,"Philadelphia-Camden-Wilmington, PA-NJ-DE-MD",18296,33887,6443,13600,20768,368,13119,6075
1718,"Miami-Fort Lauderdale-Pompano Beach, FL",19231,34706,5859,11640,20069,2609,14637,3250
1718,"Phoenix-Mesa-Chandler, AZ",8020,17237,5207,6112,12937,3769,4300,1438
1718,"Austin-Round Rock-San Marcos, TX",16495,32330,7587,11330,19614,2619,12716,4968
1718,"Charlotte-Concord-Gastonia, NC-SC",13251,27439,7562,7929,14370,2476,13069,5086
1819,"New York-Newark-Jersey City, NY-NJ",60886,114382,23053,37130,55517,0,58865,23053
1819,"Los Angeles-Long Beach-Anaheim, CA",20908,36042,4680,16202,25914,1611,10128,3069
1819,"Chicago-Naperville-Elgin, IL-IN",36140,69483,15273,27133,45439,4739,24044,10534
1819,"Dallas-Fort Worth-Arlington, TX",45174,90713,22952,30457,54336,8650,36377,14302
1819,"Houston-The Woodlands-Sugar Land, TX",36583,79158,24283,26037,50693,11637,28465,12646
1819,"Atlanta-Sandy Springs-Roswell, GA",32239,63142,14783,27420,49034,7904,14108,6879
1819,"Washington-Arlington-Alexandria, DC-VA-MD-WV",22811,38648,4431,18394,27553,0,11095,4431
1819,"Philadelphia-Camden-Wilmington, PA-NJ-DE-MD",18257,33529,6143,13593,20418,28,13111,6115
1819,"Miami-Fort Lauderdale-Pompano Beach, FL",19060,34194,5604,12158,21080,2843,13114,2761
1819,"Phoenix-Mesa-Chandler, AZ",8192,17340,5052,6119,12691,3512,4649,1540
1819,"Austin-Round Rock-San Marcos, TX",16431,31676,7029,11525,19798,2510,11878,4519
1819,"Charlotte-Concord-Gastonia, NC-SC",13254,27080,7199,7970,14357,2402,12723,4797
1920,"New York-Newark-Jersey City, NY-NJ",76802,146824,31621,35257,54188,1302,92636,30319
1920,"Los Angeles-Long Beach-Anaheim, CA",22978,39565,5098,16339,26230,1721,13335,3377
1920,"Chicago-Naperville-Elgin, IL-IN",41336,81156,19152,26845,45038,4770,36118,14382
1920,"Dallas-Fort Worth-Arlington, TX",52142,106830,28617,32403,58345,9740,48485,18877
1920,"Houston-The Woodlands-Sugar Land, TX",42858,94646,30359,27827,54473,12732,40173,17627
1920,"Atlanta-Sandy Springs-Roswell, GA",35488,70601,17369,28336,50724,8220,19877,9149
1920,"Washington-Arlington-Alexandria, DC-VA-MD-WV",26163,45017,5772,17699,26742,193,18275,5579
1920,"Philadelphia-Camden-Wilmington, PA-NJ-DE-MD",20549,38640,7816,13224,19898,62,18742,7754
1920,"Miami-Fort Lauderdale-Pompano Beach, FL",20196,36376,6082,12357,21119,2583,15257,3499
1920,"Phoenix-Mesa-Chandler, AZ",10349,22046,6522,6614,13824,3903,8222,2619
1920,"Austin-Round Rock-San Marcos, TX",19434,37483,8332,11723,20250,2665,17233,5667
1920,"Charlotte-Concord-Gastonia, NC-SC",15090,31272,8637,8604,15687,2781,15585,5856
2021,"New York-Newark-Jersey City, NY-NJ",82271,148432,25025,33504,49341,0,99091,25025
2021,"Los Angeles-Long Beach-Anaheim, CA",24198,40086,3789,16193,24959,669,15127,3120
2021,"Chicago-Naperville-Elgin, IL-IN",43791,82844,17157,25759,41399,2760,41445,14397
2021,"Dallas-Fort Worth-Arlington, TX",54213,106303,24983,32705,55936,6878,50367,18105
2021,"Houston-The Woodlands-Sugar Land, TX",45565,95075,26727,28269,52618,10214,42457,16513
2021,"Atlanta-Sandy Springs-Roswell, GA",37375,69704,13641,27683,47571,6046,22133,7595
2021,"Washington-Arlington-Alexandria, DC-VA-MD-WV",25659,42626,4137,16978,24224,0,18402,4137
2021,"Philadelphia-Camden-Wilmington, PA-NJ-DE-MD",23212,41455,6637,12652,18161,0,23294,6637
2021,"Miami-Fort Lauderdale-Pompano Beach, FL",21060,36146,4556,12488,20463,1731,15683,2825
2021,"Phoenix-Mesa-Chandler, AZ",11227,22380,5539,6932,13430,3032,8950,2507
2021,"Austin-Round Rock-San Marcos, TX",20872,38760,7452,11637,19121,1665,19639,5787
2021,"Charlotte-Concord-Gastonia, NC-SC",15901,31611,7759,8955,15411,1978,16200,5781
2122,"New York-Newark-Jersey City, NY-NJ",74332,134861,23363,37262,53241,0,81620,23363
2122,"Los Angeles-Long Beach-Anaheim, CA",21267,34853,2952,16322,24663,180,10190,2772
2122,"Chicago-Naperville-Elgin, IL-IN",41885,78123,15295,25884,40420,1594,37703,13701
2122,"Dallas-Fort Worth-Arlington, TX",52153,101120,22890,33468,56697,6495,44423,16395
2122,"Houston-The Woodlands-Sugar Land, TX",42398,86663,23066,29090,52223,8588,34440,14478
2122,"Atlanta-Sandy Springs-Roswell, GA",35735,65251,11648,27481,45370,4148,19881,7500
2122,"Washington-Arlington-Alexandria, DC-VA-MD-WV",23189,38032,3248,16893,23886,0,14146,3248
2122,"Philadelphia-Camden-Wilmington, PA-NJ-DE-MD",21898,39051,6204,12864,18164,0,20887,6204
2122,"Miami-Fort Lauderdale-Pompano Beach, FL",20116,33629,3455,12004,19193,1187,14436,2268
2122,"Phoenix-Mesa-Chandler, AZ",10920,21418,5038,6868,12330,2028,9088,3010
2122,"Austin-Round Rock-San Marcos, TX",20167,36628,6377,11142,18318,1605,18310,4772
2122,"Charlotte-Concord-Gastonia, NC-SC",15229,29599,6755,8787,14872,1691,14727,5064
2223,"New York-Newark-Jersey City, NY-NJ",67509,119895,18631,39490,56237,0,63658,18631
2223,"Los Angeles-Long Beach-Anaheim, CA",19802,31420,1717,16006,23952,0,7468,1717
2223,"Chicago-Naperville-Elgin, IL-IN",36711,66060,10993,26153,40006,776,26054,10217
2223,"Dallas-Fort Worth-Arlington, TX",52099,98800,20651,34929,58870,6476,39930,14175
2223,"Houston-The Woodlands-Sugar Land, TX",42053,84360,21280,29020,52813,9283,31547,11997
2223,"Atlanta-Sandy Springs-Roswell, GA",34849,62975,10701,28028,46533,4491,16442,6210
2223,"Washington-Arlington-Alexandria, DC-VA-MD-WV",21973,35566,2606,17482,24781,0,10785,2606
2223,"Philadelphia-Camden-Wilmington, PA-NJ-DE-MD",19974,35421,5460,13462,19296,0,16125,5460
2223,"Miami-Fort Lauderdale-Pompano Beach, FL",20205,33544,3236,12237,19455,1099,14089,2137
2223,"Phoenix-Mesa-Chandler, AZ",10805,20751,4543,6549,11753,1929,8998,2614
2223,"Austin-Round Rock-San Marcos, TX",19937,36216,6310,12190,19313,1028,16903,5282
2223,"Charlotte-Concord-Gastonia, NC-SC",14858,27986,5699,9167,15261,1510,12725,4189
