county_fips,county_name,year,under18,source,scale_factor
34003,Bergen,1980,199135,1980s_pe02_u15interp,1.30449
34003,Bergen,1981,193528,1980s_pe02_u15interp,1.2946
34003,Bergen,1982,187823,1980s_pe02_u15interp,1.28471
34003,Bergen,1983,183859,1980s_pe02_u15interp,1.27482
34003,Bergen,1984,180160,1980s_pe02_u15interp,1.26493
34003,Bergen,1985,176051,1980s_pe02_u15interp,1.25504
34003,Bergen,1986,172545,1980s_pe02_u15interp,1.24515
34003,Bergen,1987,170546,1980s_pe02_u15interp,1.23526
34003,Bergen,1988,169724,1980s_pe02_u15interp,1.22537
34003,Bergen,1989,169656,1980s_pe02_u15interp,1.21548
34003,Bergen,1990,168368,1990s_cany_interp,0.99629
34003,Bergen,1991,171888,1990s_cany_interp,1.00638
34003,Bergen,1992,176806,1990s_cany_interp,1.01647
34003,Bergen,1993,181482,1990s_cany_interp,1.02656
34003,Bergen,1994,186055,1990s_cany_interp,1.03665
34003,Bergen,1995,189926,1990s_cany_interp,1.04673
34003,Bergen,1996,192980,1990s_cany_interp,1.05682
34003,Bergen,1997,195249,1990s_cany_interp,1.06691
34003,Bergen,1998,197471,1990s_cany_interp,1.077
34003,Bergen,1999,199585,1990s_cany_interp,1.08709
34003,Bergen,2000,202892,intercensal_2000-2010_u15interp,1.26586
34003,Bergen,2001,205634,intercensal_2000-2010_u15interp,1.26936
34003,Bergen,2002,206669,intercensal_2000-2010_u15interp,1.27285
34003,Bergen,2003,207502,intercensal_2000-2010_u15interp,1.27635
34003,Bergen,2004,207952,intercensal_2000-2010_u15interp,1.27985
34003,Bergen,2005,207060,intercensal_2000-2010_u15interp,1.28334
34003,Bergen,2006,205449,intercensal_2000-2010_u15interp,1.28684
34003,Bergen,2007,203737,intercensal_2000-2010_u15interp,1.29033
34003,Bergen,2008,203411,intercensal_2000-2010_u15interp,1.29383
34003,Bergen,2009,203687,intercensal_2000-2010_u15interp,1.29733
34003,Bergen,2010,204462,intercensal_2010-2020,1.0
34003,Bergen,2011,204405,intercensal_2010-2020,1.0
34003,Bergen,2012,203870,intercensal_2010-2020,1.0
34003,Bergen,2013,202953,intercensal_2010-2020,1.0
34003,Bergen,2014,202708,intercensal_2010-2020,1.0
34003,Bergen,2015,202435,intercensal_2010-2020,1.0
34003,Bergen,2016,202096,intercensal_2010-2020,1.0
34003,Bergen,2017,202542,intercensal_2010-2020,1.0
34003,Bergen,2018,201608,intercensal_2010-2020,1.0
34003,Bergen,2019,200931,intercensal_2010-2020,1.0
34003,Bergen,2020,199866,v2024_scaled,0.98432
34003,Bergen,2021,197665,v2024_scaled,0.98432
34003,Bergen,2022,196720,v2024_scaled,0.98432
34003,Bergen,2023,197573,v2024_scaled,0.98432
34003,Bergen,2024,198531,v2024_scaled,0.98432
34013,Essex,1980,240472,1980s_pe02_u15interp,1.26304
34013,Essex,1981,230863,1980s_pe02_u15interp,1.25707
34013,Essex,1982,222219,1980s_pe02_u15interp,1.2511
34013,Essex,1983,216067,1980s_pe02_u15interp,1.24512
34013,Essex,1984,210392,1980s_pe02_u15interp,1.23915
34013,Essex,1985,205945,1980s_pe02_u15interp,1.23318
34013,Essex,1986,200926,1980s_pe02_u15interp,1.2272
34013,Essex,1987,197926,1980s_pe02_u15interp,1.22123
34013,Essex,1988,195127,1980s_pe02_u15interp,1.21526
34013,Essex,1989,193472,1980s_pe02_u15interp,1.20928
34013,Essex,1990,188637,1990s_cany_interp,0.99228
34013,Essex,1991,191097,1990s_cany_interp,1.00155
34013,Essex,1992,195186,1990s_cany_interp,1.01081
34013,Essex,1993,198833,1990s_cany_interp,1.02008
34013,Essex,1994,201493,1990s_cany_interp,1.02935
34013,Essex,1995,202849,1990s_cany_interp,1.03862
34013,Essex,1996,203267,1990s_cany_interp,1.04789
34013,Essex,1997,203300,1990s_cany_interp,1.05716
34013,Essex,1998,203973,1990s_cany_interp,1.06643
34013,Essex,1999,205119,1990s_cany_interp,1.07569
34013,Essex,2000,206161,intercensal_2000-2010_u15interp,1.2669
34013,Essex,2001,207300,intercensal_2000-2010_u15interp,1.26939
34013,Essex,2002,208030,intercensal_2000-2010_u15interp,1.27187
34013,Essex,2003,207190,intercensal_2000-2010_u15interp,1.27435
34013,Essex,2004,205162,intercensal_2000-2010_u15interp,1.27683
34013,Essex,2005,202124,intercensal_2000-2010_u15interp,1.27931
34013,Essex,2006,198315,intercensal_2000-2010_u15interp,1.28179
34013,Essex,2007,195381,intercensal_2000-2010_u15interp,1.28428
34013,Essex,2008,193816,intercensal_2000-2010_u15interp,1.28676
34013,Essex,2009,194388,intercensal_2000-2010_u15interp,1.28924
34013,Essex,2010,194740,intercensal_2010-2020,1.0
34013,Essex,2011,194803,intercensal_2010-2020,1.0
34013,Essex,2012,194118,intercensal_2010-2020,1.0
34013,Essex,2013,194726,intercensal_2010-2020,1.0
34013,Essex,2014,195442,intercensal_2010-2020,1.0
34013,Essex,2015,195960,intercensal_2010-2020,1.0
34013,Essex,2016,197091,intercensal_2010-2020,1.0
34013,Essex,2017,199088,intercensal_2010-2020,1.0
34013,Essex,2018,200727,intercensal_2010-2020,1.0
34013,Essex,2019,202009,intercensal_2010-2020,1.0
34013,Essex,2020,201414,v2024_scaled,0.97831
34013,Essex,2021,197723,v2024_scaled,0.97831
34013,Essex,2022,196874,v2024_scaled,0.97831
34013,Essex,2023,198589,v2024_scaled,0.97831
34013,Essex,2024,201347,v2024_scaled,0.97831
34017,Hudson,1980,144823,1980s_pe02_u15interp,1.25343
34017,Hudson,1981,141738,1980s_pe02_u15interp,1.24823
34017,Hudson,1982,137948,1980s_pe02_u15interp,1.24302
34017,Hudson,1983,135563,1980s_pe02_u15interp,1.23782
34017,Hudson,1984,133137,1980s_pe02_u15interp,1.23261
34017,Hudson,1985,130262,1980s_pe02_u15interp,1.22741
34017,Hudson,1986,127161,1980s_pe02_u15interp,1.2222
34017,Hudson,1987,125136,1980s_pe02_u15interp,1.217
34017,Hudson,1988,124114,1980s_pe02_u15interp,1.21179
34017,Hudson,1989,123895,1980s_pe02_u15interp,1.20658
34017,Hudson,1990,122483,1990s_cany_interp,0.99472
34017,Hudson,1991,124351,1990s_cany_interp,0.99953
34017,Hudson,1992,126929,1990s_cany_interp,1.00435
34017,Hudson,1993,129044,1990s_cany_interp,1.00916
34017,Hudson,1994,131138,1990s_cany_interp,1.01397
34017,Hudson,1995,132878,1990s_cany_interp,1.01879
34017,Hudson,1996,133872,1990s_cany_interp,1.0236
34017,Hudson,1997,134999,1990s_cany_interp,1.02841
34017,Hudson,1998,135588,1990s_cany_interp,1.03323
34017,Hudson,1999,135996,1990s_cany_interp,1.03804
34017,Hudson,2000,137447,intercensal_2000-2010_u15interp,1.28193
34017,Hudson,2001,136981,intercensal_2000-2010_u15interp,1.28541
34017,Hudson,2002,136310,intercensal_2000-2010_u15interp,1.2889
34017,Hudson,2003,135194,intercensal_2000-2010_u15interp,1.29239
34017,Hudson,2004,134060,intercensal_2000-2010_u15interp,1.29588
34017,Hudson,2005,132632,intercensal_2000-2010_u15interp,1.29937
34017,Hudson,2006,130662,intercensal_2000-2010_u15interp,1.30285
34017,Hudson,2007,128393,intercensal_2000-2010_u15interp,1.30634
34017,Hudson,2008,128113,intercensal_2000-2010_u15interp,1.30983
34017,Hudson,2009,129752,intercensal_2000-2010_u15interp,1.31332
34017,Hudson,2010,131577,intercensal_2010-2020,1.0
34017,Hudson,2011,134290,intercensal_2010-2020,1.0
34017,Hudson,2012,135969,intercensal_2010-2020,1.0
34017,Hudson,2013,137493,intercensal_2010-2020,1.0
34017,Hudson,2014,139263,intercensal_2010-2020,1.0
34017,Hudson,2015,140435,intercensal_2010-2020,1.0
34017,Hudson,2016,141585,intercensal_2010-2020,1.0
34017,Hudson,2017,142320,intercensal_2010-2020,1.0
34017,Hudson,2018,142363,intercensal_2010-2020,1.0
34017,Hudson,2019,142448,intercensal_2010-2020,1.0
34017,Hudson,2020,141327,v2024_scaled,0.96045
34017,Hudson,2021,136514,v2024_scaled,0.96045
34017,Hudson,2022,134870,v2024_scaled,0.96045
34017,Hudson,2023,134847,v2024_scaled,0.96045
34017,Hudson,2024,135637,v2024_scaled,0.96045
34019,Hunterdon,1980,25735,1980s_pe02_u15interp,1.28694
34019,Hunterdon,1981,25126,1980s_pe02_u15interp,1.27707
34019,Hunterdon,1982,24585,1980s_pe02_u15interp,1.2672
34019,Hunterdon,1983,24342,1980s_pe02_u15interp,1.25732
34019,Hunterdon,1984,24257,1980s_pe02_u15interp,1.24745
34019,Hunterdon,1985,24171,1980s_pe02_u15interp,1.23758
34019,Hunterdon,1986,24441,1980s_pe02_u15interp,1.2277
34019,Hunterdon,1987,24944,1980s_pe02_u15interp,1.21783
34019,Hunterdon,1988,25210,1980s_pe02_u15interp,1.20796
34019,Hunterdon,1989,25783,1980s_pe02_u15interp,1.19808
34019,Hunterdon,1990,25941,1990s_cany_interp,0.99376
34019,Hunterdon,1991,26431,1990s_cany_interp,0.99383
34019,Hunterdon,1992,27328,1990s_cany_interp,0.99391
34019,Hunterdon,1993,28106,1990s_cany_interp,0.99398
34019,Hunterdon,1994,28748,1990s_cany_interp,0.99406
34019,Hunterdon,1995,29122,1990s_cany_interp,0.99414
34019,Hunterdon,1996,29793,1990s_cany_interp,0.99421
34019,Hunterdon,1997,30083,1990s_cany_interp,0.99429
34019,Hunterdon,1998,30391,1990s_cany_interp,0.99437
34019,Hunterdon,1999,30831,1990s_cany_interp,0.99444
34019,Hunterdon,2000,31408,intercensal_2000-2010_u15interp,1.25271
34019,Hunterdon,2001,31825,intercensal_2000-2010_u15interp,1.25824
34019,Hunterdon,2002,32187,intercensal_2000-2010_u15interp,1.26377
34019,Hunterdon,2003,32499,intercensal_2000-2010_u15interp,1.26931
34019,Hunterdon,2004,32515,intercensal_2000-2010_u15interp,1.27484
34019,Hunterdon,2005,32414,intercensal_2000-2010_u15interp,1.28037
34019,Hunterdon,2006,32323,intercensal_2000-2010_u15interp,1.28591
34019,Hunterdon,2007,31826,intercensal_2000-2010_u15interp,1.29144
34019,Hunterdon,2008,31252,intercensal_2000-2010_u15interp,1.29697
34019,Hunterdon,2009,30733,intercensal_2000-2010_u15interp,1.30251
34019,Hunterdon,2010,29998,intercensal_2010-2020,1.0
34019,Hunterdon,2011,29301,intercensal_2010-2020,1.0
34019,Hunterdon,2012,28476,intercensal_2010-2020,1.0
34019,Hunterdon,2013,27611,intercensal_2010-2020,1.0
34019,Hunterdon,2014,27022,intercensal_2010-2020,1.0
34019,Hunterdon,2015,26526,intercensal_2010-2020,1.0
34019,Hunterdon,2016,25999,intercensal_2010-2020,1.0
34019,Hunterdon,2017,25684,intercensal_2010-2020,1.0
34019,Hunterdon,2018,25309,intercensal_2010-2020,1.0
34019,Hunterdon,2019,24977,intercensal_2010-2020,1.0
34019,Hunterdon,2020,24839,v2024_scaled,0.99748
34019,Hunterdon,2021,24748,v2024_scaled,0.99748
34019,Hunterdon,2022,24768,v2024_scaled,0.99748
34019,Hunterdon,2023,24839,v2024_scaled,0.99748
34019,Hunterdon,2024,24904,v2024_scaled,0.99748
34023,Middlesex,1980,154336,1980s_pe02_u15interp,1.28222
34023,Middlesex,1981,149944,1980s_pe02_u15interp,1.2733
34023,Middlesex,1982,146527,1980s_pe02_u15interp,1.26437
34023,Middlesex,1983,144625,1980s_pe02_u15interp,1.25545
34023,Middlesex,1984,142659,1980s_pe02_u15interp,1.24653
34023,Middlesex,1985,141934,1980s_pe02_u15interp,1.2376
34023,Middlesex,1986,141295,1980s_pe02_u15interp,1.22868
34023,Middlesex,1987,142250,1980s_pe02_u15interp,1.21975
34023,Middlesex,1988,143524,1980s_pe02_u15interp,1.21083
34023,Middlesex,1989,145394,1980s_pe02_u15interp,1.2019
34023,Middlesex,1990,144631,1990s_cany_interp,0.99319
34023,Middlesex,1991,147952,1990s_cany_interp,1.00083
34023,Middlesex,1992,152330,1990s_cany_interp,1.00847
34023,Middlesex,1993,156378,1990s_cany_interp,1.0161
34023,Middlesex,1994,160688,1990s_cany_interp,1.02374
34023,Middlesex,1995,164288,1990s_cany_interp,1.03137
34023,Middlesex,1996,167077,1990s_cany_interp,1.03901
34023,Middlesex,1997,169507,1990s_cany_interp,1.04664
34023,Middlesex,1998,171891,1990s_cany_interp,1.05428
34023,Middlesex,1999,174328,1990s_cany_interp,1.06192
34023,Middlesex,2000,177582,intercensal_2000-2010_u15interp,1.2708
34023,Middlesex,2001,179237,intercensal_2000-2010_u15interp,1.27346
34023,Middlesex,2002,180781,intercensal_2000-2010_u15interp,1.27612
34023,Middlesex,2003,181343,intercensal_2000-2010_u15interp,1.27879
34023,Middlesex,2004,182480,intercensal_2000-2010_u15interp,1.28145
34023,Middlesex,2005,182859,intercensal_2000-2010_u15interp,1.28411
34023,Middlesex,2006,181543,intercensal_2000-2010_u15interp,1.28678
34023,Middlesex,2007,181488,intercensal_2000-2010_u15interp,1.28944
34023,Middlesex,2008,183219,intercensal_2000-2010_u15interp,1.2921
34023,Middlesex,2009,184522,intercensal_2000-2010_u15interp,1.29477
34023,Middlesex,2010,185487,intercensal_2010-2020,1.0
34023,Middlesex,2011,185527,intercensal_2010-2020,1.0
34023,Middlesex,2012,185527,intercensal_2010-2020,1.0
34023,Middlesex,2013,185106,intercensal_2010-2020,1.0
34023,Middlesex,2014,184901,intercensal_2010-2020,1.0
34023,Middlesex,2015,184839,intercensal_2010-2020,1.0
34023,Middlesex,2016,184300,intercensal_2010-2020,1.0
34023,Middlesex,2017,184693,intercensal_2010-2020,1.0
34023,Middlesex,2018,184336,intercensal_2010-2020,1.0
34023,Middlesex,2019,183699,intercensal_2010-2020,1.0
34023,Middlesex,2020,182743,v2024_scaled,0.96809
34023,Middlesex,2021,180514,v2024_scaled,0.96809
34023,Middlesex,2022,180041,v2024_scaled,0.96809
34023,Middlesex,2023,180558,v2024_scaled,0.96809
34023,Middlesex,2024,181454,v2024_scaled,0.96809
34025,Monmouth,1980,143921,1980s_pe02_u15interp,1.27298
34025,Monmouth,1981,140056,1980s_pe02_u15interp,1.26524
34025,Monmouth,1982,137009,1980s_pe02_u15interp,1.2575
34025,Monmouth,1983,134454,1980s_pe02_u15interp,1.24975
34025,Monmouth,1984,133390,1980s_pe02_u15interp,1.24201
34025,Monmouth,1985,132857,1980s_pe02_u15interp,1.23426
34025,Monmouth,1986,132755,1980s_pe02_u15interp,1.22652
34025,Monmouth,1987,134283,1980s_pe02_u15interp,1.21877
34025,Monmouth,1988,135092,1980s_pe02_u15interp,1.21103
34025,Monmouth,1989,135358,1980s_pe02_u15interp,1.20329
34025,Monmouth,1990,134814,1990s_cany_interp,0.99456
34025,Monmouth,1991,137386,1990s_cany_interp,0.99578
34025,Monmouth,1992,140985,1990s_cany_interp,0.99699
34025,Monmouth,1993,144365,1990s_cany_interp,0.9982
34025,Monmouth,1994,147932,1990s_cany_interp,0.99942
34025,Monmouth,1995,150907,1990s_cany_interp,1.00063
34025,Monmouth,1996,152997,1990s_cany_interp,1.00184
34025,Monmouth,1997,154487,1990s_cany_interp,1.00306
34025,Monmouth,1998,155832,1990s_cany_interp,1.00427
34025,Monmouth,1999,157789,1990s_cany_interp,1.00548
34025,Monmouth,2000,160303,intercensal_2000-2010_u15interp,1.25637
34025,Monmouth,2001,161937,intercensal_2000-2010_u15interp,1.2613
34025,Monmouth,2002,162738,intercensal_2000-2010_u15interp,1.26622
34025,Monmouth,2003,162512,intercensal_2000-2010_u15interp,1.27114
34025,Monmouth,2004,161472,intercensal_2000-2010_u15interp,1.27607
34025,Monmouth,2005,159492,intercensal_2000-2010_u15interp,1.28099
34025,Monmouth,2006,157035,intercensal_2000-2010_u15interp,1.28591
34025,Monmouth,2007,154576,intercensal_2000-2010_u15interp,1.29084
34025,Monmouth,2008,152752,intercensal_2000-2010_u15interp,1.29576
34025,Monmouth,2009,151034,intercensal_2000-2010_u15interp,1.30068
34025,Monmouth,2010,149737,intercensal_2010-2020,1.0
34025,Monmouth,2011,147170,intercensal_2010-2020,1.0
34025,Monmouth,2012,144753,intercensal_2010-2020,1.0
34025,Monmouth,2013,142697,intercensal_2010-2020,1.0
34025,Monmouth,2014,140678,intercensal_2010-2020,1.0
34025,Monmouth,2015,138730,intercensal_2010-2020,1.0
34025,Monmouth,2016,136875,intercensal_2010-2020,1.0
34025,Monmouth,2017,135312,intercensal_2010-2020,1.0
34025,Monmouth,2018,133812,intercensal_2010-2020,1.0
34025,Monmouth,2019,132603,intercensal_2010-2020,1.0
34025,Monmouth,2020,131564,v2024_scaled,0.96122
34025,Monmouth,2021,130339,v2024_scaled,0.96122
34025,Monmouth,2022,129170,v2024_scaled,0.96122
34025,Monmouth,2023,128340,v2024_scaled,0.96122
34025,Monmouth,2024,127586,v2024_scaled,0.96122
34027,Morris,1980,115709,1980s_pe02_u15interp,1.27995
34027,Morris,1981,112004,1980s_pe02_u15interp,1.2729
34027,Morris,1982,108884,1980s_pe02_u15interp,1.26584
34027,Morris,1983,106341,1980s_pe02_u15interp,1.25879
34027,Morris,1984,104396,1980s_pe02_u15interp,1.25174
34027,Morris,1985,101760,1980s_pe02_u15interp,1.24468
34027,Morris,1986,99495,1980s_pe02_u15interp,1.23763
34027,Morris,1987,98296,1980s_pe02_u15interp,1.23057
34027,Morris,1988,97867,1980s_pe02_u15interp,1.22352
34027,Morris,1989,97413,1980s_pe02_u15interp,1.21647
34027,Morris,1990,96291,1990s_cany_interp,0.99649
34027,Morris,1991,98059,1990s_cany_interp,1.00235
34027,Morris,1992,100560,1990s_cany_interp,1.0082
34027,Morris,1993,103245,1990s_cany_interp,1.01406
34027,Morris,1994,106316,1990s_cany_interp,1.01991
34027,Morris,1995,108673,1990s_cany_interp,1.02577
34027,Morris,1996,110591,1990s_cany_interp,1.03162
34027,Morris,1997,112101,1990s_cany_interp,1.03748
34027,Morris,1998,113399,1990s_cany_interp,1.04333
34027,Morris,1999,114783,1990s_cany_interp,1.04919
34027,Morris,2000,116730,intercensal_2000-2010_u15interp,1.2533
34027,Morris,2001,118071,intercensal_2000-2010_u15interp,1.25746
34027,Morris,2002,119562,intercensal_2000-2010_u15interp,1.26162
34027,Morris,2003,120692,intercensal_2000-2010_u15interp,1.26577
34027,Morris,2004,121431,intercensal_2000-2010_u15interp,1.26993
34027,Morris,2005,121505,intercensal_2000-2010_u15interp,1.27409
34027,Morris,2006,121042,intercensal_2000-2010_u15interp,1.27825
34027,Morris,2007,120087,intercensal_2000-2010_u15interp,1.2824
34027,Morris,2008,119390,intercensal_2000-2010_u15interp,1.28656
34027,Morris,2009,118297,intercensal_2000-2010_u15interp,1.29072
34027,Morris,2010,117406,intercensal_2010-2020,1.0
34027,Morris,2011,116323,intercensal_2010-2020,1.0
34027,Morris,2012,114779,intercensal_2010-2020,1.0
34027,Morris,2013,113365,intercensal_2010-2020,1.0
34027,Morris,2014,111857,intercensal_2010-2020,1.0
34027,Morris,2015,110756,intercensal_2010-2020,1.0
34027,Morris,2016,109592,intercensal_2010-2020,1.0
34027,Morris,2017,108801,intercensal_2010-2020,1.0
34027,Morris,2018,107491,intercensal_2010-2020,1.0
34027,Morris,2019,106321,intercensal_2010-2020,1.0
34027,Morris,2020,105266,v2024_scaled,0.98625
34027,Morris,2021,104386,v2024_scaled,0.98625
34027,Morris,2022,104382,v2024_scaled,0.98625
34027,Morris,2023,104737,v2024_scaled,0.98625
34027,Morris,2024,104982,v2024_scaled,0.98625
34029,Ocean,1980,91166,1980s_pe02_u15interp,1.22446
34029,Ocean,1981,89945,1980s_pe02_u15interp,1.22065
34029,Ocean,1982,88689,1980s_pe02_u15interp,1.21683
34029,Ocean,1983,88034,1980s_pe02_u15interp,1.21302
34029,Ocean,1984,88418,1980s_pe02_u15interp,1.20921
34029,Ocean,1985,89376,1980s_pe02_u15interp,1.20539
34029,Ocean,1986,90915,1980s_pe02_u15interp,1.20158
34029,Ocean,1987,92877,1980s_pe02_u15interp,1.19777
34029,Ocean,1988,95286,1980s_pe02_u15interp,1.19395
34029,Ocean,1989,97489,1980s_pe02_u15interp,1.19014
34029,Ocean,1990,98165,1990s_cany_interp,0.99267
34029,Ocean,1991,100189,1990s_cany_interp,0.99055
34029,Ocean,1992,102278,1990s_cany_interp,0.98844
34029,Ocean,1993,105265,1990s_cany_interp,0.98632
34029,Ocean,1994,108076,1990s_cany_interp,0.98421
34029,Ocean,1995,110888,1990s_cany_interp,0.98209
34029,Ocean,1996,112995,1990s_cany_interp,0.97997
34029,Ocean,1997,114264,1990s_cany_interp,0.97786
34029,Ocean,1998,115606,1990s_cany_interp,0.97574
34029,Ocean,1999,116958,1990s_cany_interp,0.97363
34029,Ocean,2000,119464,intercensal_2000-2010_u15interp,1.26222
34029,Ocean,2001,121703,intercensal_2000-2010_u15interp,1.26452
34029,Ocean,2002,124555,intercensal_2000-2010_u15interp,1.26683
34029,Ocean,2003,126306,intercensal_2000-2010_u15interp,1.26914
34029,Ocean,2004,127372,intercensal_2000-2010_u15interp,1.27144
34029,Ocean,2005,128315,intercensal_2000-2010_u15interp,1.27375
34029,Ocean,2006,128957,intercensal_2000-2010_u15interp,1.27606
34029,Ocean,2007,129878,intercensal_2000-2010_u15interp,1.27837
34029,Ocean,2008,131575,intercensal_2000-2010_u15interp,1.28067
34029,Ocean,2009,133205,intercensal_2000-2010_u15interp,1.28298
34029,Ocean,2010,135322,intercensal_2010-2020,1.0
34029,Ocean,2011,136554,intercensal_2010-2020,1.0
34029,Ocean,2012,137176,intercensal_2010-2020,1.0
34029,Ocean,2013,138379,intercensal_2010-2020,1.0
34029,Ocean,2014,139665,intercensal_2010-2020,1.0
34029,Ocean,2015,141443,intercensal_2010-2020,1.0
34029,Ocean,2016,143683,intercensal_2010-2020,1.0
34029,Ocean,2017,145899,intercensal_2010-2020,1.0
34029,Ocean,2018,149044,intercensal_2010-2020,1.0
34029,Ocean,2019,152220,intercensal_2010-2020,1.0
34029,Ocean,2020,155238,v2024_scaled,0.97655
34029,Ocean,2021,158193,v2024_scaled,0.97655
34029,Ocean,2022,160342,v2024_scaled,0.97655
34029,Ocean,2023,161280,v2024_scaled,0.97655
34029,Ocean,2024,162376,v2024_scaled,0.97655
34031,Passaic,1980,122996,1980s_pe02_u15interp,1.25638
34031,Passaic,1981,120148,1980s_pe02_u15interp,1.25027
34031,Passaic,1982,117432,1980s_pe02_u15interp,1.24416
34031,Passaic,1983,115268,1980s_pe02_u15interp,1.23805
34031,Passaic,1984,113719,1980s_pe02_u15interp,1.23194
34031,Passaic,1985,112352,1980s_pe02_u15interp,1.22582
34031,Passaic,1986,110963,1980s_pe02_u15interp,1.21971
34031,Passaic,1987,110458,1980s_pe02_u15interp,1.2136
34031,Passaic,1988,110430,1980s_pe02_u15interp,1.20749
34031,Passaic,1989,110291,1980s_pe02_u15interp,1.20138
34031,Passaic,1990,108743,1990s_cany_interp,0.94059
34031,Passaic,1991,110617,1990s_cany_interp,0.94561
34031,Passaic,1992,113436,1990s_cany_interp,0.95063
34031,Passaic,1993,116552,1990s_cany_interp,0.95565
34031,Passaic,1994,119355,1990s_cany_interp,0.96067
34031,Passaic,1995,121201,1990s_cany_interp,0.96569
34031,Passaic,1996,122569,1990s_cany_interp,0.97071
34031,Passaic,1997,123592,1990s_cany_interp,0.97573
34031,Passaic,1998,124459,1990s_cany_interp,0.98076
34031,Passaic,1999,125612,1990s_cany_interp,0.98578
34031,Passaic,2000,127244,intercensal_2000-2010_u15interp,1.26506
34031,Passaic,2001,127313,intercensal_2000-2010_u15interp,1.26843
34031,Passaic,2002,127679,intercensal_2000-2010_u15interp,1.27181
34031,Passaic,2003,127080,intercensal_2000-2010_u15interp,1.27519
34031,Passaic,2004,126290,intercensal_2000-2010_u15interp,1.27856
34031,Passaic,2005,124978,intercensal_2000-2010_u15interp,1.28194
34031,Passaic,2006,123741,intercensal_2000-2010_u15interp,1.28532
34031,Passaic,2007,122816,intercensal_2000-2010_u15interp,1.28869
34031,Passaic,2008,122940,intercensal_2000-2010_u15interp,1.29207
34031,Passaic,2009,123817,intercensal_2000-2010_u15interp,1.29545
34031,Passaic,2010,124769,intercensal_2010-2020,1.0
34031,Passaic,2011,124416,intercensal_2010-2020,1.0
34031,Passaic,2012,123794,intercensal_2010-2020,1.0
34031,Passaic,2013,123174,intercensal_2010-2020,1.0
34031,Passaic,2014,123118,intercensal_2010-2020,1.0
34031,Passaic,2015,122524,intercensal_2010-2020,1.0
34031,Passaic,2016,122071,intercensal_2010-2020,1.0
34031,Passaic,2017,122188,intercensal_2010-2020,1.0
34031,Passaic,2018,121450,intercensal_2010-2020,1.0
34031,Passaic,2019,120634,intercensal_2010-2020,1.0
34031,Passaic,2020,119874,v2024_scaled,0.95807
34031,Passaic,2021,117493,v2024_scaled,0.95807
34031,Passaic,2022,116630,v2024_scaled,0.95807
34031,Passaic,2023,117421,v2024_scaled,0.95807
34031,Passaic,2024,118483,v2024_scaled,0.95807
34035,Somerset,1980,54312,1980s_pe02_u15interp,1.30592
34035,Somerset,1981,52896,1980s_pe02_u15interp,1.29428
34035,Somerset,1982,51542,1980s_pe02_u15interp,1.28263
34035,Somerset,1983,50706,1980s_pe02_u15interp,1.27098
34035,Somerset,1984,49997,1980s_pe02_u15interp,1.25933
34035,Somerset,1985,49407,1980s_pe02_u15interp,1.24769
34035,Somerset,1986,49494,1980s_pe02_u15interp,1.23604
34035,Somerset,1987,50501,1980s_pe02_u15interp,1.22439
34035,Somerset,1988,51726,1980s_pe02_u15interp,1.21275
34035,Somerset,1989,52659,1980s_pe02_u15interp,1.2011
34035,Somerset,1990,52889,1990s_cany_interp,0.99117
34035,Somerset,1991,54981,1990s_cany_interp,1.00412
34035,Somerset,1992,57282,1990s_cany_interp,1.01706
34035,Somerset,1993,59989,1990s_cany_interp,1.03
34035,Somerset,1994,62585,1990s_cany_interp,1.04295
34035,Somerset,1995,64830,1990s_cany_interp,1.05589
34035,Somerset,1996,66938,1990s_cany_interp,1.06883
34035,Somerset,1997,69186,1990s_cany_interp,1.08178
34035,Somerset,1998,71331,1990s_cany_interp,1.09472
34035,Somerset,1999,73681,1990s_cany_interp,1.10767
34035,Somerset,2000,76038,intercensal_2000-2010_u15interp,1.24308
34035,Somerset,2001,78006,intercensal_2000-2010_u15interp,1.24852
34035,Somerset,2002,79352,intercensal_2000-2010_u15interp,1.25396
34035,Somerset,2003,80144,intercensal_2000-2010_u15interp,1.2594
34035,Somerset,2004,80824,intercensal_2000-2010_u15interp,1.26484
34035,Somerset,2005,80820,intercensal_2000-2010_u15interp,1.27028
34035,Somerset,2006,80740,intercensal_2000-2010_u15interp,1.27572
34035,Somerset,2007,80705,intercensal_2000-2010_u15interp,1.28115
34035,Somerset,2008,80376,intercensal_2000-2010_u15interp,1.28659
34035,Somerset,2009,80460,intercensal_2000-2010_u15interp,1.29203
34035,Somerset,2010,80713,intercensal_2010-2020,1.0
34035,Somerset,2011,80399,intercensal_2010-2020,1.0
34035,Somerset,2012,79696,intercensal_2010-2020,1.0
34035,Somerset,2013,79083,intercensal_2010-2020,1.0
34035,Somerset,2014,78199,intercensal_2010-2020,1.0
34035,Somerset,2015,77429,intercensal_2010-2020,1.0
34035,Somerset,2016,76650,intercensal_2010-2020,1.0
34035,Somerset,2017,76078,intercensal_2010-2020,1.0
34035,Somerset,2018,75195,intercensal_2010-2020,1.0
34035,Somerset,2019,74329,intercensal_2010-2020,1.0
34035,Somerset,2020,73889,v2024_scaled,0.98475
34035,Somerset,2021,72959,v2024_scaled,0.98475
34035,Somerset,2022,72537,v2024_scaled,0.98475
34035,Somerset,2023,72637,v2024_scaled,0.98475
34035,Somerset,2024,72586,v2024_scaled,0.98475
34037,Sussex,1980,37253,1980s_pe02_u15interp,1.22013
34037,Sussex,1981,36634,1980s_pe02_u15interp,1.21618
34037,Sussex,1982,35895,1980s_pe02_u15interp,1.21223
34037,Sussex,1983,35363,1980s_pe02_u15interp,1.20828
34037,Sussex,1984,34936,1980s_pe02_u15interp,1.20433
34037,Sussex,1985,34764,1980s_pe02_u15interp,1.20038
34037,Sussex,1986,34732,1980s_pe02_u15interp,1.19643
34037,Sussex,1987,35163,1980s_pe02_u15interp,1.19248
34037,Sussex,1988,35790,1980s_pe02_u15interp,1.18853
34037,Sussex,1989,36289,1980s_pe02_u15interp,1.18458
34037,Sussex,1990,36386,1990s_cany_interp,0.99394
34037,Sussex,1991,36923,1990s_cany_interp,0.98899
34037,Sussex,1992,37637,1990s_cany_interp,0.98405
34037,Sussex,1993,38334,1990s_cany_interp,0.97911
34037,Sussex,1994,38970,1990s_cany_interp,0.97417
34037,Sussex,1995,39464,1990s_cany_interp,0.96923
34037,Sussex,1996,39715,1990s_cany_interp,0.96429
34037,Sussex,1997,39673,1990s_cany_interp,0.95935
34037,Sussex,1998,39705,1990s_cany_interp,0.95441
34037,Sussex,1999,39835,1990s_cany_interp,0.94946
34037,Sussex,2000,40248,intercensal_2000-2010_u15interp,1.25748
34037,Sussex,2001,40474,intercensal_2000-2010_u15interp,1.26351
34037,Sussex,2002,40855,intercensal_2000-2010_u15interp,1.26954
34037,Sussex,2003,40678,intercensal_2000-2010_u15interp,1.27558
34037,Sussex,2004,40281,intercensal_2000-2010_u15interp,1.28161
34037,Sussex,2005,39585,intercensal_2000-2010_u15interp,1.28764
34037,Sussex,2006,38703,intercensal_2000-2010_u15interp,1.29367
34037,Sussex,2007,37993,intercensal_2000-2010_u15interp,1.2997
34037,Sussex,2008,37211,intercensal_2000-2010_u15interp,1.30574
34037,Sussex,2009,36205,intercensal_2000-2010_u15interp,1.31177
34037,Sussex,2010,35464,intercensal_2010-2020,1.0
34037,Sussex,2011,34431,intercensal_2010-2020,1.0
34037,Sussex,2012,33253,intercensal_2010-2020,1.0
34037,Sussex,2013,32136,intercensal_2010-2020,1.0
34037,Sussex,2014,31328,intercensal_2010-2020,1.0
34037,Sussex,2015,30278,intercensal_2010-2020,1.0
34037,Sussex,2016,29530,intercensal_2010-2020,1.0
34037,Sussex,2017,28782,intercensal_2010-2020,1.0
34037,Sussex,2018,28439,intercensal_2010-2020,1.0
34037,Sussex,2019,27956,intercensal_2010-2020,1.0
34037,Sussex,2020,27693,v2024_scaled,0.98417
34037,Sussex,2021,27936,v2024_scaled,0.98417
34037,Sussex,2022,27983,v2024_scaled,0.98417
34037,Sussex,2023,28065,v2024_scaled,0.98417
34037,Sussex,2024,28177,v2024_scaled,0.98417
34039,Union,1980,123877,1980s_pe02_u15interp,1.28856
34039,Union,1981,120612,1980s_pe02_u15interp,1.27886
34039,Union,1982,117575,1980s_pe02_u15interp,1.26916
34039,Union,1983,115512,1980s_pe02_u15interp,1.25946
34039,Union,1984,113400,1980s_pe02_u15interp,1.24976
34039,Union,1985,111806,1980s_pe02_u15interp,1.24006
34039,Union,1986,109893,1980s_pe02_u15interp,1.23035
34039,Union,1987,109008,1980s_pe02_u15interp,1.22065
34039,Union,1988,108713,1980s_pe02_u15interp,1.21095
34039,Union,1989,109171,1980s_pe02_u15interp,1.20125
34039,Union,1990,108088,1990s_cany_interp,0.99436
34039,Union,1991,110315,1990s_cany_interp,1.00687
34039,Union,1992,113141,1990s_cany_interp,1.01938
34039,Union,1993,116146,1990s_cany_interp,1.03189
34039,Union,1994,119398,1990s_cany_interp,1.04441
34039,Union,1995,121740,1990s_cany_interp,1.05692
34039,Union,1996,123639,1990s_cany_interp,1.06943
34039,Union,1997,124927,1990s_cany_interp,1.08194
34039,Union,1998,126525,1990s_cany_interp,1.09445
34039,Union,1999,127756,1990s_cany_interp,1.10696
34039,Union,2000,129716,intercensal_2000-2010_u15interp,1.26288
34039,Union,2001,131237,intercensal_2000-2010_u15interp,1.26615
34039,Union,2002,131851,intercensal_2000-2010_u15interp,1.26943
34039,Union,2003,131636,intercensal_2000-2010_u15interp,1.27271
34039,Union,2004,131112,intercensal_2000-2010_u15interp,1.27599
34039,Union,2005,130035,intercensal_2000-2010_u15interp,1.27927
34039,Union,2006,129172,intercensal_2000-2010_u15interp,1.28255
34039,Union,2007,128171,intercensal_2000-2010_u15interp,1.28582
34039,Union,2008,128620,intercensal_2000-2010_u15interp,1.2891
34039,Union,2009,130078,intercensal_2000-2010_u15interp,1.29238
34039,Union,2010,131349,intercensal_2010-2020,1.0
34039,Union,2011,131421,intercensal_2010-2020,1.0
34039,Union,2012,131633,intercensal_2010-2020,1.0
34039,Union,2013,131947,intercensal_2010-2020,1.0
34039,Union,2014,132453,intercensal_2010-2020,1.0
34039,Union,2015,132775,intercensal_2010-2020,1.0
34039,Union,2016,133590,intercensal_2010-2020,1.0
34039,Union,2017,133808,intercensal_2010-2020,1.0
34039,Union,2018,134490,intercensal_2010-2020,1.0
34039,Union,2019,134448,intercensal_2010-2020,1.0
34039,Union,2020,134156,v2024_scaled,0.98581
34039,Union,2021,132668,v2024_scaled,0.98581
34039,Union,2022,132922,v2024_scaled,0.98581
34039,Union,2023,134791,v2024_scaled,0.98581
34039,Union,2024,137095,v2024_scaled,0.98581
36005,Bronx,1980,341710,1980s_pe02_u15interp,1.25022
36005,Bronx,1981,334441,1980s_pe02_u15interp,1.24325
36005,Bronx,1982,330080,1980s_pe02_u15interp,1.23628
36005,Bronx,1983,330421,1980s_pe02_u15interp,1.22931
36005,Bronx,1984,328522,1980s_pe02_u15interp,1.22234
36005,Bronx,1985,328294,1980s_pe02_u15interp,1.21537
36005,Bronx,1986,327968,1980s_pe02_u15interp,1.2084
36005,Bronx,1987,331141,1980s_pe02_u15interp,1.20144
36005,Bronx,1988,333908,1980s_pe02_u15interp,1.19447
36005,Bronx,1989,336534,1980s_pe02_u15interp,1.1875
36005,Bronx,1990,331648,1990s_cany_interp,0.99476
36005,Bronx,1991,340608,1990s_cany_interp,1.00798
36005,Bronx,1992,350109,1990s_cany_interp,1.02121
36005,Bronx,1993,359868,1990s_cany_interp,1.03443
36005,Bronx,1994,368337,1990s_cany_interp,1.04765
36005,Bronx,1995,375892,1990s_cany_interp,1.06088
36005,Bronx,1996,380345,1990s_cany_interp,1.0741
36005,Bronx,1997,384660,1990s_cany_interp,1.08733
36005,Bronx,1998,387162,1990s_cany_interp,1.10055
36005,Bronx,1999,390800,1990s_cany_interp,1.11378
36005,Bronx,2000,396419,intercensal_2000-2010_u15interp,1.25827
36005,Bronx,2001,396385,intercensal_2000-2010_u15interp,1.26399
36005,Bronx,2002,397748,intercensal_2000-2010_u15interp,1.2697
36005,Bronx,2003,395014,intercensal_2000-2010_u15interp,1.27541
36005,Bronx,2004,388055,intercensal_2000-2010_u15interp,1.28112
36005,Bronx,2005,379089,intercensal_2000-2010_u15interp,1.28683
36005,Bronx,2006,371739,intercensal_2000-2010_u15interp,1.29255
36005,Bronx,2007,367179,intercensal_2000-2010_u15interp,1.29826
36005,Bronx,2008,366244,intercensal_2000-2010_u15interp,1.30397
36005,Bronx,2009,367447,intercensal_2000-2010_u15interp,1.30968
36005,Bronx,2010,367919,intercensal_2010-2020,1.0
36005,Bronx,2011,367740,intercensal_2010-2020,1.0
36005,Bronx,2012,367288,intercensal_2010-2020,1.0
36005,Bronx,2013,366187,intercensal_2010-2020,1.0
36005,Bronx,2014,366010,intercensal_2010-2020,1.0
36005,Bronx,2015,367470,intercensal_2010-2020,1.0
36005,Bronx,2016,367105,intercensal_2010-2020,1.0
36005,Bronx,2017,363966,intercensal_2010-2020,1.0
36005,Bronx,2018,359783,intercensal_2010-2020,1.0
36005,Bronx,2019,353686,intercensal_2010-2020,1.0
36005,Bronx,2020,346737,v2024_scaled,0.95568
36005,Bronx,2021,331472,v2024_scaled,0.95568
36005,Bronx,2022,320619,v2024_scaled,0.95568
36005,Bronx,2023,315764,v2024_scaled,0.95568
36005,Bronx,2024,317816,v2024_scaled,0.95568
36047,Kings (Brooklyn),1980,631515,1980s_pe02_u15interp,1.23362
36047,Kings (Brooklyn),1981,621444,1980s_pe02_u15interp,1.22926
36047,Kings (Brooklyn),1982,615645,1980s_pe02_u15interp,1.22491
36047,Kings (Brooklyn),1983,616655,1980s_pe02_u15interp,1.22055
36047,Kings (Brooklyn),1984,613682,1980s_pe02_u15interp,1.21619
36047,Kings (Brooklyn),1985,612428,1980s_pe02_u15interp,1.21183
36047,Kings (Brooklyn),1986,609815,1980s_pe02_u15interp,1.20747
36047,Kings (Brooklyn),1987,609969,1980s_pe02_u15interp,1.20311
36047,Kings (Brooklyn),1988,612397,1980s_pe02_u15interp,1.19876
36047,Kings (Brooklyn),1989,615145,1980s_pe02_u15interp,1.1944
36047,Kings (Brooklyn),1990,605554,1990s_cany_interp,0.99378
36047,Kings (Brooklyn),1991,616610,1990s_cany_interp,1.0017
36047,Kings (Brooklyn),1992,628724,1990s_cany_interp,1.00962
36047,Kings (Brooklyn),1993,639493,1990s_cany_interp,1.01754
36047,Kings (Brooklyn),1994,648886,1990s_cany_interp,1.02546
36047,Kings (Brooklyn),1995,654372,1990s_cany_interp,1.03338
36047,Kings (Brooklyn),1996,656799,1990s_cany_interp,1.0413
36047,Kings (Brooklyn),1997,658641,1990s_cany_interp,1.04922
36047,Kings (Brooklyn),1998,657024,1990s_cany_interp,1.05714
36047,Kings (Brooklyn),1999,656804,1990s_cany_interp,1.06506
36047,Kings (Brooklyn),2000,659743,intercensal_2000-2010_u15interp,1.27836
36047,Kings (Brooklyn),2001,650744,intercensal_2000-2010_u15interp,1.28092
36047,Kings (Brooklyn),2002,644701,intercensal_2000-2010_u15interp,1.28349
36047,Kings (Brooklyn),2003,634135,intercensal_2000-2010_u15interp,1.28605
36047,Kings (Brooklyn),2004,620171,intercensal_2000-2010_u15interp,1.28862
36047,Kings (Brooklyn),2005,605432,intercensal_2000-2010_u15interp,1.29118
36047,Kings (Brooklyn),2006,594487,intercensal_2000-2010_u15interp,1.29375
36047,Kings (Brooklyn),2007,586196,intercensal_2000-2010_u15interp,1.29632
36047,Kings (Brooklyn),2008,585272,intercensal_2000-2010_u15interp,1.29888
36047,Kings (Brooklyn),2009,590300,intercensal_2000-2010_u15interp,1.30145
36047,Kings (Brooklyn),2010,595841,intercensal_2010-2020,1.0
36047,Kings (Brooklyn),2011,603599,intercensal_2010-2020,1.0
36047,Kings (Brooklyn),2012,608517,intercensal_2010-2020,1.0
36047,Kings (Brooklyn),2013,612245,intercensal_2010-2020,1.0
36047,Kings (Brooklyn),2014,614896,intercensal_2010-2020,1.0
36047,Kings (Brooklyn),2015,616726,intercensal_2010-2020,1.0
36047,Kings (Brooklyn),2016,615780,intercensal_2010-2020,1.0
36047,Kings (Brooklyn),2017,611571,intercensal_2010-2020,1.0
36047,Kings (Brooklyn),2018,605764,intercensal_2010-2020,1.0
36047,Kings (Brooklyn),2019,600312,intercensal_2010-2020,1.0
36047,Kings (Brooklyn),2020,591314,v2024_scaled,0.95202
36047,Kings (Brooklyn),2021,567579,v2024_scaled,0.95202
36047,Kings (Brooklyn),2022,549869,v2024_scaled,0.95202
36047,Kings (Brooklyn),2023,538314,v2024_scaled,0.95202
36047,Kings (Brooklyn),2024,535108,v2024_scaled,0.95202
36059,Nassau,1980,339028,1980s_pe02_u15interp,1.31767
36059,Nassau,1981,328041,1980s_pe02_u15interp,1.30683
36059,Nassau,1982,320250,1980s_pe02_u15interp,1.29598
36059,Nassau,1983,315983,1980s_pe02_u15interp,1.28514
36059,Nassau,1984,308963,1980s_pe02_u15interp,1.2743
36059,Nassau,1985,301629,1980s_pe02_u15interp,1.26345
36059,Nassau,1986,294076,1980s_pe02_u15interp,1.25261
36059,Nassau,1987,290018,1980s_pe02_u15interp,1.24176
36059,Nassau,1988,287997,1980s_pe02_u15interp,1.23092
36059,Nassau,1989,285997,1980s_pe02_u15interp,1.22008
36059,Nassau,1990,280698,1990s_cany_interp,0.9992
36059,Nassau,1991,288835,1990s_cany_interp,1.01276
36059,Nassau,1992,296660,1990s_cany_interp,1.02632
36059,Nassau,1993,303025,1990s_cany_interp,1.03987
36059,Nassau,1994,309650,1990s_cany_interp,1.05343
36059,Nassau,1995,315353,1990s_cany_interp,1.06699
36059,Nassau,1996,319036,1990s_cany_interp,1.08055
36059,Nassau,1997,321352,1990s_cany_interp,1.0941
36059,Nassau,1998,322244,1990s_cany_interp,1.10766
36059,Nassau,1999,324241,1990s_cany_interp,1.12122
36059,Nassau,2000,328393,intercensal_2000-2010_u15interp,1.26495
36059,Nassau,2001,329315,intercensal_2000-2010_u15interp,1.26981
36059,Nassau,2002,330283,intercensal_2000-2010_u15interp,1.27467
36059,Nassau,2003,328909,intercensal_2000-2010_u15interp,1.27953
36059,Nassau,2004,326288,intercensal_2000-2010_u15interp,1.28439
36059,Nassau,2005,321637,intercensal_2000-2010_u15interp,1.28926
36059,Nassau,2006,316570,intercensal_2000-2010_u15interp,1.29412
36059,Nassau,2007,312360,intercensal_2000-2010_u15interp,1.29898
36059,Nassau,2008,310803,intercensal_2000-2010_u15interp,1.30384
36059,Nassau,2009,310399,intercensal_2000-2010_u15interp,1.3087
36059,Nassau,2010,311408,intercensal_2010-2020,1.0
36059,Nassau,2011,308919,intercensal_2010-2020,1.0
36059,Nassau,2012,306490,intercensal_2010-2020,1.0
36059,Nassau,2013,304041,intercensal_2010-2020,1.0
36059,Nassau,2014,302241,intercensal_2010-2020,1.0
36059,Nassau,2015,300497,intercensal_2010-2020,1.0
36059,Nassau,2016,299389,intercensal_2010-2020,1.0
36059,Nassau,2017,298607,intercensal_2010-2020,1.0
36059,Nassau,2018,297840,intercensal_2010-2020,1.0
36059,Nassau,2019,297341,intercensal_2010-2020,1.0
36059,Nassau,2020,296024,v2024_scaled,0.97535
36059,Nassau,2021,292929,v2024_scaled,0.97535
36059,Nassau,2022,290839,v2024_scaled,0.97535
36059,Nassau,2023,288843,v2024_scaled,0.97535
36059,Nassau,2024,288159,v2024_scaled,0.97535
36061,New York (Manhattan),1980,253244,1980s_pe02_u15interp,1.2486
36061,New York (Manhattan),1981,248068,1980s_pe02_u15interp,1.24213
36061,New York (Manhattan),1982,243865,1980s_pe02_u15interp,1.23565
36061,New York (Manhattan),1983,243936,1980s_pe02_u15interp,1.22918
36061,New York (Manhattan),1984,245093,1980s_pe02_u15interp,1.22271
36061,New York (Manhattan),1985,244002,1980s_pe02_u15interp,1.21623
36061,New York (Manhattan),1986,243095,1980s_pe02_u15interp,1.20976
36061,New York (Manhattan),1987,243929,1980s_pe02_u15interp,1.20328
36061,New York (Manhattan),1988,245287,1980s_pe02_u15interp,1.19681
36061,New York (Manhattan),1989,247883,1980s_pe02_u15interp,1.19034
36061,New York (Manhattan),1990,246827,1990s_cany_interp,0.99214
36061,New York (Manhattan),1991,249013,1990s_cany_interp,0.98273
36061,New York (Manhattan),1992,252332,1990s_cany_interp,0.97332
36061,New York (Manhattan),1993,255419,1990s_cany_interp,0.96391
36061,New York (Manhattan),1994,259271,1990s_cany_interp,0.9545
36061,New York (Manhattan),1995,262447,1990s_cany_interp,0.94509
36061,New York (Manhattan),1996,262731,1990s_cany_interp,0.93568
36061,New York (Manhattan),1997,262313,1990s_cany_interp,0.92628
36061,New York (Manhattan),1998,259498,1990s_cany_interp,0.91687
36061,New York (Manhattan),1999,256807,1990s_cany_interp,0.90746
36061,New York (Manhattan),2000,257730,intercensal_2000-2010_u15interp,1.27708
36061,New York (Manhattan),2001,255762,intercensal_2000-2010_u15interp,1.28078
36061,New York (Manhattan),2002,255352,intercensal_2000-2010_u15interp,1.28449
36061,New York (Manhattan),2003,253198,intercensal_2000-2010_u15interp,1.2882
36061,New York (Manhattan),2004,251298,intercensal_2000-2010_u15interp,1.2919
36061,New York (Manhattan),2005,248038,intercensal_2000-2010_u15interp,1.29561
36061,New York (Manhattan),2006,244895,intercensal_2000-2010_u15interp,1.29932
36061,New York (Manhattan),2007,241165,intercensal_2000-2010_u15interp,1.30302
36061,New York (Manhattan),2008,239015,intercensal_2000-2010_u15interp,1.30673
36061,New York (Manhattan),2009,235311,intercensal_2000-2010_u15interp,1.31044
36061,New York (Manhattan),2010,235052,intercensal_2010-2020,1.0
36061,New York (Manhattan),2011,236986,intercensal_2010-2020,1.0
36061,New York (Manhattan),2012,238639,intercensal_2010-2020,1.0
36061,New York (Manhattan),2013,238871,intercensal_2010-2020,1.0
36061,New York (Manhattan),2014,238653,intercensal_2010-2020,1.0
36061,New York (Manhattan),2015,239386,intercensal_2010-2020,1.0
36061,New York (Manhattan),2016,238073,intercensal_2010-2020,1.0
36061,New York (Manhattan),2017,236169,intercensal_2010-2020,1.0
36061,New York (Manhattan),2018,235585,intercensal_2010-2020,1.0
36061,New York (Manhattan),2019,234176,intercensal_2010-2020,1.0
36061,New York (Manhattan),2020,231490,v2024_scaled,0.95883
36061,New York (Manhattan),2021,217741,v2024_scaled,0.95883
36061,New York (Manhattan),2022,212997,v2024_scaled,0.95883
36061,New York (Manhattan),2023,211234,v2024_scaled,0.95883
36061,New York (Manhattan),2024,211434,v2024_scaled,0.95883
36079,Putnam,1980,24550,1980s_pe02_u15interp,1.25885
36079,Putnam,1981,23970,1980s_pe02_u15interp,1.25274
36079,Putnam,1982,23377,1980s_pe02_u15interp,1.24664
36079,Putnam,1983,23001,1980s_pe02_u15interp,1.24054
36079,Putnam,1984,22568,1980s_pe02_u15interp,1.23444
36079,Putnam,1985,22184,1980s_pe02_u15interp,1.22834
36079,Putnam,1986,21742,1980s_pe02_u15interp,1.22224
36079,Putnam,1987,21655,1980s_pe02_u15interp,1.21614
36079,Putnam,1988,21841,1980s_pe02_u15interp,1.21004
36079,Putnam,1989,21819,1980s_pe02_u15interp,1.20394
36079,Putnam,1990,21633,1990s_cany_interp,0.99375
36079,Putnam,1991,22235,1990s_cany_interp,0.99718
36079,Putnam,1992,22874,1990s_cany_interp,1.00061
36079,Putnam,1993,23373,1990s_cany_interp,1.00404
36079,Putnam,1994,23819,1990s_cany_interp,1.00748
36079,Putnam,1995,24216,1990s_cany_interp,1.01091
36079,Putnam,1996,24439,1990s_cany_interp,1.01434
36079,Putnam,1997,24710,1990s_cany_interp,1.01777
36079,Putnam,1998,24774,1990s_cany_interp,1.0212
36079,Putnam,1999,25000,1990s_cany_interp,1.02463
36079,Putnam,2000,25390,intercensal_2000-2010_u15interp,1.25664
36079,Putnam,2001,25735,intercensal_2000-2010_u15interp,1.26197
36079,Putnam,2002,25881,intercensal_2000-2010_u15interp,1.2673
36079,Putnam,2003,25921,intercensal_2000-2010_u15interp,1.27263
36079,Putnam,2004,25793,intercensal_2000-2010_u15interp,1.27797
36079,Putnam,2005,25522,intercensal_2000-2010_u15interp,1.2833
36079,Putnam,2006,24985,intercensal_2000-2010_u15interp,1.28863
36079,Putnam,2007,24662,intercensal_2000-2010_u15interp,1.29396
36079,Putnam,2008,24309,intercensal_2000-2010_u15interp,1.29929
36079,Putnam,2009,23799,intercensal_2000-2010_u15interp,1.30463
36079,Putnam,2010,23490,intercensal_2010-2020,1.0
36079,Putnam,2011,23046,intercensal_2010-2020,1.0
36079,Putnam,2012,22402,intercensal_2010-2020,1.0
36079,Putnam,2013,21907,intercensal_2010-2020,1.0
36079,Putnam,2014,21343,intercensal_2010-2020,1.0
36079,Putnam,2015,20786,intercensal_2010-2020,1.0
36079,Putnam,2016,20322,intercensal_2010-2020,1.0
36079,Putnam,2017,20059,intercensal_2010-2020,1.0
36079,Putnam,2018,19844,intercensal_2010-2020,1.0
36079,Putnam,2019,19479,intercensal_2010-2020,1.0
36079,Putnam,2020,19371,v2024_scaled,1.0032
36079,Putnam,2021,19190,v2024_scaled,1.0032
36079,Putnam,2022,19136,v2024_scaled,1.0032
36079,Putnam,2023,19000,v2024_scaled,1.0032
36079,Putnam,2024,18900,v2024_scaled,1.0032
36081,Queens,1980,436474,1980s_pe02_u15interp,1.25586
36081,Queens,1981,429212,1980s_pe02_u15interp,1.25029
36081,Queens,1982,424022,1980s_pe02_u15interp,1.24473
36081,Queens,1983,423389,1980s_pe02_u15interp,1.23916
36081,Queens,1984,420736,1980s_pe02_u15interp,1.2336
36081,Queens,1985,417149,1980s_pe02_u15interp,1.22803
36081,Queens,1986,412304,1980s_pe02_u15interp,1.22247
36081,Queens,1987,410500,1980s_pe02_u15interp,1.2169
36081,Queens,1988,410509,1980s_pe02_u15interp,1.21134
36081,Queens,1989,412609,1980s_pe02_u15interp,1.20577
36081,Queens,1990,408627,1990s_cany_interp,0.99373
36081,Queens,1991,420781,1990s_cany_interp,1.00834
36081,Queens,1992,433366,1990s_cany_interp,1.02295
36081,Queens,1993,445535,1990s_cany_interp,1.03756
36081,Queens,1994,457568,1990s_cany_interp,1.05217
36081,Queens,1995,469150,1990s_cany_interp,1.06677
36081,Queens,1996,479327,1990s_cany_interp,1.08138
36081,Queens,1997,488202,1990s_cany_interp,1.09599
36081,Queens,1998,493995,1990s_cany_interp,1.1106
36081,Queens,1999,499164,1990s_cany_interp,1.12521
36081,Queens,2000,506917,intercensal_2000-2010_u15interp,1.28121
36081,Queens,2001,498995,intercensal_2000-2010_u15interp,1.28421
36081,Queens,2002,492815,intercensal_2000-2010_u15interp,1.28722
36081,Queens,2003,484368,intercensal_2000-2010_u15interp,1.29023
36081,Queens,2004,475197,intercensal_2000-2010_u15interp,1.29324
36081,Queens,2005,465052,intercensal_2000-2010_u15interp,1.29625
36081,Queens,2006,456139,intercensal_2000-2010_u15interp,1.29926
36081,Queens,2007,451222,intercensal_2000-2010_u15interp,1.30227
36081,Queens,2008,452949,intercensal_2000-2010_u15interp,1.30528
36081,Queens,2009,458580,intercensal_2000-2010_u15interp,1.30829
36081,Queens,2010,463005,intercensal_2010-2020,1.0
36081,Queens,2011,466930,intercensal_2010-2020,1.0
36081,Queens,2012,469177,intercensal_2010-2020,1.0
36081,Queens,2013,471557,intercensal_2010-2020,1.0
36081,Queens,2014,472664,intercensal_2010-2020,1.0
36081,Queens,2015,474527,intercensal_2010-2020,1.0
36081,Queens,2016,475015,intercensal_2010-2020,1.0
36081,Queens,2017,471914,intercensal_2010-2020,1.0
36081,Queens,2018,466898,intercensal_2010-2020,1.0
36081,Queens,2019,460956,intercensal_2010-2020,1.0
36081,Queens,2020,452907,v2024_scaled,0.93899
36081,Queens,2021,433888,v2024_scaled,0.93899
36081,Queens,2022,418361,v2024_scaled,0.93899
36081,Queens,2023,412477,v2024_scaled,0.93899
36081,Queens,2024,412315,v2024_scaled,0.93899
36085,Richmond (Staten Island),1980,102524,1980s_pe02_u15interp,1.24496
36085,Richmond (Staten Island),1981,100567,1980s_pe02_u15interp,1.24022
36085,Richmond (Staten Island),1982,98940,1980s_pe02_u15interp,1.23547
36085,Richmond (Staten Island),1983,97819,1980s_pe02_u15interp,1.23073
36085,Richmond (Staten Island),1984,96736,1980s_pe02_u15interp,1.22598
36085,Richmond (Staten Island),1985,95725,1980s_pe02_u15interp,1.22124
36085,Richmond (Staten Island),1986,94608,1980s_pe02_u15interp,1.21649
36085,Richmond (Staten Island),1987,94223,1980s_pe02_u15interp,1.21175
36085,Richmond (Staten Island),1988,94320,1980s_pe02_u15interp,1.207
36085,Richmond (Staten Island),1989,94550,1980s_pe02_u15interp,1.20226
36085,Richmond (Staten Island),1990,94062,1990s_cany_interp,0.99488
36085,Richmond (Staten Island),1991,97252,1990s_cany_interp,1.00182
36085,Richmond (Staten Island),1992,100495,1990s_cany_interp,1.00875
36085,Richmond (Staten Island),1993,102913,1990s_cany_interp,1.01569
36085,Richmond (Staten Island),1994,104826,1990s_cany_interp,1.02263
36085,Richmond (Staten Island),1995,106369,1990s_cany_interp,1.02957
36085,Richmond (Staten Island),1996,107584,1990s_cany_interp,1.0365
36085,Richmond (Staten Island),1997,108770,1990s_cany_interp,1.04344
36085,Richmond (Staten Island),1998,109766,1990s_cany_interp,1.05038
36085,Richmond (Staten Island),1999,111338,1990s_cany_interp,1.05731
36085,Richmond (Staten Island),2000,113324,intercensal_2000-2010_u15interp,1.27148
36085,Richmond (Staten Island),2001,113754,intercensal_2000-2010_u15interp,1.27487
36085,Richmond (Staten Island),2002,113560,intercensal_2000-2010_u15interp,1.27826
36085,Richmond (Staten Island),2003,112857,intercensal_2000-2010_u15interp,1.28165
36085,Richmond (Staten Island),2004,111524,intercensal_2000-2010_u15interp,1.28504
36085,Richmond (Staten Island),2005,110120,intercensal_2000-2010_u15interp,1.28843
36085,Richmond (Staten Island),2006,108442,intercensal_2000-2010_u15interp,1.29182
36085,Richmond (Staten Island),2007,108003,intercensal_2000-2010_u15interp,1.29522
36085,Richmond (Staten Island),2008,108144,intercensal_2000-2010_u15interp,1.29861
36085,Richmond (Staten Island),2009,108675,intercensal_2000-2010_u15interp,1.302
36085,Richmond (Staten Island),2010,109188,intercensal_2010-2020,1.0
36085,Richmond (Staten Island),2011,108720,intercensal_2010-2020,1.0
36085,Richmond (Staten Island),2012,107784,intercensal_2010-2020,1.0
36085,Richmond (Staten Island),2013,107302,intercensal_2010-2020,1.0
36085,Richmond (Staten Island),2014,106481,intercensal_2010-2020,1.0
36085,Richmond (Staten Island),2015,106219,intercensal_2010-2020,1.0
36085,Richmond (Staten Island),2016,106647,intercensal_2010-2020,1.0
36085,Richmond (Staten Island),2017,106840,intercensal_2010-2020,1.0
36085,Richmond (Staten Island),2018,106762,intercensal_2010-2020,1.0
36085,Richmond (Staten Island),2019,106561,intercensal_2010-2020,1.0
36085,Richmond (Staten Island),2020,106175,v2024_scaled,0.97376
36085,Richmond (Staten Island),2021,104722,v2024_scaled,0.97376
36085,Richmond (Staten Island),2022,103600,v2024_scaled,0.97376
36085,Richmond (Staten Island),2023,103025,v2024_scaled,0.97376
36085,Richmond (Staten Island),2024,102641,v2024_scaled,0.97376
36087,Rockland,1980,80249,1980s_pe02_u15interp,1.28132
36087,Rockland,1981,77878,1980s_pe02_u15interp,1.27431
36087,Rockland,1982,76290,1980s_pe02_u15interp,1.26731
36087,Rockland,1983,75155,1980s_pe02_u15interp,1.26031
36087,Rockland,1984,73959,1980s_pe02_u15interp,1.2533
36087,Rockland,1985,72814,1980s_pe02_u15interp,1.2463
36087,Rockland,1986,71498,1980s_pe02_u15interp,1.23929
36087,Rockland,1987,70398,1980s_pe02_u15interp,1.23229
36087,Rockland,1988,69833,1980s_pe02_u15interp,1.22528
36087,Rockland,1989,69644,1980s_pe02_u15interp,1.21828
36087,Rockland,1990,68959,1990s_cany_interp,0.9963
36087,Rockland,1991,70782,1990s_cany_interp,1.00468
36087,Rockland,1992,72596,1990s_cany_interp,1.01305
36087,Rockland,1993,74235,1990s_cany_interp,1.02142
36087,Rockland,1994,75851,1990s_cany_interp,1.0298
36087,Rockland,1995,77145,1990s_cany_interp,1.03817
36087,Rockland,1996,77832,1990s_cany_interp,1.04654
36087,Rockland,1997,78256,1990s_cany_interp,1.05492
36087,Rockland,1998,78608,1990s_cany_interp,1.06329
36087,Rockland,1999,79153,1990s_cany_interp,1.07167
36087,Rockland,2000,80261,intercensal_2000-2010_u15interp,1.27039
36087,Rockland,2001,81077,intercensal_2000-2010_u15interp,1.27243
36087,Rockland,2002,81967,intercensal_2000-2010_u15interp,1.27448
36087,Rockland,2003,82615,intercensal_2000-2010_u15interp,1.27653
36087,Rockland,2004,82837,intercensal_2000-2010_u15interp,1.27857
36087,Rockland,2005,82673,intercensal_2000-2010_u15interp,1.28062
36087,Rockland,2006,82993,intercensal_2000-2010_u15interp,1.28266
36087,Rockland,2007,83335,intercensal_2000-2010_u15interp,1.28471
36087,Rockland,2008,84702,intercensal_2000-2010_u15interp,1.28675
36087,Rockland,2009,86213,intercensal_2000-2010_u15interp,1.2888
36087,Rockland,2010,87787,intercensal_2010-2020,1.0
36087,Rockland,2011,88617,intercensal_2010-2020,1.0
36087,Rockland,2012,89111,intercensal_2010-2020,1.0
36087,Rockland,2013,90034,intercensal_2010-2020,1.0
36087,Rockland,2014,90872,intercensal_2010-2020,1.0
36087,Rockland,2015,92014,intercensal_2010-2020,1.0
36087,Rockland,2016,92985,intercensal_2010-2020,1.0
36087,Rockland,2017,94563,intercensal_2010-2020,1.0
36087,Rockland,2018,96154,intercensal_2010-2020,1.0
36087,Rockland,2019,97697,intercensal_2010-2020,1.0
36087,Rockland,2020,98842,v2024_scaled,1.00282
36087,Rockland,2021,100007,v2024_scaled,1.00282
36087,Rockland,2022,101535,v2024_scaled,1.00282
36087,Rockland,2023,103361,v2024_scaled,1.00282
36087,Rockland,2024,105839,v2024_scaled,1.00282
36103,Suffolk,1980,405724,1980s_pe02_u15interp,1.27435
36103,Suffolk,1981,391754,1980s_pe02_u15interp,1.26824
36103,Suffolk,1982,380098,1980s_pe02_u15interp,1.26213
36103,Suffolk,1983,372665,1980s_pe02_u15interp,1.25601
36103,Suffolk,1984,363646,1980s_pe02_u15interp,1.2499
36103,Suffolk,1985,354421,1980s_pe02_u15interp,1.24379
36103,Suffolk,1986,344559,1980s_pe02_u15interp,1.23768
36103,Suffolk,1987,338286,1980s_pe02_u15interp,1.23156
36103,Suffolk,1988,335550,1980s_pe02_u15interp,1.22545
36103,Suffolk,1989,332412,1980s_pe02_u15interp,1.21934
36103,Suffolk,1990,326588,1990s_cany_interp,0.99828
36103,Suffolk,1991,333484,1990s_cany_interp,1.00446
36103,Suffolk,1992,341303,1990s_cany_interp,1.01064
36103,Suffolk,1993,347665,1990s_cany_interp,1.01682
36103,Suffolk,1994,353771,1990s_cany_interp,1.023
36103,Suffolk,1995,358331,1990s_cany_interp,1.02918
36103,Suffolk,1996,361235,1990s_cany_interp,1.03537
36103,Suffolk,1997,363000,1990s_cany_interp,1.04155
36103,Suffolk,1998,363580,1990s_cany_interp,1.04773
36103,Suffolk,1999,365732,1990s_cany_interp,1.05391
36103,Suffolk,2000,369940,intercensal_2000-2010_u15interp,1.25452
36103,Suffolk,2001,374971,intercensal_2000-2010_u15interp,1.25951
36103,Suffolk,2002,378397,intercensal_2000-2010_u15interp,1.26451
36103,Suffolk,2003,379859,intercensal_2000-2010_u15interp,1.26951
36103,Suffolk,2004,378319,intercensal_2000-2010_u15interp,1.27451
36103,Suffolk,2005,373271,intercensal_2000-2010_u15interp,1.27951
36103,Suffolk,2006,367127,intercensal_2000-2010_u15interp,1.28451
36103,Suffolk,2007,361488,intercensal_2000-2010_u15interp,1.2895
36103,Suffolk,2008,359028,intercensal_2000-2010_u15interp,1.2945
36103,Suffolk,2009,358257,intercensal_2000-2010_u15interp,1.2995
36103,Suffolk,2010,356671,intercensal_2010-2020,1.0
36103,Suffolk,2011,352450,intercensal_2010-2020,1.0
36103,Suffolk,2012,346531,intercensal_2010-2020,1.0
36103,Suffolk,2013,340980,intercensal_2010-2020,1.0
36103,Suffolk,2014,335956,intercensal_2010-2020,1.0
36103,Suffolk,2015,331135,intercensal_2010-2020,1.0
36103,Suffolk,2016,325878,intercensal_2010-2020,1.0
36103,Suffolk,2017,321155,intercensal_2010-2020,1.0
36103,Suffolk,2018,317370,intercensal_2010-2020,1.0
36103,Suffolk,2019,313698,intercensal_2010-2020,1.0
36103,Suffolk,2020,310552,v2024_scaled,0.9614
36103,Suffolk,2021,307504,v2024_scaled,0.9614
36103,Suffolk,2022,304771,v2024_scaled,0.9614
36103,Suffolk,2023,302902,v2024_scaled,0.9614
36103,Suffolk,2024,302348,v2024_scaled,0.9614
36119,Westchester,1980,217456,1980s_pe02_u15interp,1.29283
36119,Westchester,1981,211804,1980s_pe02_u15interp,1.28299
36119,Westchester,1982,206897,1980s_pe02_u15interp,1.27314
36119,Westchester,1983,204351,1980s_pe02_u15interp,1.2633
36119,Westchester,1984,202010,1980s_pe02_u15interp,1.25345
36119,Westchester,1985,197949,1980s_pe02_u15interp,1.24361
36119,Westchester,1986,193933,1980s_pe02_u15interp,1.23376
36119,Westchester,1987,192498,1980s_pe02_u15interp,1.22392
36119,Westchester,1988,192239,1980s_pe02_u15interp,1.21407
36119,Westchester,1989,192378,1980s_pe02_u15interp,1.20423
36119,Westchester,1990,190269,1990s_cany_interp,0.99671
36119,Westchester,1991,195852,1990s_cany_interp,1.01014
36119,Westchester,1992,202128,1990s_cany_interp,1.02357
36119,Westchester,1993,207225,1990s_cany_interp,1.037
36119,Westchester,1994,212301,1990s_cany_interp,1.05044
36119,Westchester,1995,216966,1990s_cany_interp,1.06387
36119,Westchester,1996,220387,1990s_cany_interp,1.0773
36119,Westchester,1997,222845,1990s_cany_interp,1.09073
36119,Westchester,1998,224600,1990s_cany_interp,1.10416
36119,Westchester,1999,226744,1990s_cany_interp,1.11759
36119,Westchester,2000,230506,intercensal_2000-2010_u15interp,1.25779
36119,Westchester,2001,232877,intercensal_2000-2010_u15interp,1.26207
36119,Westchester,2002,234642,intercensal_2000-2010_u15interp,1.26636
36119,Westchester,2003,234270,intercensal_2000-2010_u15interp,1.27064
36119,Westchester,2004,233118,intercensal_2000-2010_u15interp,1.27492
36119,Westchester,2005,230567,intercensal_2000-2010_u15interp,1.27921
36119,Westchester,2006,228144,intercensal_2000-2010_u15interp,1.28349
36119,Westchester,2007,226992,intercensal_2000-2010_u15interp,1.28777
36119,Westchester,2008,226372,intercensal_2000-2010_u15interp,1.29205
36119,Westchester,2009,226937,intercensal_2000-2010_u15interp,1.29634
36119,Westchester,2010,228171,intercensal_2010-2020,1.0
36119,Westchester,2011,228104,intercensal_2010-2020,1.0
36119,Westchester,2012,227883,intercensal_2010-2020,1.0
36119,Westchester,2013,227928,intercensal_2010-2020,1.0
36119,Westchester,2014,227180,intercensal_2010-2020,1.0
36119,Westchester,2015,226749,intercensal_2010-2020,1.0
36119,Westchester,2016,226339,intercensal_2010-2020,1.0
36119,Westchester,2017,225381,intercensal_2010-2020,1.0
36119,Westchester,2018,223693,intercensal_2010-2020,1.0
36119,Westchester,2019,222877,intercensal_2010-2020,1.0
36119,Westchester,2020,221098,v2024_scaled,1.00796
36119,Westchester,2021,216650,v2024_scaled,1.00796
36119,Westchester,2022,212450,v2024_scaled,1.00796
36119,Westchester,2023,210636,v2024_scaled,1.00796
36119,Westchester,2024,210401,v2024_scaled,1.00796
