county_fips,county_name,state_fips,year,under18,acs5_window
34017,Hudson,34,2009,124720,2005-2009
34019,Hunterdon,34,2009,31675,2005-2009
34023,Middlesex,34,2009,184165,2005-2009
34025,Monmouth,34,2009,158587,2005-2009
34027,Morris,34,2009,118740,2005-2009
34029,Ocean,34,2009,130570,2005-2009
34031,Passaic,34,2009,124970,2005-2009
34035,Somerset,34,2009,81109,2005-2009
34037,Sussex,34,2009,37740,2005-2009
34039,Union,34,2009,129940,2005-2009
34003,Bergen,34,2009,201049,2005-2009
34013,Essex,34,2009,196458,2005-2009
36005,Bronx,36,2009,392365,2005-2009
36047,Kings (Brooklyn),36,2009,638344,2005-2009
36059,Nassau,36,2009,322090,2005-2009
36061,New York (Manhattan),36,2009,260675,2005-2009
36079,Putnam,36,2009,24502,2005-2009
36081,Queens,36,2009,493313,2005-2009
36085,Richmond (Staten Island),36,2009,114338,2005-2009
36087,Rockland,36,2009,83088,2005-2009
36103,Suffolk,36,2009,376350,2005-2009
36119,Westchester,36,2009,232689,2005-2009
34003,Bergen,34,2010,204860,2006-2010
34013,Essex,34,2010,196859,2006-2010
34017,Hudson,34,2010,130718,2006-2010
34019,Hunterdon,34,2010,31344,2006-2010
34023,Middlesex,34,2010,184918,2006-2010
34025,Monmouth,34,2010,154224,2006-2010
34027,Morris,34,2010,119370,2006-2010
34029,Ocean,34,2010,133149,2006-2010
34031,Passaic,34,2010,124591,2006-2010
34035,Somerset,34,2010,80945,2006-2010
34037,Sussex,34,2010,37456,2006-2010
34039,Union,34,2010,130779,2006-2010
36005,Bronx,36,2010,372502,2006-2010
36047,Kings (Brooklyn),36,2010,596320,2006-2010
36059,Nassau,36,2010,314686,2006-2010
36061,New York (Manhattan),36,2010,241956,2006-2010
36079,Putnam,36,2010,24475,2006-2010
36081,Queens,36,2010,460988,2006-2010
36085,Richmond (Staten Island),36,2010,109718,2006-2010
36087,Rockland,36,2010,85953,2006-2010
36103,Suffolk,36,2010,364079,2006-2010
36119,Westchester,36,2010,229040,2006-2010
34035,Somerset,34,2011,80616,2007-2011
34029,Ocean,34,2011,133864,2007-2011
34023,Middlesex,34,2011,184919,2007-2011
34039,Union,34,2011,130684,2007-2011
34017,Hudson,34,2011,130746,2007-2011
34019,Hunterdon,34,2011,30668,2007-2011
34027,Morris,34,2011,118165,2007-2011
34025,Monmouth,34,2011,151828,2007-2011
34037,Sussex,34,2011,36516,2007-2011
34013,Essex,34,2011,195399,2007-2011
34031,Passaic,34,2011,124244,2007-2011
34003,Bergen,34,2011,203999,2007-2011
36005,Bronx,36,2011,370593,2007-2011
36079,Putnam,36,2011,24000,2007-2011
36047,Kings (Brooklyn),36,2011,595321,2007-2011
36081,Queens,36,2011,460943,2007-2011
36061,New York (Manhattan),36,2011,239406,2007-2011
36087,Rockland,36,2011,86620,2007-2011
36059,Nassau,36,2011,311945,2007-2011
36103,Suffolk,36,2011,359874,2007-2011
36119,Westchester,36,2011,227990,2007-2011
36085,Richmond (Staten Island),36,2011,109060,2007-2011
34035,Somerset,34,2012,80073,2008-2012
34029,Ocean,34,2012,134436,2008-2012
34023,Middlesex,34,2012,184774,2008-2012
34039,Union,34,2012,130733,2008-2012
34017,Hudson,34,2012,131268,2008-2012
34019,Hunterdon,34,2012,29881,2008-2012
34027,Morris,34,2012,116905,2008-2012
34025,Monmouth,34,2012,149321,2008-2012
34037,Sussex,34,2012,35321,2008-2012
34013,Essex,34,2012,194431,2008-2012
34031,Passaic,34,2012,123852,2008-2012
34003,Bergen,34,2012,203207,2008-2012
36005,Bronx,36,2012,369168,2008-2012
36079,Putnam,36,2012,23420,2008-2012
36047,Kings (Brooklyn),36,2012,596667,2008-2012
36119,Westchester,36,2012,227113,2008-2012
36085,Richmond (Staten Island),36,2012,108445,2008-2012
36081,Queens,36,2012,462335,2008-2012
36061,New York (Manhattan),36,2012,238294,2008-2012
36087,Rockland,36,2012,87174,2008-2012
36059,Nassau,36,2012,309309,2008-2012
36103,Suffolk,36,2012,355483,2008-2012
34035,Somerset,34,2013,79638,2009-2013
34029,Ocean,34,2013,135742,2009-2013
34023,Middlesex,34,2013,184910,2009-2013
34039,Union,34,2013,131193,2009-2013
34017,Hudson,34,2013,132206,2009-2013
34019,Hunterdon,34,2013,28893,2009-2013
34027,Morris,34,2013,115768,2009-2013
34025,Monmouth,34,2013,146999,2009-2013
34037,Sussex,34,2013,34263,2009-2013
34013,Essex,34,2013,193620,2009-2013
34031,Passaic,34,2013,124196,2009-2013
34003,Bergen,34,2013,203495,2009-2013
36005,Bronx,36,2013,367306,2009-2013
36079,Putnam,36,2013,22934,2009-2013
36047,Kings (Brooklyn),36,2013,599605,2009-2013
36119,Westchester,36,2013,226286,2009-2013
36085,Richmond (Staten Island),36,2013,107980,2009-2013
36081,Queens,36,2013,465358,2009-2013
36061,New York (Manhattan),36,2013,236724,2009-2013
36087,Rockland,36,2013,87961,2009-2013
36059,Nassau,36,2013,307349,2009-2013
36103,Suffolk,36,2013,350498,2009-2013
34035,Somerset,34,2014,78982,2010-2014
34029,Ocean,34,2014,136473,2010-2014
34023,Middlesex,34,2014,184849,2010-2014
34039,Union,34,2014,131500,2010-2014
34017,Hudson,34,2014,134283,2010-2014
34019,Hunterdon,34,2014,27997,2010-2014
34027,Morris,34,2014,114335,2010-2014
34025,Monmouth,34,2014,144681,2010-2014
34037,Sussex,34,2014,33209,2010-2014
34013,Essex,34,2014,193134,2010-2014
34031,Passaic,34,2014,124175,2010-2014
34003,Bergen,34,2014,203322,2010-2014
36005,Bronx,36,2014,367505,2010-2014
36079,Putnam,36,2014,22423,2010-2014
36047,Kings (Brooklyn),36,2014,604473,2010-2014
36119,Westchester,36,2014,225215,2010-2014
36085,Richmond (Staten Island),36,2014,107162,2010-2014
36103,Suffolk,36,2014,345451,2010-2014
36081,Queens,36,2014,468282,2010-2014
36061,New York (Manhattan),36,2014,237922,2010-2014
36087,Rockland,36,2014,88540,2010-2014
36059,Nassau,36,2014,305266,2010-2014
34025,Monmouth,34,2015,142396,2011-2015
34037,Sussex,34,2015,32229,2011-2015
34013,Essex,34,2015,192129,2011-2015
34031,Passaic,34,2015,124208,2011-2015
34003,Bergen,34,2015,202687,2011-2015
34035,Somerset,34,2015,78098,2011-2015
34029,Ocean,34,2015,137090,2011-2015
34023,Middlesex,34,2015,184867,2011-2015
34039,Union,34,2015,131582,2011-2015
34017,Hudson,34,2015,135337,2011-2015
34019,Hunterdon,34,2015,27232,2011-2015
34027,Morris,34,2015,112811,2011-2015
36081,Queens,36,2015,471373,2011-2015
36061,New York (Manhattan),36,2015,238627,2011-2015
36087,Rockland,36,2015,88939,2011-2015
36059,Nassau,36,2015,302598,2011-2015
36103,Suffolk,36,2015,340236,2011-2015
36005,Bronx,36,2015,367625,2011-2015
36079,Putnam,36,2015,21875,2011-2015
36047,Kings (Brooklyn),36,2015,607648,2011-2015
36119,Westchester,36,2015,224115,2011-2015
36085,Richmond (Staten Island),36,2015,106363,2011-2015
34025,Monmouth,34,2016,139855,2012-2016
34037,Sussex,34,2016,31078,2012-2016
34013,Essex,34,2016,190943,2012-2016
34031,Passaic,34,2016,123409,2012-2016
34003,Bergen,34,2016,202493,2012-2016
34035,Somerset,34,2016,77091,2012-2016
34029,Ocean,34,2016,137926,2012-2016
34023,Middlesex,34,2016,184071,2012-2016
34039,Union,34,2016,131182,2012-2016
34017,Hudson,34,2016,137647,2012-2016
34019,Hunterdon,34,2016,26439,2012-2016
34027,Morris,34,2016,111109,2012-2016
36081,Queens,36,2016,472878,2012-2016
36061,New York (Manhattan),36,2016,239355,2012-2016
36087,Rockland,36,2016,89382,2012-2016
36059,Nassau,36,2016,300415,2012-2016
36103,Suffolk,36,2016,334451,2012-2016
36005,Bronx,36,2016,367431,2012-2016
36079,Putnam,36,2016,21307,2012-2016
36047,Kings (Brooklyn),36,2016,608369,2012-2016
36119,Westchester,36,2016,222372,2012-2016
36085,Richmond (Staten Island),36,2016,105828,2012-2016
34025,Monmouth,34,2017,137851,2013-2017
34037,Sussex,34,2017,30194,2013-2017
34035,Somerset,34,2017,76144,2013-2017
34013,Essex,34,2017,191160,2013-2017
34029,Ocean,34,2017,139158,2013-2017
34023,Middlesex,34,2017,183576,2013-2017
34031,Passaic,34,2017,123172,2013-2017
34003,Bergen,34,2017,202016,2013-2017
34039,Union,34,2017,131444,2013-2017
34017,Hudson,34,2017,138879,2013-2017
34019,Hunterdon,34,2017,25864,2013-2017
34027,Morris,34,2017,109554,2013-2017
36005,Bronx,36,2017,367161,2013-2017
36079,Putnam,36,2017,20755,2013-2017
36081,Queens,36,2017,473695,2013-2017
36047,Kings (Brooklyn),36,2017,608815,2013-2017
36061,New York (Manhattan),36,2017,239651,2013-2017
36087,Rockland,36,2017,89998,2013-2017
36119,Westchester,36,2017,220874,2013-2017
36059,Nassau,36,2017,298504,2013-2017
36085,Richmond (Staten Island),36,2017,105322,2013-2017
36103,Suffolk,36,2017,329414,2013-2017
34035,Somerset,34,2018,74584,2014-2018
34029,Ocean,34,2018,140531,2014-2018
34023,Middlesex,34,2018,181137,2014-2018
34039,Union,34,2018,130363,2014-2018
34017,Hudson,34,2018,137658,2014-2018
34019,Hunterdon,34,2018,25239,2014-2018
34027,Morris,34,2018,107219,2014-2018
34025,Monmouth,34,2018,135336,2014-2018
34037,Sussex,34,2018,29238,2014-2018
34013,Essex,34,2018,188971,2014-2018
34031,Passaic,34,2018,121021,2014-2018
34003,Bergen,34,2018,199408,2014-2018
36081,Queens,36,2018,465458,2014-2018
36061,New York (Manhattan),36,2018,235771,2014-2018
36087,Rockland,36,2018,90065,2014-2018
36059,Nassau,36,2018,295105,2014-2018
36103,Suffolk,36,2018,322908,2014-2018
36005,Bronx,36,2018,361080,2014-2018
36079,Putnam,36,2018,20311,2014-2018
36047,Kings (Brooklyn),36,2018,599759,2014-2018
36119,Westchester,36,2018,217100,2014-2018
36085,Richmond (Staten Island),36,2018,104503,2014-2018
34025,Monmouth,34,2019,133141,2015-2019
34037,Sussex,34,2019,28438,2015-2019
34013,Essex,34,2019,189366,2015-2019
34031,Passaic,34,2019,120481,2015-2019
34003,Bergen,34,2019,198254,2015-2019
34035,Somerset,34,2019,73290,2015-2019
34029,Ocean,34,2019,142499,2015-2019
34023,Middlesex,34,2019,180478,2015-2019
34039,Union,34,2019,130333,2015-2019
34017,Hudson,34,2019,137582,2015-2019
34019,Hunterdon,34,2019,24805,2015-2019
34027,Morris,34,2019,105545,2015-2019
36081,Queens,36,2019,462323,2015-2019
36061,New York (Manhattan),36,2019,234936,2015-2019
36087,Rockland,36,2019,90892,2015-2019
36059,Nassau,36,2019,293742,2015-2019
36103,Suffolk,36,2019,318213,2015-2019
36005,Bronx,36,2019,358404,2015-2019
36079,Putnam,36,2019,19868,2015-2019
36047,Kings (Brooklyn),36,2019,594646,2015-2019
36119,Westchester,36,2019,215101,2015-2019
36085,Richmond (Staten Island),36,2019,104238,2015-2019
34003,Bergen,34,2020,197484,2016-2020
34027,Morris,34,2020,104116,2016-2020
34039,Union,34,2020,130376,2016-2020
34013,Essex,34,2020,190028,2016-2020
34017,Hudson,34,2020,137365,2016-2020
34019,Hunterdon,34,2020,24155,2016-2020
34023,Middlesex,34,2020,179636,2016-2020
34025,Monmouth,34,2020,131589,2016-2020
34029,Ocean,34,2020,144960,2016-2020
34031,Passaic,34,2020,119891,2016-2020
34035,Somerset,34,2020,72347,2016-2020
34037,Sussex,34,2020,27830,2016-2020
36061,New York (Manhattan),36,2020,233239,2016-2020
36079,Putnam,36,2020,19591,2016-2020
36085,Richmond (Staten Island),36,2020,103981,2016-2020
36005,Bronx,36,2020,354681,2016-2020
36047,Kings (Brooklyn),36,2020,588281,2016-2020
36059,Nassau,36,2020,292536,2016-2020
36081,Queens,36,2020,457287,2016-2020
36087,Rockland,36,2020,91903,2016-2020
36103,Suffolk,36,2020,313746,2016-2020
36119,Westchester,36,2020,212908,2016-2020
34003,Bergen,34,2021,203142,2017-2021
34013,Essex,34,2021,204042,2017-2021
34017,Hudson,34,2021,146380,2017-2021
34019,Hunterdon,34,2021,24838,2017-2021
34023,Middlesex,34,2021,187867,2017-2021
34025,Monmouth,34,2021,136236,2017-2021
34027,Morris,34,2021,107351,2017-2021
34029,Ocean,34,2021,154487,2017-2021
34031,Passaic,34,2021,124914,2017-2021
34035,Somerset,34,2021,75143,2017-2021
34037,Sussex,34,2021,28495,2017-2021
34039,Union,34,2021,135155,2017-2021
36005,Bronx,36,2021,365944,2017-2021
36047,Kings (Brooklyn),36,2021,622098,2017-2021
36059,Nassau,36,2021,302095,2017-2021
36061,New York (Manhattan),36,2021,241898,2017-2021
36079,Putnam,36,2021,19397,2017-2021
36081,Queens,36,2021,484107,2017-2021
36085,Richmond (Staten Island),36,2021,108334,2017-2021
36087,Rockland,36,2021,96911,2017-2021
36103,Suffolk,36,2021,322241,2017-2021
36119,Westchester,36,2021,219626,2017-2021
34003,Bergen,34,2022,199993,2018-2022
34013,Essex,34,2022,201363,2018-2022
34017,Hudson,34,2022,143595,2018-2022
34019,Hunterdon,34,2022,24549,2018-2022
34023,Middlesex,34,2022,185693,2018-2022
34025,Monmouth,34,2022,133992,2018-2022
34027,Morris,34,2022,105429,2018-2022
34029,Ocean,34,2022,156270,2018-2022
34031,Passaic,34,2022,123033,2018-2022
34035,Somerset,34,2022,73674,2018-2022
34037,Sussex,34,2022,28106,2018-2022
34039,Union,34,2022,133658,2018-2022
36005,Bronx,36,2022,355908,2018-2022
36047,Kings (Brooklyn),36,2022,604364,2018-2022
36059,Nassau,36,2022,297719,2018-2022
36061,New York (Manhattan),36,2022,235675,2018-2022
36079,Putnam,36,2022,19058,2018-2022
36081,Queens,36,2022,469866,2018-2022
36085,Richmond (Staten Island),36,2022,106747,2018-2022
36087,Rockland,36,2022,97168,2018-2022
36103,Suffolk,36,2022,316671,2018-2022
36119,Westchester,36,2022,214632,2018-2022
34003,Bergen,34,2023,200829,2019-2023
34013,Essex,34,2023,202319,2019-2023
34017,Hudson,34,2023,142298,2019-2023
34019,Hunterdon,34,2023,24848,2019-2023
34023,Middlesex,34,2023,186485,2019-2023
34025,Monmouth,34,2023,135467,2019-2023
34027,Morris,34,2023,106161,2019-2023
34029,Ocean,34,2023,160999,2019-2023
34031,Passaic,34,2023,122854,2019-2023
34035,Somerset,34,2023,74097,2019-2023
34037,Sussex,34,2023,28394,2019-2023
34039,Union,34,2023,134776,2019-2023
36005,Bronx,36,2023,347363,2019-2023
36047,Kings (Brooklyn),36,2023,595037,2019-2023
36059,Nassau,36,2023,300139,2019-2023
36061,New York (Manhattan),36,2023,229519,2019-2023
36079,Putnam,36,2023,19180,2019-2023
36081,Queens,36,2023,460935,2019-2023
36085,Richmond (Staten Island),36,2023,107343,2019-2023
36087,Rockland,36,2023,99733,2019-2023
36103,Suffolk,36,2023,319324,2019-2023
36119,Westchester,36,2023,214739,2019-2023
