fips_5,age_0_4,age_5_17,pop_under18
01001,3551,10832,14383
01003,11249,31409,42658
01005,1660,4262,5922
01007,1286,3693,4979
01009,3640,10421,14061
01011,741,1637,2378
01013,1363,3629,4992
01015,7094,19660,26754
01017,1948,5547,7495
01019,1346,4169,5515
01021,2959,7888,10847
01023,681,2305,2986
01025,1419,4736,6155
01027,782,2287,3069
01029,915,2574,3489
01031,3387,8869,12256
01033,3099,8884,11983
01035,755,2185,2940
01037,544,1716,2260
01039,2231,6313,8544
01041,848,2418,3266
01043,4939,13505,18444
01045,3535,8734,12269
01047,3089,8170,11259
01049,4947,13303,18250
01051,4759,13841,18600
01053,2356,6266,8622
01055,6139,17631,23770
01057,976,2751,3727
01059,2223,5607,7830
01061,1570,4373,5943
01063,535,1574,2109
01065,925,2765,3690
01067,974,2935,3909
01069,6645,18254,24899
01071,2949,8870,11819
01073,43935,109780,153715
01075,780,2378,3158
01077,5156,14594,19750
01079,1998,5717,7715
01081,8742,23268,32010
01083,5408,14774,20182
01085,723,1930,2653
01087,1096,3066,4162
01089,20925,58402,79327
01091,1239,3717,4956
01093,1661,4928,6589
01095,6423,16986,23409
01097,27956,74174,102130
01099,1339,4300,5639
01101,15659,39559,55218
01103,7587,20995,28582
01105,663,1838,2501
01107,1144,3285,4429
01109,1890,4733,6623
01111,1279,4059,5338
01113,4182,9606,13788
01115,5520,14321,19841
01117,12932,37015,49947
01119,712,2155,2867
01121,4717,14006,18723
01123,2452,6689,9141
01125,11818,30088,41906
01127,3878,11066,14944
01129,972,3288,4260
01131,658,2345,3003
01133,1326,3923,5249
02013,110,270,380
02016,212,552,764
02020,22395,53382,75777
02050,1898,4404,6302
02060,53,184,237
02068,107,301,408
02070,486,1126,1612
02090,8160,17027,25187
02100,124,397,521
02105,122,287,409
02110,2035,5433,7468
02122,3583,9596,13179
02130,896,2301,3197
02150,1152,2746,3898
02158,984,2165,3149
02164,146,323,469
02170,6904,19236,26140
02180,1090,2282,3372
02185,763,1560,2323
02188,935,1776,2711
02195,210,543,753
02198,463,1138,1601
02220,639,1426,2065
02230,52,85,137
02240,543,1347,1890
02261,671,1728,2399
02275,124,391,515
02282,40,111,151
02290,464,1102,1566
04001,5787,16362,22149
04003,8651,21594,30245
04005,8856,22289,31145
04007,3145,8147,11292
04009,3029,7343,10372
04011,657,1852,2509
04012,1002,2650,3652
04013,276662,726695,1003357
04015,10710,29987,40697
04017,8598,22757,31355
04019,61902,161393,223295
04021,27878,69304,97182
04023,3653,10646,14299
04025,9864,29418,39282
04027,15228,39893,55121
05001,1183,3224,4407
05003,1403,3842,5245
05005,1910,5558,7468
05007,17942,45457,63399
05009,2186,6311,8497
05011,774,1880,2654
05013,252,744,996
05015,1578,4555,6133
05017,834,1873,2707
05019,1240,3211,4451
05021,888,2644,3532
05023,1370,3834,5204
05025,547,1580,2127
05027,1474,4026,5500
05029,1350,3646,4996
05031,7071,17401,24472
05033,4011,12044,16055
05035,3944,10368,14312
05037,1129,3259,4388
05039,491,1397,1888
05041,917,2362,3279
05043,1156,3119,4275
05045,8045,20205,28250
05047,1130,3184,4314
05049,641,1892,2533
05051,5479,14713,20192
05053,1079,3247,4326
05055,2861,7904,10765
05057,1726,4150,5876
05059,1976,5595,7571
05061,1027,2609,3636
05063,2440,6413,8853
05065,620,1925,2545
05067,975,2730,3705
05069,4778,13083,17861
05071,1778,4587,6365
05073,415,1252,1667
05075,967,2933,3900
05077,567,1509,2076
05079,678,1972,2650
05081,756,2294,3050
05083,1323,4028,5351
05085,4828,14133,18961
05087,927,2822,3749
05089,765,2177,2942
05091,3130,7474,10604
05093,3412,9352,12764
05095,497,1285,1782
05097,479,1425,1904
05099,615,1506,2121
05101,413,1291,1704
05103,1706,4281,5987
05105,616,1732,2348
05107,1629,4261,5890
05109,696,2053,2749
05111,1575,4319,5894
05113,1200,3607,4807
05115,4103,10240,14343
05117,448,1364,1812
05119,26970,65623,92593
05121,1107,3048,4155
05123,1847,4717,6564
05125,7004,19551,26555
05127,732,2126,2858
05129,393,1232,1625
05131,8962,23012,31974
05133,1513,3566,5079
05135,918,2784,3702
05137,641,1976,2617
05139,2734,7132,9866
05141,870,2623,3493
05143,15580,37233,52813
05145,5090,13534,18624
05147,424,1179,1603
05149,1542,4138,5680
06001,97776,242809,340585
06003,49,159,208
06005,1376,4695,6071
06007,12284,33519,45803
06009,1897,6656,8553
06011,1765,4525,6290
06013,66368,193772,260140
06015,1696,4370,6066
06017,8916,31107,40023
06019,79738,197624,277362
06021,2165,5628,7793
06023,7640,19085,26725
06025,14029,36897,50926
06027,1042,2813,3855
06029,72981,180789,253770
06031,12709,29472,42181
06033,3604,9657,13261
06035,1546,4407,5953
06037,646167,1722207,2368374
06039,11943,30892,42835
06041,13663,39077,52740
06043,777,2412,3189
06045,5279,14051,19330
06047,21939,58370,80309
06049,492,1534,2026
06051,847,2132,2979
06053,33416,78698,112114
06055,8048,23349,31397
06057,4294,14276,18570
06059,191868,540872,732740
06061,20855,64925,85780
06063,918,2611,3529
06065,161637,457171,618808
06067,100551,260789,361340
06069,4050,11863,15913
06071,158429,431860,590289
06073,207507,518834,726341
06075,36582,72874,109456
06077,53816,146418,200234
06079,13452,37239,50691
06081,46321,114502,160823
06083,27832,69882,97714
06085,124124,308679,432803
06087,15258,39934,55192
06089,10296,28958,39254
06091,127,389,516
06093,2385,6742,9127
06095,26603,73325,99928
06097,27847,77554,105401
06099,39617,106333,145950
06101,6920,18666,25586
06103,4207,11517,15724
06105,598,1859,2457
06107,41130,103069,144199
06109,2279,7103,9382
06111,55090,154718,209808
06113,12361,32989,45350
06115,6127,14721,20848
08001,37749,90746,128495
08003,1262,2602,3864
08005,40562,107827,148389
08007,614,1746,2360
08009,224,597,821
08011,253,770,1023
08013,16240,46785,63025
08014,3803,10804,14607
08015,746,2165,2911
08017,125,329,454
08019,405,1095,1500
08021,606,1730,2336
08023,158,599,757
08025,203,572,775
08027,124,556,680
08029,1633,4964,6597
08031,44627,87532,132159
08033,117,330,447
08035,20981,66765,87746
08037,3618,8861,12479
08039,1062,4642,5704
08041,45882,119286,165168
08043,2024,6087,8111
08045,4410,10594,15004
08047,256,691,947
08049,738,2136,2874
08051,759,2030,2789
08053,47,109,156
08055,264,810,1074
08057,53,194,247
08059,30005,88319,118324
08061,88,236,324
08063,560,1319,1879
08065,560,1260,1820
08067,2956,7593,10549
08069,17378,47102,64480
08071,779,2250,3029
08073,309,764,1073
08075,1135,3281,4416
08077,9847,24420,34267
08079,22,73,95
08081,996,2590,3586
08083,1622,4258,5880
08085,2556,7350,9906
08087,2257,5687,7944
08089,1207,3423,4630
08091,162,636,798
08093,701,2205,2906
08095,259,817,1076
08097,742,2245,2987
08099,910,2470,3380
08101,10359,28267,38626
08103,520,1180,1700
08105,782,2183,2965
08107,1244,3491,4735
08109,416,976,1392
08111,34,84,118
08113,452,1005,1457
08115,122,336,458
08117,1507,3252,4759
08119,1045,3662,4707
08121,263,799,1062
08123,19852,51169,71021
08125,794,1916,2710
09001,56104,170156,226260
09003,50003,151026,201029
09005,8701,30934,39635
09007,7968,26436,34404
09009,47503,141502,189005
09011,14430,43764,58194
09013,6720,23620,30340
09015,6323,19411,25734
10001,11074,29389,40463
10003,33229,90531,123760
10005,11552,29021,40573
11001,36204,67691,103895
12001,13496,31173,44669
12003,1867,5125,6992
12005,10454,26275,36729
12007,1652,3910,5562
12009,26167,79277,105444
12011,105082,290028,395110
12013,858,2277,3135
12015,5392,16924,22316
12017,5397,16265,21662
12019,11467,37833,49300
12021,16804,45813,62617
12023,4089,10801,14890
12027,2177,5458,7635
12029,878,2278,3156
12031,59895,143104,202999
12033,18670,45214,63884
12035,4626,14321,18947
12037,554,1370,1924
12039,3118,7728,10846
12041,917,2697,3614
12043,652,1718,2370
12045,660,1849,2509
12047,789,2048,2837
12049,2149,5430,7579
12051,3072,7659,10731
12053,8229,25644,33873
12055,4907,12888,17795
12057,81556,214461,296017
12059,1131,3094,4225
12061,6413,19311,25724
12063,2490,7087,9577
12065,764,1936,2700
12067,460,1327,1787
12069,16035,45780,61815
12071,32475,89246,121721
12073,15133,38726,53859
12075,2184,6092,8276
12077,422,1306,1728
12079,1136,2872,4008
12081,17939,48469,66408
12083,16801,46532,63333
12085,6167,19580,25747
12086,152125,395725,547850
12087,3317,7961,11278
12089,3970,11918,15888
12091,12081,28725,40806
12093,2571,6830,9401
12095,74489,198182,272671
12097,18402,53708,72110
12099,70611,198676,269287
12101,25050,72513,97563
12103,42238,118667,160905
12105,37941,103188,141129
12107,4562,11838,16400
12109,10061,34498,44559
12111,15981,45452,61433
12113,9165,27138,36303
12115,14634,44672,59306
12117,23005,72706,95711
12119,2259,6245,8504
12121,2614,6905,9519
12123,1297,3118,4415
12125,790,2177,2967
12127,23938,67892,91830
12129,1719,5088,6807
12131,3197,8066,11263
12133,1319,3867,5186
13001,1266,3387,4653
13003,714,1726,2440
13005,796,2071,2867
13007,192,569,761
13009,2625,6493,9118
13011,1062,3450,4512
13013,5558,13996,19554
13015,6823,19500,26323
13017,1384,3221,4605
13019,1257,3607,4864
13021,11462,28467,39929
13023,748,2168,2916
13025,1216,3592,4808
13027,1033,2633,3666
13029,2259,6870,9129
13031,4153,10291,14444
13033,1702,4756,6458
13035,1400,3818,5218
13037,350,943,1293
13039,3897,9369,13266
13043,810,2083,2893
13045,7642,20201,27843
13047,3975,11938,15913
13049,721,1873,2594
13051,18810,41996,60806
13053,1082,1835,2917
13055,1541,4223,5764
13057,15145,44039,59184
13059,7001,13583,20584
13061,192,487,679
13063,21674,53384,75058
13065,500,1271,1771
13067,47795,128364,176159
13069,3004,7844,10848
13071,3823,8884,12707
13073,8571,26111,34682
13075,1231,3340,4571
13077,8987,25800,34787
13079,727,2122,2849
13081,1673,4340,6013
13083,847,2637,3484
13085,1201,3767,4968
13087,1857,5139,6996
13089,51345,114627,165972
13091,1325,3477,4802
13093,789,2244,3033
13095,7235,17087,24322
13097,9445,27577,37022
13099,726,2043,2769
13101,358,804,1162
13103,3520,11178,14698
13105,1285,3230,4515
13107,1636,4069,5705
13109,815,1977,2792
13111,1094,3308,4402
13113,4708,22571,27279
13115,6389,16671,23060
13117,13109,41623,54732
13119,1310,3596,4906
13121,63775,160305,224080
13123,1642,4542,6184
13125,181,617,798
13127,5302,13790,19092
13129,3968,10759,14727
13131,1829,4607,6436
13133,869,2372,3241
13135,61740,174827,236567
13137,2763,7465,10228
13139,13857,36535,50392
13141,422,1217,1639
13143,1813,5295,7108
13145,1690,5758,7448
13147,1519,4130,5649
13149,733,2214,2947
13151,13287,45694,58981
13153,10403,27670,38073
13155,617,1651,2268
13157,4258,11666,15924
13159,910,2535,3445
13161,1153,3036,4189
13163,1124,3033,4157
13165,598,1572,2170
13167,510,1546,2056
13169,1743,5592,7335
13171,1038,2789,3827
13173,898,1854,2752
13175,3290,8875,12165
13177,1844,5958,7802
13179,6815,12668,19483
13181,383,1163,1546
13183,1302,3228,4530
13185,8421,18803,27224
13187,1652,4461,6113
13189,1536,4054,5590
13191,751,2123,2874
13193,827,2274,3101
13195,1667,5049,6716
13197,562,1489,2051
13199,1321,3666,4987
13201,427,1001,1428
13205,1632,4102,5734
13207,1438,4426,5864
13209,551,1482,2033
13211,1033,3322,4355
13213,2667,7722,10389
13215,14609,34496,49105
13217,7244,21159,28403
13219,1912,7275,9187
13221,833,2591,3424
13223,10677,31770,42447
13225,1716,4501,6217
13227,1659,4784,6443
13229,1283,3585,4868
13231,960,3728,4688
13233,3153,7781,10934
13235,650,1811,2461
13237,1313,3306,4619
13239,113,362,475
13241,751,2534,3285
13243,502,1172,1674
13245,14692,34076,48768
13247,5618,16845,22463
13249,299,1141,1440
13251,980,2540,3520
13253,515,1507,2022
13255,4571,11420,15991
13257,1550,4194,5744
13259,282,613,895
13261,2263,5802,8065
13263,350,982,1332
13265,96,223,319
13267,1545,3864,5409
13269,483,1532,2015
13271,841,2297,3138
13273,665,1629,2294
13275,3003,8037,11040
13277,2807,7441,10248
13279,2165,5368,7533
13281,377,1229,1606
13283,458,1217,1675
13285,4756,12945,17701
13287,565,1583,2148
13289,501,1288,1789
13291,878,2849,3727
13293,1660,4597,6257
13295,4062,11889,15951
13297,5674,16820,22494
13299,2503,5974,8477
13301,364,930,1294
13303,1340,3509,4849
13305,2212,5335,7547
13307,123,556,679
13309,388,994,1382
13311,1502,4612,6114
13313,7924,20963,28887
13315,481,1313,1794
13317,602,1635,2237
13319,636,1632,2268
13321,1342,3689,5031
15001,11995,30125,42120
15003,63589,149019,212608
15005,0,0,0
15007,4383,10920,15303
15009,10119,25743,35862
16001,27765,76810,104575
16003,183,563,746
16005,6764,16169,22933
16007,407,1238,1645
16009,566,1571,2137
16011,4271,10729,15000
16013,1293,3762,5055
16015,272,1167,1439
16017,2066,6587,8653
16019,10016,23195,33211
16021,619,2044,2663
16023,184,593,777
16025,67,194,261
16027,16713,42662,59375
16029,541,1428,1969
16031,2078,5486,7564
16033,72,219,291
16035,336,1135,1471
16037,218,605,823
16039,2314,4923,7237
16041,1174,3318,4492
16043,1067,2941,4008
16045,1007,3004,4011
16047,1211,3282,4493
16049,890,2514,3404
16051,2670,6558,9228
16053,2149,4860,7009
16055,9072,25351,34423
16057,2198,4931,7129
16059,407,1162,1569
16061,218,611,829
16063,446,1201,1647
16065,3653,6254,9907
16067,1686,4157,5843
16069,2242,6304,8546
16071,313,913,1226
16073,818,2405,3223
16075,1731,4586,6317
16077,732,1659,2391
16079,621,2009,2630
16081,947,2004,2951
16083,6407,14995,21402
16085,477,1347,1824
16087,552,1926,2478
17001,4218,11129,15347
17003,540,1275,1815
17005,939,2667,3606
17007,3448,11777,15225
17009,270,770,1040
17011,1871,6013,7884
17013,275,801,1076
17015,751,2342,3093
17017,917,2474,3391
17019,11513,27742,39255
17021,2030,5603,7633
17023,937,2760,3697
17025,816,2284,3100
17027,2177,6342,8519
17029,2735,7051,9786
17031,344498,876650,1221148
17033,1064,2972,4036
17035,704,1900,2604
17037,6429,16832,23261
17039,940,2779,3719
17041,1385,3696,5081
17043,56298,169205,225503
17045,996,3029,4025
17047,368,1136,1504
17049,2239,6096,8335
17051,1273,3652,4925
17053,781,2444,3225
17055,2365,6721,9086
17057,1931,5702,7633
17059,308,830,1138
17061,799,2337,3136
17063,3511,9920,13431
17065,501,1405,1906
17067,1069,3047,4116
17069,235,642,877
17071,338,1104,1442
17073,2913,8939,11852
17075,1573,5277,6850
17077,3107,7582,10689
17079,589,1643,2232
17081,2388,6106,8494
17083,1197,3922,5119
17085,1139,3503,4642
17087,585,1799,2384
17089,38459,109313,147772
17091,7364,20950,28314
17093,9718,26464,36182
17095,2673,8049,10722
17097,45438,142983,188421
17099,6493,19369,25862
17101,876,2348,3224
17103,1900,5502,7402
17105,2213,6416,8629
17107,1553,4397,5950
17109,1494,3776,5270
17111,18767,63203,81970
17113,10697,27759,38456
17115,6931,18215,25146
17117,2737,7986,10723
17119,16263,44193,60456
17121,2517,6526,9043
17123,672,2019,2691
17125,730,2435,3165
17127,922,2555,3477
17129,709,2225,2934
17131,900,2749,3649
17133,1849,6154,8003
17135,1640,4599,6239
17137,1915,5507,7422
17139,972,2758,3730
17141,3032,9816,12848
17143,12741,32093,44834
17145,1123,3422,4545
17147,897,3012,3909
17149,981,2715,3696
17151,160,610,770
17153,332,1027,1359
17155,295,949,1244
17157,1711,4854,6565
17159,974,2634,3608
17161,9424,23709,33133
17163,18112,49360,67472
17165,1467,4145,5612
17167,12450,34317,46767
17169,397,1151,1548
17171,283,913,1196
17173,1237,3693,4930
17175,315,1009,1324
17177,2777,7793,10570
17179,8558,23157,31715
17181,987,2759,3746
17183,5501,14390,19891
17185,695,1899,2594
17187,1059,2871,3930
17189,762,2362,3124
17191,1027,2743,3770
17193,925,2172,3097
17195,3491,10062,13553
17197,46455,146228,192683
17199,4026,10650,14676
17201,19268,52895,72163
17203,2476,7352,9828
18001,3197,7478,10675
18003,26499,69534,96033
18005,5174,14131,19305
18007,582,1663,2245
18009,773,2101,2874
18011,3953,12059,16012
18013,674,2368,3042
18015,1161,3662,4823
18017,2551,7264,9815
18019,7313,19001,26314
18021,1602,4761,6363
18023,2412,6317,8729
18025,589,1844,2433
18027,2658,6601,9259
18029,2914,9327,12241
18031,1642,4841,6483
18033,2801,8281,11082
18035,6323,16892,23215
18037,2723,7892,10615
18039,15726,40370,56096
18041,1415,4251,5666
18043,4509,13274,17783
18045,1004,3072,4076
18047,1372,4521,5893
18049,1339,3733,5072
18051,2149,5870,8019
18053,3945,10928,14873
18055,1921,5824,7745
18057,21463,62844,84307
18059,4205,13846,18051
18061,2262,6832,9094
18063,9931,30134,40065
18065,2558,8285,10843
18067,5105,14165,19270
18069,2207,6459,8666
18071,2841,7665,10506
18073,2076,6343,8419
18075,1505,4190,5695
18077,1798,5301,7099
18079,1790,5450,7240
18081,9572,27393,36965
18083,2277,5896,8173
18085,5174,14318,19492
18087,3707,9189,12896
18089,32566,92695,125261
18091,6622,18313,24935
18093,2650,8042,10692
18095,7960,21747,29707
18097,69060,158919,227979
18099,3106,9270,12376
18101,615,1816,2431
18103,2012,6196,8208
18105,6492,16295,22787
18107,2459,6621,9080
18109,4266,12856,17122
18111,759,2405,3164
18113,3295,9252,12547
18115,271,999,1270
18117,1166,3710,4876
18119,1152,3760,4912
18121,996,2630,3626
18123,1106,3009,4115
18125,732,2050,2782
18127,9504,29894,39398
18129,1442,4526,5968
18131,763,2393,3156
18133,1903,5873,7776
18135,1541,4773,6314
18137,1870,5556,7426
18139,967,3217,4184
18141,17603,47481,65084
18143,1459,4180,5639
18145,2721,7942,10663
18147,1226,3776,5002
18149,1412,4115,5527
18151,1814,5759,7573
18153,1125,3315,4440
18155,767,1910,2677
18157,11042,25194,36236
18159,774,2795,3569
18161,393,1435,1828
18163,11614,28262,39876
18165,859,2837,3696
18167,6354,16645,22999
18169,1835,5458,7293
18171,489,1442,1931
18173,3779,11591,15370
18175,1630,5339,6969
18177,4249,11325,15574
18179,1809,5011,6820
18181,1473,4407,5880
18183,2054,6075,8129
19001,376,1283,1659
19003,217,608,825
19005,919,2288,3207
19007,797,2049,2846
19009,317,967,1284
19011,1584,4936,6520
19013,8371,19985,28356
19015,1536,4679,6215
19017,1342,4048,5390
19019,1501,4061,5562
19021,1469,3599,5068
19023,970,2592,3562
19025,529,1511,2040
19027,1436,3687,5123
19029,877,2232,3109
19031,1080,3342,4422
19033,2522,6894,9416
19035,652,1858,2510
19037,796,2208,3004
19039,658,1683,2341
19041,1031,2761,3792
19043,1039,3066,4105
19045,3044,8416,11460
19047,1292,3304,4596
19049,5949,14227,20176
19051,721,1835,2556
19053,495,1344,1839
19055,1076,3309,4385
19057,2559,6710,9269
19059,830,2429,3259
19061,6038,16250,22288
19063,578,1652,2230
19065,1260,3380,4640
19067,1001,2798,3799
19069,659,1857,2516
19071,443,1208,1651
19073,541,1604,2145
19075,820,2149,2969
19077,585,1953,2538
19079,900,2756,3656
19081,635,1998,2633
19083,991,2926,3917
19085,896,2572,3468
19087,1166,3461,4627
19089,682,1730,2412
19091,600,1652,2252
19093,495,1215,1710
19095,977,2924,3901
19097,1095,3421,4516
19099,2022,6150,8172
19101,736,2286,3022
19103,8255,18367,26622
19105,1155,3407,4562
19107,604,1783,2387
19109,879,2603,3482
19111,2059,5637,7696
19113,14066,37935,52001
19115,671,2190,2861
19117,554,1601,2155
19119,930,2330,3260
19121,1071,3159,4230
19123,1487,3966,5453
19125,2163,6054,8217
19127,2918,7453,10371
19129,902,2864,3766
19131,649,1965,2614
19133,476,1557,2033
19135,527,1433,1960
19137,592,1869,2461
19139,3063,8023,11086
19141,858,2451,3309
19143,362,1052,1414
19145,897,2551,3448
19147,590,1492,2082
19149,1599,4703,6302
19151,410,1139,1549
19153,32779,78699,111478
19155,6275,16159,22434
19157,1023,2901,3924
19159,307,922,1229
19161,563,1705,2268
19163,11162,29375,40537
19165,651,2106,2757
19167,2643,6489,9132
19169,4771,11217,15988
19171,1050,3344,4394
19173,376,1113,1489
19175,845,2135,2980
19177,480,1279,1759
19179,2286,5757,8043
19181,2920,9050,11970
19183,1418,4050,5468
19185,414,1072,1486
19187,2207,6091,8298
19189,583,1716,2299
19191,1021,3163,4184
19193,7844,19318,27162
19195,402,1308,1710
19197,811,2206,3017
20001,857,2287,3144
20003,539,1514,2053
20005,1074,2969,4043
20007,334,785,1119
20009,1949,4901,6850
20011,1092,2675,3767
20013,710,1800,2510
20015,4138,13378,17516
20017,152,462,614
20019,182,550,732
20021,1282,3981,5263
20023,136,423,559
20025,139,388,527
20027,564,1450,2014
20029,577,1481,2058
20031,461,1559,2020
20033,114,333,447
20035,2479,6319,8798
20037,2459,6223,8682
20039,153,399,552
20041,1298,3522,4820
20043,444,1304,1748
20045,6181,15101,21282
20047,180,521,701
20049,136,433,569
20051,1932,4180,6112
20053,333,864,1197
20055,3602,8308,11910
20057,3325,7361,10686
20059,1745,4843,6588
20061,4152,6959,11111
20063,183,434,617
20065,160,361,521
20067,708,1803,2511
20069,514,1327,1841
20071,86,184,270
20073,377,1083,1460
20075,239,504,743
20077,386,999,1385
20079,2336,6422,8758
20081,340,954,1294
20083,127,338,465
20085,859,2668,3527
20087,1047,3529,4576
20089,159,416,575
20091,38934,105534,144468
20093,329,865,1194
20095,441,1429,1870
20097,153,393,546
20099,1378,3742,5120
20101,90,309,399
20103,5143,14025,19168
20105,209,570,779
20107,522,1697,2219
20109,154,487,641
20111,2246,5597,7843
20113,1771,5029,6800
20115,668,2118,2786
20117,636,1633,2269
20119,303,952,1255
20121,2066,6582,8648
20123,386,1006,1392
20125,2309,5874,8183
20127,295,939,1234
20129,216,633,849
20131,687,1968,2655
20133,1139,2950,4089
20135,175,531,706
20137,279,837,1116
20139,1001,3068,4069
20141,208,598,806
20143,378,1140,1518
20145,369,1102,1471
20147,336,986,1322
20149,1901,4615,6516
20151,646,1562,2208
20153,126,335,461
20155,4140,10939,15079
20157,246,700,946
20159,637,1746,2383
20161,5027,8741,13768
20163,337,885,1222
20165,143,475,618
20167,426,1075,1501
20169,3969,9896,13865
20171,347,891,1238
20173,39377,95723,135100
20175,2331,5031,7362
20177,12397,31825,44222
20179,146,444,590
20181,419,964,1383
20183,180,558,738
20185,248,782,1030
20187,188,447,635
20189,477,1224,1701
20191,1584,4567,6151
20193,539,1288,1827
20195,132,420,552
20197,461,1320,1781
20199,84,323,407
20201,322,1011,1333
20203,165,438,603
20205,573,1633,2206
20207,167,533,700
20209,13664,30817,44481
21001,1090,3010,4100
21003,1301,3576,4877
21005,1354,4035,5389
21007,460,1367,1827
21009,2651,7493,10144
21011,808,2086,2894
21013,1657,4585,6242
21015,9094,25083,34177
21017,1208,3569,4777
21019,2818,7693,10511
21021,1523,4599,6122
21023,563,1558,2121
21025,803,2298,3101
21027,1202,3652,4854
21029,4483,14004,18487
21031,808,2120,2928
21033,806,2084,2890
21035,1963,4828,6791
21037,5705,14814,20519
21039,301,830,1131
21041,831,1955,2786
21043,1703,4653,6356
21045,989,2702,3691
21047,7247,13900,21147
21049,2172,5972,8144
21051,1332,3367,4699
21053,635,1732,2367
21055,567,1518,2085
21057,426,1107,1533
21059,6618,17030,23648
21061,648,1949,2597
21063,397,1141,1538
21065,849,2444,3293
21067,19296,44485,63781
21069,943,2576,3519
21071,2476,6308,8784
21073,2906,7601,10507
21075,423,962,1385
21077,579,1734,2313
21079,997,2831,3828
21081,1869,5000,6869
21083,2519,6693,9212
21085,1575,4530,6105
21087,645,1863,2508
21089,2042,6144,8186
21091,543,1657,2200
21093,8060,19935,27995
21095,1900,4762,6662
21097,1124,3294,4418
21099,1189,3324,4513
21101,3050,7793,10843
21103,918,2863,3781
21105,244,748,992
21107,2952,7861,10813
21109,811,2290,3101
21111,49208,122775,171983
21113,3535,8938,12473
21115,1363,3887,5250
21117,11679,28249,39928
21119,984,2482,3466
21121,2108,5654,7762
21123,818,2475,3293
21125,3743,10523,14266
21127,1078,2596,3674
21129,339,1204,1543
21131,689,1719,2408
21133,1501,3942,5443
21135,850,2370,3220
21137,1587,4450,6037
21139,541,1418,1959
21141,1657,4799,6456
21143,328,955,1283
21145,3869,10786,14655
21147,1105,2960,4065
21149,561,1668,2229
21151,5003,13025,18028
21153,760,2329,3089
21155,1343,3532,4875
21157,1635,4791,6426
21159,722,1999,2721
21161,1179,3096,4275
21163,2130,5833,7963
21165,365,1086,1451
21167,1314,3577,4891
21169,647,1777,2424
21171,616,1873,2489
21173,1847,4639,6486
21175,716,2044,2760
21177,1690,5055,6745
21179,2998,8324,11322
21181,439,1246,1685
21183,1610,4383,5993
21185,3209,13316,16525
21187,634,2038,2672
21189,265,816,1081
21191,857,2610,3467
21193,1804,4470,6274
21195,3737,10339,14076
21197,844,2215,3059
21199,3725,10675,14400
21201,139,346,485
21203,980,2972,3952
21205,1369,3226,4595
21207,1099,2808,3907
21209,3380,9365,12745
21211,2869,7648,10517
21213,1202,3066,4268
21215,1079,3344,4423
21217,1567,3964,5531
21219,918,2470,3388
21221,769,2350,3119
21223,528,1623,2151
21225,877,2461,3338
21227,7293,18863,26156
21229,665,2068,2733
21231,1189,3418,4607
21233,917,2230,3147
21235,2273,6182,8455
21237,495,1287,1782
21239,1443,4405,5848
22001,4538,12175,16713
22003,1665,4234,5899
22005,8452,22807,31259
22007,1412,4094,5506
22009,2804,7241,10045
22011,2494,6793,9287
22013,816,2478,3294
22015,8885,21747,30632
22017,18383,44625,63008
22019,13645,35142,48787
22021,631,1710,2341
22023,388,1211,1599
22025,636,1653,2289
22027,860,2335,3195
22029,1386,3804,5190
22031,1758,4792,6550
22033,29308,73259,102567
22035,539,1400,1939
22037,1063,2966,4029
22039,2480,6525,9005
22041,1528,3775,5303
22043,1392,3717,5109
22045,5464,14326,19790
22047,2002,5305,7307
22049,1050,2672,3722
22051,28275,68708,96983
22053,2237,6021,8258
22055,15666,38798,54464
22057,6594,16805,23399
22059,969,2529,3498
22061,2813,6845,9658
22063,9463,25687,35150
22065,842,2116,2958
22067,1938,4798,6736
22069,2631,6925,9556
22071,23136,52547,75683
22073,11243,29060,40303
22075,1683,4749,6432
22077,1403,4036,5439
22079,9089,24668,33757
22081,633,1652,2285
22083,1429,3873,5302
22085,1614,4276,5890
22087,3231,7001,10232
22089,3460,10402,13862
22091,734,1908,2642
22093,1414,4027,5441
22095,3208,8696,11904
22097,6418,16145,22563
22099,3714,9962,13676
22101,3700,9841,13541
22103,14846,45234,60080
22105,8855,21701,30556
22107,322,923,1245
22109,8098,20742,28840
22111,1454,3756,5210
22113,4213,11220,15433
22115,4878,9674,14552
22117,3152,8603,11755
22119,2636,7054,9690
22121,1710,4271,5981
22123,771,2053,2824
22125,630,2013,2643
22127,890,2481,3371
23001,6749,17195,23944
23003,3476,10500,13976
23005,14405,43487,57892
23007,1449,4468,5917
23009,2503,7280,9783
23011,6189,18647,24836
23013,1854,5685,7539
23015,1541,4746,6287
23017,2831,9153,11984
23019,7755,22085,29840
23021,729,2510,3239
23023,1768,5369,7137
23025,2619,8280,10899
23027,2016,6045,8061
23029,1639,4739,6378
23031,10124,31274,41398
24001,3478,9787,13265
24003,35149,90899,126048
24005,49152,128324,177476
24009,4997,17802,22799
24011,2193,5915,8108
24013,8542,31376,39918
24015,6280,18684,24964
24017,9406,29306,38712
24019,1999,4998,6997
24021,14755,44134,58889
24023,1509,4948,6457
24025,14575,44848,59423
24027,17703,57224,74927
24029,936,2537,3473
24031,65253,171162,236415
24033,59223,145053,204276
24035,2694,8583,11277
24037,7612,20176,27788
24039,1271,3109,4380
24041,1864,5431,7295
24043,8949,24710,33659
24045,6283,15854,22137
24047,2308,7024,9332
24510,41408,90175,131583
25001,8757,27546,36303
25003,5940,18915,24855
25005,30442,89958,120400
25007,873,2315,3188
25009,43698,127268,170966
25011,3357,10472,13829
25013,27713,80932,108645
25015,6068,20029,26097
25017,86938,234440,321378
25019,676,1471,2147
25021,37593,114040,151633
25023,27914,89811,117725
25025,41098,87231,128329
25027,46308,138232,184540
26001,331,1212,1543
26003,333,1225,1558
26005,7186,21497,28683
26007,1463,4531,5994
26009,1103,3602,4705
26011,688,2357,3045
26013,409,1345,1754
26015,3372,10697,14069
26017,6077,17393,23470
26019,841,2682,3523
26021,9646,26633,36279
26023,2903,7761,10664
26025,8490,23791,32281
26027,2775,9149,11924
26029,1303,4327,5630
26031,1102,3940,5042
26033,1948,5802,7750
26035,1780,4652,6432
26037,4326,14051,18377
26039,653,2113,2766
26041,1922,5689,7611
26043,1264,4138,5402
26045,6025,18681,24706
26047,1691,5585,7276
26049,26666,76836,103502
26051,1277,3917,5194
26053,745,1934,2679
26055,4893,14227,19120
26057,2239,6647,8886
26059,2763,8133,10896
26061,2116,5498,7614
26063,1619,5055,6674
26065,16068,42194,58262
26067,4011,11435,15446
26069,1044,3369,4413
26071,502,1499,2001
26073,3527,8984,12511
26075,9233,27289,36522
26077,15591,41350,56941
26079,976,2880,3856
26081,43952,113490,157442
26083,103,299,402
26085,470,1538,2008
26087,4436,16331,20767
26089,863,3099,3962
26091,5588,16963,22551
26093,9655,35610,45265
26095,302,834,1136
26097,454,1560,2014
26099,47676,143913,191589
26101,1053,3586,4639
26103,3455,9021,12476
26105,1600,4512,6112
26107,2182,6387,8569
26109,1087,3800,4887
26111,4582,14751,19333
26113,898,2659,3557
26115,8597,27265,35862
26117,3753,11270,15023
26119,357,1225,1582
26121,10996,30641,41637
26123,2920,8853,11773
26125,68366,211460,279826
26127,1718,4818,6536
26129,1015,3257,4272
26131,220,782,1002
26133,1405,4344,5749
26135,436,1271,1707
26137,1396,4015,5411
26139,17742,50803,68545
26141,511,1738,2249
26143,956,2886,3842
26145,11514,34052,45566
26147,8870,28431,37301
26149,4180,11424,15604
26151,2444,7507,9951
26153,393,1277,1670
26155,3750,12640,16390
26157,2994,9620,12614
26159,4841,14159,19000
26161,18924,52598,71522
26163,117227,330347,447574
26165,2175,5663,7838
27001,729,2110,2839
27003,21897,62785,84682
27005,2151,5896,8047
27007,3451,7910,11361
27009,2812,6795,9607
27011,296,798,1094
27013,3830,8727,12557
27015,1489,4076,5565
27017,2139,6087,8226
27019,6560,20775,27335
27021,1669,4380,6049
27023,807,2059,2866
27025,3118,10336,13454
27027,4105,9723,13828
27029,600,1548,2148
27031,209,670,879
27033,727,2070,2797
27035,3992,10263,14255
27037,27523,76602,104125
27039,1432,4325,5757
27041,2077,5719,7796
27043,826,2351,3177
27045,1393,3599,4992
27047,1866,4924,6790
27049,2885,7883,10768
27051,376,912,1288
27053,77277,186236,263513
27055,1047,3187,4234
27057,1267,3194,4461
27059,2644,7198,9842
27061,2459,7275,9734
27063,586,1692,2278
27065,935,2840,3775
27067,2859,7186,10045
27069,232,757,989
27071,633,2111,2744
27073,395,1131,1526
27075,584,1458,2042
27077,186,610,796
27079,1785,5162,6947
27081,353,942,1295
27083,1932,4351,6283
27085,2319,6705,9024
27087,534,1125,1659
27089,571,1617,2188
27091,1180,3318,4498
27093,1567,4268,5835
27095,1743,4709,6452
27097,2217,5856,8073
27099,2851,7033,9884
27101,506,1393,1899
27103,2124,5276,7400
27105,1751,3857,5608
27107,383,1256,1639
27109,10776,25947,36723
27111,3294,8967,12261
27113,955,2361,3316
27115,1698,4746,6444
27117,645,1709,2354
27119,2002,5397,7399
27121,648,1641,2289
27123,36092,83783,119875
27125,302,697,999
27127,1042,2937,3979
27129,912,2608,3520
27131,3903,10932,14835
27133,628,1843,2471
27135,987,3052,4039
27137,10713,28346,39059
27139,10457,28995,39452
27141,6544,18909,25453
27143,999,2843,3842
27145,9715,25157,34872
27147,2633,6940,9573
27149,573,1459,2032
27151,579,1538,2117
27153,1682,4436,6118
27155,162,584,746
27157,1312,3679,4991
27159,898,2398,3296
27161,1206,3348,4554
27163,15414,47977,63391
27165,760,2004,2764
27167,380,1195,1575
27169,2513,7214,9727
27171,10477,26985,37462
27173,612,1791,2403
28001,1964,5073,7037
28003,2430,6603,9033
28005,867,2026,2893
28007,1457,3604,5061
28009,525,1547,2072
28011,2544,6043,8587
28013,1016,2664,3680
28015,565,1600,2165
28017,1272,3235,4507
28019,517,1474,1991
28021,607,1659,2266
28023,1031,3046,4077
28025,1389,3803,5192
28027,2192,5268,7460
28029,2111,5070,7181
28031,1396,3623,5019
28033,11233,34273,45506
28035,5549,12514,18063
28037,523,1487,2010
28039,1700,4374,6074
28041,781,2226,3007
28043,1397,3866,5263
28045,2678,7897,10575
28047,14078,32772,46850
28049,17622,46362,63984
28051,1606,3775,5381
28053,793,1819,2612
28055,67,196,263
28057,1389,3916,5305
28059,9249,25841,35090
28061,1110,2894,4004
28063,461,1284,1745
28065,774,1976,2750
28067,4974,12304,17278
28069,603,1687,2290
28071,2593,6398,8991
28073,4208,10770,14978
28075,5551,14363,19914
28077,922,2245,3167
28079,1747,5118,6865
28081,6094,16154,22248
28083,2608,6028,8636
28085,2453,6463,8916
28087,4074,10724,14798
28089,6862,18870,25732
28091,1907,4843,6750
28093,2359,6029,8388
28095,2279,6397,8676
28097,711,1853,2564
28099,2379,6079,8458
28101,1506,3993,5499
28103,800,2183,2983
28105,2684,6021,8705
28107,2569,6608,9177
28109,3727,9728,13455
28111,815,2175,2990
28113,2995,7813,10808
28115,2126,5803,7929
28117,1691,4184,5875
28119,562,1517,2079
28121,9771,26099,35870
28123,2313,5305,7618
28125,341,872,1213
28127,1964,5079,7043
28129,1139,3039,4178
28131,1151,3098,4249
28133,2067,4924,6991
28135,1001,2356,3357
28137,1865,5445,7310
28139,1483,4057,5540
28141,1147,3286,4433
28143,932,2188,3120
28145,1894,5095,6989
28147,1070,2916,3986
28149,3264,9053,12317
28151,3825,10103,13928
28153,1488,3840,5328
28155,670,1854,2524
28157,644,1538,2182
28159,1310,3336,4646
28161,819,2139,2958
28163,2037,4985,7022
29001,1356,3528,4884
29003,943,3082,4025
29005,298,843,1141
29007,1684,4592,6276
29009,2246,6114,8360
29011,792,2369,3161
29013,1076,3147,4223
29015,826,2547,3373
29017,758,2109,2867
29019,10259,24518,34777
29021,6149,14800,20949
29023,2736,7295,10031
29025,536,1774,2310
29027,2591,7214,9805
29029,2142,6144,8286
29031,4639,12139,16778
29033,549,1655,2204
29035,427,1103,1530
29037,6641,19559,26200
29039,760,2451,3211
29041,459,1266,1725
29043,5560,15643,21203
29045,442,1198,1640
29047,15909,41707,57616
29049,1239,3806,5045
29051,4996,12940,17936
29053,1014,2915,3929
29055,1625,4409,6034
29057,380,1342,1722
29059,1052,2995,4047
29061,595,1586,2181
29063,588,1645,2233
29065,931,2681,3612
29067,777,2232,3009
29069,2261,5905,8166
29071,6466,18276,24742
29073,816,2424,3240
29075,469,1214,1683
29077,17279,41441,58720
29079,713,1766,2479
29081,599,1589,2188
29083,1342,3607,4949
29085,445,1245,1690
29087,272,697,969
29089,627,1613,2240
29091,2808,7267,10075
29093,609,1744,2353
29095,47389,117104,164493
29097,8619,20860,29479
29099,14677,39766,54443
29101,3597,8438,12035
29103,249,782,1031
29105,2407,6458,8865
29107,2022,5983,8005
29109,2590,7454,10044
29111,640,1755,2395
29113,3891,10723,14614
29115,780,2269,3049
29117,883,2391,3274
29119,1581,4669,6250
29121,971,2731,3702
29123,796,2111,2907
29125,527,1618,2145
29127,1947,4943,6890
29129,236,721,957
29131,1580,4510,6090
29133,894,2258,3152
29135,1056,2863,3919
29137,504,1500,2004
29139,775,2124,2899
29141,1231,3230,4461
29143,1206,3224,4430
29145,3836,10937,14773
29147,1155,3067,4222
29149,656,1838,2494
29151,851,2535,3386
29153,468,1426,1894
29155,1402,3594,4996
29157,1242,3491,4733
29159,3054,7663,10717
29161,2734,6999,9733
29163,1127,2972,4099
29165,5769,16445,22214
29167,1955,5644,7599
29169,4027,8660,12687
29171,269,868,1137
29173,655,1720,2375
29175,1526,4288,5814
29177,1394,4296,5690
29179,348,1121,1469
29181,891,2446,3337
29183,24086,68445,92531
29185,517,1380,1897
29186,1061,3116,4177
29187,3919,10443,14362
29189,58485,172293,230778
29195,1486,3796,5282
29197,270,848,1118
29199,393,992,1385
29201,2719,6915,9634
29203,509,1424,1933
29205,405,1141,1546
29207,1735,4950,6685
29209,1388,4440,5828
29211,391,1186,1577
29213,3221,8324,11545
29215,1596,4095,5691
29217,1365,3831,5196
29219,2238,5759,7997
29221,1602,4350,5952
29223,715,2072,2787
29225,2584,7362,9946
29227,104,335,439
29229,1223,3509,4732
29510,21279,45011,66290
30001,444,1311,1755
30003,1363,2952,4315
30005,581,1390,1971
30007,329,928,1257
30009,437,1538,1975
30011,43,144,187
30013,5671,13019,18690
30015,367,1154,1521
30017,722,1919,2641
30019,111,257,368
30021,584,1352,1936
30023,408,1278,1686
30025,239,472,711
30027,608,1657,2265
30029,5608,15317,20925
30031,5725,13365,19090
30033,78,226,304
30035,1268,3020,4288
30037,26,147,173
30039,124,402,526
30041,1297,3134,4431
30043,544,1954,2498
30045,93,296,389
30047,2058,5173,7231
30049,3958,10507,14465
30051,141,385,526
30053,906,2882,3788
30055,91,259,350
30057,335,967,1302
30059,99,260,359
30061,214,540,754
30063,6290,15517,21807
30065,241,762,1003
30067,780,2222,3002
30069,19,87,106
30071,245,697,942
30073,419,1106,1525
30075,53,260,313
30077,317,881,1198
30079,56,138,194
30081,2053,6612,8665
30083,673,1696,2369
30085,1013,2257,3270
30087,753,1947,2700
30089,543,1708,2251
30091,149,527,676
30093,2005,5145,7150
30095,505,1556,2061
30097,177,646,823
30099,325,1072,1397
30101,275,787,1062
30103,38,91,129
30105,401,1313,1714
30107,143,363,506
30109,43,157,200
30111,10079,25284,35363
31001,2017,5352,7369
31003,420,1151,1571
31005,39,93,132
31007,30,107,137
31009,32,79,111
31011,318,926,1244
31013,791,2065,2856
31015,100,336,436
31017,153,522,675
31019,3351,7772,11123
31021,368,1145,1513
31023,482,1510,1992
31025,1585,4761,6346
31027,562,1642,2204
31029,285,683,968
31031,318,942,1260
31033,652,1731,2383
31035,403,1212,1615
31037,961,2128,3089
31039,535,1720,2255
31041,626,1917,2543
31043,1790,4425,6215
31045,482,1263,1745
31047,1834,5026,6860
31049,88,322,410
31051,428,1123,1551
31053,2444,6269,8713
31055,40306,95976,136282
31057,100,347,447
31059,301,1008,1309
31061,158,510,668
31063,141,421,562
31065,253,876,1129
31067,1315,3661,4976
31069,94,286,380
31071,73,337,410
31073,93,335,428
31075,48,77,125
31077,163,430,593
31079,4711,11449,16160
31081,502,1748,2250
31083,198,538,736
31085,55,160,215
31087,150,451,601
31089,685,1780,2465
31091,41,113,154
31093,389,1139,1528
31095,401,1229,1630
31097,281,731,1012
31099,420,1182,1602
31101,427,1297,1724
31103,43,129,172
31105,238,622,860
31107,525,1543,2068
31109,20264,46778,67042
31111,2432,6448,8880
31113,53,147,200
31115,43,88,131
31117,37,119,156
31119,2648,6091,8739
31121,467,1425,1892
31123,299,916,1215
31125,227,656,883
31127,451,1077,1528
31129,225,693,918
31131,987,2758,3745
31133,142,449,591
31135,197,522,719
31137,608,1632,2240
31139,428,1381,1809
31141,2417,6201,8618
31143,309,953,1262
31145,689,1859,2548
31147,429,1368,1797
31149,78,216,294
31151,1001,2510,3511
31153,13442,33022,46464
31155,1371,3960,5331
31157,2684,6409,9093
31159,1028,2905,3933
31161,294,922,1216
31163,169,517,686
31165,69,230,299
31167,451,1236,1687
31169,282,795,1077
31171,50,123,173
31173,733,1707,2440
31175,249,693,942
31177,1149,3829,4978
31179,544,1316,1860
31181,235,616,851
31183,50,143,193
31185,909,2190,3099
32001,1617,4422,6039
32003,136399,347752,484151
32005,2189,6929,9118
32007,3984,10338,14322
32009,36,105,141
32011,134,343,477
32013,1294,3235,4529
32015,464,1105,1569
32017,265,1054,1319
32019,3195,9198,12393
32021,222,596,818
32023,2087,6459,8546
32027,303,957,1260
32029,131,467,598
32031,27512,71125,98637
32033,646,1515,2161
32510,3123,8503,11626
33001,3028,9258,12286
33003,1859,6726,8585
33005,3697,11119,14816
33007,1410,4544,5954
33009,3973,12041,16014
33011,23431,69057,92488
33013,7472,23817,31289
33015,14388,51154,65542
33017,6681,18573,25254
33019,2279,6723,9002
34001,16468,46489,62957
34003,50099,153693,203792
34005,25347,77207,102554
34007,32967,89819,122786
34009,4581,13222,17803
34011,10858,26644,37502
34013,53693,139540,193233
34015,17095,52305,69400
34017,44944,88607,133551
34019,5665,23476,29141
34021,21529,60593,82122
34023,49942,134880,184822
34025,33681,113109,146790
34027,26732,89068,115800
34029,39091,96784,135875
34031,34638,89546,124184
34033,3833,11346,15179
34035,18938,61050,79988
34037,7464,26867,34331
34039,35792,95064,130856
34041,5727,19036,24763
35001,44787,114282,159069
35003,123,432,555
35005,5102,13169,18271
35006,1950,4879,6829
35007,738,2040,2778
35009,4430,9660,14090
35011,113,313,426
35013,16065,40291,56356
35015,3805,10167,13972
35017,1771,4574,6345
35019,252,740,992
35021,29,77,106
35023,328,877,1205
35025,5846,13360,19206
35027,987,2813,3800
35028,1002,3352,4354
35029,1857,4705,6562
35031,6251,15978,22229
35033,233,745,978
35035,4859,11401,16260
35037,538,1428,1966
35039,2752,7042,9794
35041,1614,3845,5459
35043,8752,26338,35090
35045,10447,26468,36915
35047,1584,4630,6214
35049,7972,22130,30102
35051,550,1356,1906
35053,1158,3080,4238
35055,1786,4836,6622
35057,887,2969,3856
35059,236,614,850
35061,5189,14697,19886
36001,15161,44518,59679
36003,2640,7766,10406
36005,105732,261504,367236
36007,10244,29517,39761
36009,4930,13569,18499
36011,4199,12755,16954
36013,7338,21451,28789
36015,5283,14448,19731
36017,2708,8482,11190
36019,4046,11470,15516
36021,2925,9401,12326
36023,2607,7564,10171
36025,2414,6720,9134
36027,14921,49277,64198
36029,49312,146465,195777
36031,1751,5549,7300
36033,2812,7759,10571
36035,3007,9014,12021
36037,3331,9685,13016
36039,2237,6941,9178
36041,167,623,790
36043,3498,10585,14083
36045,10092,20070,30162
36047,185126,415787,600913
36049,1696,4845,6541
36051,3107,9709,12816
36053,3682,11904,15586
36055,43249,122784,166033
36057,3044,8477,11521
36059,73994,234100,308094
36061,80340,156224,236564
36063,11480,34083,45563
36065,13371,37352,50723
36067,27240,78345,105585
36069,5674,18262,23936
36071,25884,74389,100273
36073,2267,6958,9225
36075,6991,20545,27536
36077,2682,8437,11119
36079,4982,18038,23020
36081,137966,327673,465639
36083,8750,24624,33374
36085,28447,79873,108320
36087,23831,64150,87981
36089,6434,17105,23539
36091,12015,37126,49141
36093,9100,25782,34882
36095,1588,4821,6409
36097,920,2866,3786
36099,1938,5435,7373
36101,5802,17102,22904
36103,84694,267135,351829
36105,4450,12573,17023
36107,2836,8848,11684
36109,4294,11897,16191
36111,8821,26948,35769
36113,3210,10043,13253
36115,3246,9772,13018
36117,5378,16240,21618
36119,56918,169476,226394
36121,2078,6326,8404
36123,1586,4464,6050
37001,9427,26144,35571
37003,2029,6191,8220
37005,526,1631,2157
37007,1452,4248,5700
37009,1396,3753,5149
37011,778,2249,3027
37013,2693,7652,10345
37015,1063,3116,4179
37017,1950,5893,7843
37019,5650,14615,20265
37021,13288,35403,48691
37023,4824,14864,19688
37025,12646,36363,49009
37027,4452,13735,18187
37029,538,1978,2516
37031,3192,9485,12677
37033,1099,3550,4649
37035,9304,26860,36164
37037,3701,10071,13772
37039,1323,3798,5121
37041,830,2406,3236
37043,478,1516,1994
37045,5723,16656,22379
37047,3351,9878,13229
37049,7832,16639,24471
37051,27354,59015,86369
37053,1297,4251,5548
37055,1873,4960,6833
37057,9554,28682,38236
37059,2186,7333,9519
37061,4205,10649,14854
37063,20340,41086,61426
37065,3653,9774,13427
37067,23843,61650,85493
37069,3818,10887,14705
37071,13134,35807,48941
37073,637,2128,2765
37075,496,1414,1910
37077,3209,9702,12911
37079,1404,3509,4913
37081,30770,83810,114580
37083,3128,9143,12271
37085,9522,23375,32897
37087,2804,8398,11202
37089,5853,16048,21901
37091,1340,3763,5103
37093,4801,9902,14703
37095,278,786,1064
37097,9626,30534,40160
37099,2012,5021,7033
37101,12581,34873,47454
37103,558,1500,2058
37105,4258,10774,15032
37107,3649,10461,14110
37109,4427,13668,18095
37111,2526,7153,9679
37113,1727,4754,6481
37115,935,3136,4071
37117,1346,3874,5220
37119,69247,168440,237687
37121,736,2193,2929
37123,1738,4903,6641
37125,5003,14132,19135
37127,5664,16784,22448
37129,11563,29225,40788
37131,1136,3307,4443
37133,17945,28030,45975
37135,6643,21287,27930
37137,595,1771,2366
37139,2623,6378,9001
37141,3110,8851,11961
37143,702,2029,2731
37145,2335,6749,9084
37147,11159,26915,38074
37149,821,2903,3724
37151,8751,25585,34336
37153,3042,8261,11303
37155,10239,25660,35899
37157,5052,15272,20324
37159,8513,23673,32186
37161,3813,11045,14858
37163,4258,11749,16007
37165,2433,6402,8835
37167,3528,10007,13535
37169,2414,7764,10178
37171,4271,12595,16866
37173,857,2395,3252
37175,1437,4262,5699
37177,246,541,787
37179,13917,47092,61009
37181,3020,8245,11265
37183,65521,173748,239269
37185,1169,3012,4181
37187,775,2097,2872
37189,1907,5163,7070
37191,8581,21909,30490
37193,3779,11418,15197
37195,5360,14404,19764
37197,2174,6591,8765
37199,815,2665,3480
38001,120,306,426
38003,578,1712,2290
38005,649,1599,2248
38007,37,99,136
38009,379,892,1271
38011,202,490,692
38013,132,308,440
38015,5561,13232,18793
38017,10515,22799,33314
38019,188,596,784
38021,329,884,1213
38023,106,267,373
38025,236,584,820
38027,117,367,484
38029,159,582,741
38031,176,531,707
38033,101,333,434
38035,4394,8986,13380
38037,123,305,428
38039,128,310,438
38041,140,372,512
38043,134,387,521
38045,212,663,875
38047,96,325,421
38049,329,876,1205
38051,139,369,508
38053,537,1335,1872
38055,466,1335,1801
38057,497,1312,1809
38059,1864,4687,6551
38061,594,1316,1910
38063,137,411,548
38065,105,309,414
38067,405,1165,1570
38069,234,681,915
38071,751,1794,2545
38073,297,966,1263
38075,144,395,539
38077,924,2640,3564
38079,1476,3243,4719
38081,208,619,827
38083,43,168,211
38085,469,1088,1557
38087,43,105,148
38089,1617,3843,5460
38091,101,319,420
38093,1152,3118,4270
38095,119,330,449
38097,504,1290,1794
38099,669,1773,2442
38101,5090,10058,15148
38103,215,575,790
38105,1819,3934,5753
39001,1856,5231,7087
39003,6698,18494,25192
39005,3231,9320,12551
39007,6112,17446,23558
39009,2702,7439,10141
39011,3047,8398,11445
39013,3577,10134,13711
39015,2715,8134,10849
39017,24367,67693,92060
39019,1585,4947,6532
39021,2407,7316,9723
39023,8520,23676,32196
39025,13129,36957,50086
39027,2628,7599,10227
39029,5897,17239,23136
39031,2248,6537,8785
39033,2469,7430,9899
39035,73998,208892,282890
39037,3389,9604,12993
39039,2465,7037,9502
39041,12403,38660,51063
39043,4130,12656,16786
39045,8989,28830,37819
39047,1914,5126,7040
39049,84703,196254,280957
39051,2666,8060,10726
39053,1943,5359,7302
39055,4931,18717,23648
39057,9015,26083,35098
39059,2374,6994,9368
39061,53374,134062,187436
39063,4617,12750,17367
39065,2001,5479,7480
39067,928,2521,3449
39069,1781,5162,6943
39071,2821,8020,10841
39073,1711,5186,6897
39075,4000,10514,14514
39077,3883,11452,15335
39079,2169,5943,8112
39081,3420,10267,13687
39083,3729,10800,14529
39085,12265,37953,50218
39087,3725,10673,14398
39089,10356,30365,40721
39091,2935,8448,11383
39093,17767,53319,71086
39095,28905,74936,103841
39097,2393,7123,9516
39099,12391,37887,50278
39101,3842,10544,14386
39103,9909,33073,42982
39105,1338,3978,5316
39107,2796,7799,10595
39109,6190,18270,24460
39111,833,2266,3099
39113,33248,88465,121713
39115,838,2628,3466
39117,2081,6721,8802
39119,5325,15215,20540
39121,762,2068,2830
39123,1953,6450,8403
39125,1267,3526,4793
39127,2342,6918,9260
39129,3160,9822,12982
39131,1797,5204,7001
39133,7946,25032,32978
39135,2487,7600,10087
39137,2500,6513,9013
39139,7164,20060,27224
39141,4358,12923,17281
39143,3736,10786,14522
39145,4666,13094,17760
39147,3387,9763,13150
39149,3372,9885,13257
39151,21247,63073,84320
39153,31159,89949,121108
39155,11278,34321,45599
39157,5602,16038,21640
39159,3422,10812,14234
39161,1810,5189,6999
39163,770,2454,3224
39165,13909,44224,58133
39167,3147,9543,12690
39169,7578,21132,28710
39171,2210,6613,8823
39173,6843,20271,27114
39175,1387,4057,5444
40001,1669,4617,6286
40003,285,735,1020
40005,893,2443,3336
40007,372,1084,1456
40009,1746,3682,5428
40011,739,1706,2445
40013,2897,7102,9999
40015,2097,5331,7428
40017,8650,23378,32028
40019,3355,8966,12321
40021,3128,8268,11396
40023,1077,2653,3730
40025,202,442,644
40027,16600,43445,60045
40029,374,1119,1493
40031,9742,21703,31445
40033,386,1098,1484
40035,858,2486,3344
40037,4447,12938,17385
40039,2012,4491,6503
40041,2213,6962,9175
40043,303,908,1211
40045,243,725,968
40047,4553,10597,15150
40049,1854,4889,6743
40051,3444,9694,13138
40053,275,773,1048
40055,318,867,1185
40057,241,526,767
40059,274,663,937
40061,847,2366,3213
40063,743,2245,2988
40065,2049,4838,6887
40067,408,1108,1516
40069,765,1922,2687
40071,3294,8197,11491
40073,1114,2878,3992
40075,567,1614,2181
40077,698,1945,2643
40079,3391,9002,12393
40081,2161,6486,8647
40083,2711,7782,10493
40085,628,1671,2299
40087,2462,6954,9416
40089,2390,6240,8630
40091,1067,3140,4207
40093,516,1313,1829
40095,1058,2786,3844
40097,2813,7613,10426
40099,894,2383,3277
40101,4908,12507,17415
40103,775,2081,2856
40105,627,1924,2551
40107,861,2067,2928
40109,56711,128692,185403
40111,2535,7184,9719
40113,2842,8575,11417
40115,2256,5646,7902
40117,1053,3111,4164
40119,4510,10372,14882
40121,2786,7242,10028
40123,2675,6228,8903
40125,4861,12509,17370
40127,695,1842,2537
40129,285,712,997
40131,5313,17180,22493
40133,1687,4838,6525
40135,2815,8018,10833
40137,2925,7891,10816
40139,1786,4225,6011
40141,527,1445,1972
40143,45093,109986,155079
40145,4996,14377,19373
40147,3301,8635,11936
40149,807,2180,2987
40151,539,1144,1683
40153,1438,3447,4885
41001,860,2382,3242
41003,3792,11305,15097
41005,21201,67039,88240
41007,2064,5421,7485
41009,2735,8784,11519
41011,3190,8681,11871
41013,1024,3289,4313
41015,899,2635,3534
41017,9359,26791,36150
41019,5513,15969,21482
41021,101,263,364
41023,354,1055,1409
41025,414,1209,1623
41027,1470,4269,5739
41029,12016,32256,44272
41031,1536,3852,5388
41033,4214,12451,16665
41035,4031,10597,14628
41037,345,1107,1452
41039,18217,51164,69381
41041,2288,5652,7940
41043,7646,20613,28259
41045,2294,5570,7864
41047,23284,59990,83274
41049,826,2346,3172
41051,46813,105406,152219
41053,4712,13542,18254
41055,79,261,340
41057,1373,3627,5000
41059,5713,14665,20378
41061,1595,4189,5784
41063,366,954,1320
41065,1563,4205,5768
41067,38070,98450,136520
41069,62,183,245
41071,6332,18163,24495
42001,5471,16650,22121
42003,64274,175246,239520
42005,3549,10321,13870
42007,8919,25455,34374
42009,2556,8017,10573
42011,24833,72058,96891
42013,7173,19427,26600
42015,3803,10362,14165
42017,32924,107682,140606
42019,9688,30781,40469
42021,7167,20691,27858
42023,234,711,945
42025,3424,9922,13346
42027,6613,17857,24470
42029,30508,92320,122828
42031,2055,5588,7643
42033,4011,12047,16058
42035,2208,5995,8203
42037,3153,9182,12335
42039,4921,14580,19501
42041,12812,35930,48742
42043,16872,44700,61572
42045,33814,94902,128716
42047,1554,4993,6547
42049,16823,46324,63147
42051,6766,20448,27214
42053,172,719,891
42055,9839,25833,35672
42057,815,2487,3302
42059,1934,5660,7594
42061,2361,6656,9017
42063,4435,12160,16595
42065,2578,7073,9651
42067,1512,4316,5828
42069,11426,32071,43497
42071,35422,93395,128817
42073,4699,14132,18831
42075,8514,22355,30869
42077,21406,61018,82424
42079,16295,47934,64229
42081,6522,17667,24189
42083,2311,6683,8994
42085,5852,18790,24642
42087,2872,7821,10693
42089,8184,30891,39075
42091,46997,135404,182401
42093,1080,2760,3840
42095,15571,48472,64043
42097,5134,14133,19267
42099,2764,7713,10477
42101,104759,239990,344749
42103,2404,10110,12514
42105,975,2840,3815
42107,7468,21917,29385
42109,2250,6529,8779
42111,3654,11105,14759
42113,248,728,976
42115,2116,6753,8869
42117,2319,6305,8624
42119,2051,6225,8276
42121,2975,8593,11568
42123,2078,6363,8441
42125,10467,31727,42194
42127,2167,7582,9749
42129,17372,53773,71145
42131,1507,4516,6023
42133,26082,74702,100784
44001,2116,7947,10063
44003,8055,25364,33419
44005,3856,12107,15963
44007,37152,99265,136417
44009,5305,19368,24673
45001,1434,4136,5570
45003,9920,26573,36493
45005,590,1614,2204
45007,11839,32759,44598
45009,896,2555,3451
45011,1501,4220,5721
45013,10667,23342,34009
45015,13327,32516,45843
45017,849,2375,3224
45019,22970,50590,73560
45021,3691,9878,13569
45023,2098,5577,7675
45025,2880,8338,11218
45027,1943,5530,7473
45029,2457,6700,9157
45031,4212,12006,16218
45033,2322,6046,8368
45035,9819,27587,37406
45037,1237,4325,5562
45039,1304,3871,5175
45041,9214,24443,33657
45043,3171,9465,12636
45045,31153,78835,109988
45047,4730,11715,16445
45049,1278,3570,4848
45051,15395,39535,54930
45053,1767,4229,5996
45055,4025,11083,15108
45057,4993,12715,17708
45059,4277,10940,15217
45061,1024,3094,4118
45063,17349,47052,64401
45065,387,1024,1411
45067,2224,5657,7881
45069,1595,4428,6023
45071,2373,6066,8439
45073,4109,11315,15424
45075,6117,14855,20972
45077,6329,17724,24053
45079,24163,63167,87330
45081,1310,3166,4476
45083,18909,50144,69053
45085,7795,19213,27008
45087,1662,4761,6423
45089,2012,5791,7803
45091,15459,42672,58131
46003,179,533,712
46005,1376,2958,4334
46007,342,834,1176
46009,346,1049,1395
46011,1918,4201,6119
46013,2587,6017,8604
46015,381,974,1355
46017,230,545,775
46019,724,1841,2565
46021,57,192,249
46023,764,1954,2718
46025,265,579,844
46027,757,1689,2446
46029,2009,4728,6737
46031,379,1016,1395
46033,391,1202,1593
46035,1324,3204,4528
46037,358,906,1264
46039,276,748,1024
46041,539,1299,1838
46043,166,506,672
46045,219,739,958
46047,276,959,1235
46049,145,403,548
46051,429,1223,1652
46053,261,698,959
46055,125,306,431
46057,551,1277,1828
46059,204,520,724
46061,302,791,1093
46063,75,213,288
46065,1198,2912,4110
46067,422,1274,1696
46069,78,220,298
46071,316,724,1040
46073,140,313,453
46075,66,158,224
46077,329,832,1161
46079,645,1767,2412
46081,1346,3327,4673
46083,4371,9379,13750
46085,295,801,1096
46087,417,1018,1435
46089,129,409,538
46091,287,726,1013
46093,1881,4387,6268
46095,199,454,653
46097,138,407,545
46099,13208,29910,43118
46101,474,1213,1687
46102,1655,3734,5389
46103,7432,17575,25007
46105,162,483,645
46107,141,353,494
46109,856,2082,2938
46111,131,357,488
46115,392,1201,1593
46117,178,510,688
46119,86,213,299
46121,1265,2705,3970
46123,325,969,1294
46125,523,1471,1994
46127,974,2819,3793
46129,342,895,1237
46135,1300,3600,4900
46137,271,806,1077
47001,4118,12082,16200
47003,3311,8692,12003
47005,865,2463,3328
47007,622,2057,2679
47009,6635,20363,26998
47011,5832,16941,22773
47013,2230,6567,8797
47015,765,2235,3000
47017,1676,4525,6201
47019,2991,8372,11363
47021,2359,7216,9575
47023,936,2965,3901
47025,1582,5020,6602
47027,436,1142,1578
47029,1926,5539,7465
47031,3368,9380,12748
47033,933,2603,3536
47035,2791,7872,10663
47037,45127,93155,138282
47039,641,1842,2483
47041,1130,3152,4282
47043,3183,9102,12285
47045,2455,6955,9410
47047,2347,6279,8626
47049,973,3150,4123
47051,2046,6745,8791
47053,3169,9166,12335
47055,1658,4691,6349
47057,1282,3702,4984
47059,3526,10918,14444
47061,774,2334,3108
47063,3992,10806,14798
47065,20583,52502,73085
47067,360,1059,1419
47069,1409,4125,5534
47071,1388,4060,5448
47073,3004,9374,12378
47075,1162,3424,4586
47077,1802,4956,6758
47079,1812,5160,6972
47081,1345,4018,5363
47083,493,1459,1952
47085,1024,3193,4217
47087,563,1739,2302
47089,2840,8347,11187
47091,859,2454,3313
47093,25913,68745,94658
47095,351,945,1296
47097,1721,4838,6559
47099,2884,7667,10551
47101,684,2146,2830
47103,2087,5613,7700
47105,2612,7313,9925
47107,2940,8640,11580
47109,1508,4489,5997
47111,1560,4052,5612
47113,6526,16584,23110
47115,1470,4556,6026
47117,1928,5553,7481
47119,5805,13782,19587
47121,553,1892,2445
47123,2634,7541,10175
47125,15299,33704,49003
47127,283,1099,1382
47129,1070,3445,4515
47131,1767,5361,7128
47133,1297,3849,5146
47135,474,1290,1764
47137,230,755,985
47139,848,2811,3659
47141,4306,11279,15585
47143,1925,5508,7433
47145,2618,8469,11087
47147,4436,12585,17021
47149,19225,50252,69477
47151,1385,4124,5509
47153,831,2420,3251
47155,5321,14712,20033
47157,67323,175637,242960
47159,1136,3477,4613
47161,663,2282,2945
47163,8064,23874,31938
47165,10371,30386,40757
47167,3924,12534,16458
47169,469,1383,1852
47171,877,2788,3665
47173,1216,3319,4535
47175,250,867,1117
47177,2547,7117,9664
47179,6666,18188,24854
47181,744,2470,3214
47183,1868,5043,6911
47185,1543,4315,5858
47187,12089,42439,54528
47189,7212,21629,28841
48001,3105,8330,11435
48003,1298,3259,4557
48005,6341,16850,23191
48007,1140,3270,4410
48009,398,1671,2069
48011,100,314,414
48013,3374,9616,12990
48015,1831,5254,7085
48017,682,1575,2257
48019,901,2965,3866
48021,4892,14590,19482
48023,208,564,772
48025,1877,5133,7010
48027,29060,60866,89926
48029,131247,340207,471454
48031,540,1738,2278
48033,25,101,126
48035,981,3103,4084
48037,5905,16484,22389
48039,24687,63156,87843
48041,12749,27813,40562
48043,572,1354,1926
48045,116,268,384
48047,632,1372,2004
48049,2281,6721,9002
48051,1057,2991,4048
48053,2425,7377,9802
48055,2508,7364,9872
48057,1503,4069,5572
48059,746,2387,3133
48061,36592,98228,134820
48063,889,2427,3316
48065,375,1238,1613
48067,1753,5213,6966
48069,705,1834,2539
48071,2483,7545,10028
48073,3637,9609,13246
48075,421,1046,1467
48077,561,1874,2435
48079,247,650,897
48081,163,491,654
48083,513,1394,1907
48085,58355,171667,230022
48087,263,604,867
48089,1290,3606,4896
48091,6375,19907,26282
48093,903,2373,3276
48095,173,423,596
48097,2547,7095,9642
48099,6400,14699,21099
48101,74,276,350
48103,344,909,1253
48105,278,681,959
48107,473,1228,1701
48109,178,475,653
48111,612,1456,2068
48113,193553,466633,660186
48115,1014,2345,3359
48117,1849,4410,6259
48119,300,867,1167
48121,49429,136583,186012
48123,1241,3251,4492
48125,129,337,466
48127,784,2175,2959
48129,218,521,739
48131,844,2190,3034
48133,1072,3097,4169
48135,12340,28122,40462
48137,114,296,410
48139,10727,32582,43309
48141,66406,176424,242830
48143,2376,6053,8429
48145,1066,2771,3837
48147,1925,5545,7470
48149,1371,4005,5376
48151,205,649,854
48153,494,1334,1828
48155,65,218,283
48157,43737,132598,176335
48159,692,1908,2600
48161,1216,3343,4559
48163,1218,3028,4246
48165,1794,4448,6242
48167,20028,54258,74286
48169,374,926,1300
48171,1287,3720,5007
48173,81,267,348
48175,380,1237,1617
48177,1479,3884,5363
48179,1628,3974,5602
48181,7699,21223,28922
48183,9243,22017,31260
48185,1569,4427,5996
48187,9182,27752,36934
48189,3007,7467,10474
48191,208,639,847
48193,468,1334,1802
48195,449,1235,1684
48197,262,737,999
48199,3665,10430,14095
48201,338529,821351,1159880
48203,4622,12480,17102
48205,311,986,1297
48207,298,944,1242
48209,10765,29210,39975
48211,347,829,1176
48213,4603,13168,17771
48215,76702,196811,273513
48217,2249,6248,8497
48219,1703,4462,6165
48221,2891,7981,10872
48223,2418,6559,8977
48225,1252,3408,4660
48227,2177,5486,7663
48229,232,740,972
48231,5599,15779,21378
48233,1579,4215,5794
48235,79,294,373
48237,512,1482,1994
48239,1006,2544,3550
48241,2475,6559,9034
48243,67,310,377
48245,17300,42880,60180
48247,443,1071,1514
48249,3381,8413,11794
48251,10450,30463,40913
48253,879,2757,3636
48255,788,2167,2955
48257,7627,22321,29948
48259,1757,6521,8278
48261,27,85,112
48263,37,154,191
48265,2556,7267,9823
48267,213,680,893
48269,14,42,56
48271,166,546,712
48273,2425,5621,8046
48275,280,643,923
48277,3231,8769,12000
48279,1157,3000,4157
48281,1190,3662,4852
48283,435,1043,1478
48285,1176,3239,4415
48287,1030,3129,4159
48289,1035,2739,3774
48291,5300,13942,19242
48293,1524,4000,5524
48295,249,666,915
48297,566,1732,2298
48299,786,2201,2987
48301,9,10,19
48303,20497,48554,69051
48305,452,1137,1589
48307,543,1461,2004
48309,16845,43295,60140
48311,30,94,124
48313,796,2186,2982
48315,504,1457,1961
48317,414,1060,1474
48319,196,650,846
48321,2636,6883,9519
48323,4780,13532,18312
48325,2813,8888,11701
48327,110,304,414
48329,11460,26925,38385
48331,1651,4770,6421
48333,272,863,1135
48335,489,1327,1816
48337,1284,3278,4562
48339,33785,95197,128982
48341,2050,4965,7015
48343,808,2115,2923
48345,52,203,255
48347,4617,10794,15411
48349,3493,9375,12868
48351,838,2453,3291
48353,1063,2831,3894
48355,23721,64260,87981
48357,952,2377,3329
48359,89,598,687
48361,5349,15032,20381
48363,1840,5037,6877
48365,1539,4356,5895
48367,7119,22482,29601
48369,876,2270,3146
48371,1198,2662,3860
48373,2604,7044,9648
48375,10345,23697,34042
48377,573,1601,2174
48379,568,1778,2346
48381,8314,22356,30670
48383,270,745,1015
48385,165,488,653
48387,687,1974,2661
48389,908,2178,3086
48391,455,1262,1717
48393,69,171,240
48395,1154,3052,4206
48397,5603,18040,23643
48399,675,1975,2650
48401,3482,8979,12461
48403,512,1564,2076
48405,491,1343,1834
48407,1576,4750,6326
48409,4692,13258,17950
48411,347,892,1239
48413,276,724,1000
48415,1275,2960,4235
48417,193,609,802
48419,1882,4925,6807
48421,217,663,880
48423,14988,39415,54403
48425,449,1662,2111
48427,5856,15047,20903
48429,586,1657,2243
48431,84,202,286
48433,75,244,319
48435,318,723,1041
48437,571,1432,2003
48439,142371,370739,513110
48441,9832,22541,32373
48443,74,127,201
48445,1009,2276,3285
48447,89,268,357
48449,2827,6971,9798
48451,7824,18356,26180
48453,77034,174502,251536
48455,817,2266,3083
48457,1120,3191,4311
48459,2559,7261,9820
48461,242,642,884
48463,2033,5523,7556
48465,4046,10407,14453
48467,3059,9432,12491
48469,6428,16623,23051
48471,3149,7998,11147
48473,3145,7619,10764
48475,800,2091,2891
48477,2048,5383,7431
48479,25260,63986,89246
48481,2950,7955,10905
48483,375,1004,1379
48485,8844,21112,29956
48487,920,2406,3326
48489,1582,4233,5815
48491,33468,91576,125044
48493,2567,8749,11316
48495,623,1497,2120
48497,4045,11471,15516
48499,2161,6299,8460
48501,731,1782,2513
48503,1202,3189,4391
48505,1530,3300,4830
48507,1005,2673,3678
49001,607,1580,2187
49003,4818,12049,16867
49005,11531,24783,36314
49007,1704,4036,5740
49009,83,206,289
49011,30764,75524,106288
49013,1998,4307,6305
49015,980,2483,3463
49017,345,1009,1354
49019,638,1499,2137
49021,4233,9663,13896
49023,1031,2776,3807
49025,457,1252,1709
49027,1095,2967,4062
49029,905,2507,3412
49031,95,332,427
49033,192,537,729
49035,90209,212975,303184
49037,1293,3628,4921
49039,2083,6151,8234
49041,1773,4828,6601
49043,2486,7742,10228
49045,5757,15401,21158
49047,3413,7626,11039
49049,58729,127990,186719
49051,2259,5945,8204
49053,12107,30082,42189
49055,184,609,793
49057,20568,49152,69720
50001,1672,5593,7265
50003,1836,5532,7368
50005,1639,5012,6651
50007,7833,23249,31082
50009,290,880,1170
50011,2928,8714,11642
50013,315,1039,1354
50015,1478,3985,5463
50017,1488,4494,5982
50019,1381,4277,5658
50021,2808,8769,11577
50023,3078,9017,12095
50025,2082,6519,8601
50027,2746,8334,11080
51001,2046,4985,7031
51003,5697,15759,21456
51005,762,2625,3387
51007,731,2056,2787
51009,1705,5016,6721
51011,830,2499,3329
51013,12587,22052,34639
51015,3651,11763,15414
51017,154,621,775
51019,3810,12699,16509
51021,257,930,1187
51023,1487,5714,7201
51025,779,2414,3193
51027,1088,3286,4374
51029,939,2336,3275
51031,2982,8783,11765
51033,1977,4821,6798
51035,1480,4602,6082
51036,267,976,1243
51037,669,2124,2793
51041,19718,62144,81862
51043,730,2431,3161
51045,239,840,1079
51047,3278,8809,12087
51049,605,1616,2221
51051,860,2386,3246
51053,1532,4666,6198
51057,630,1754,2384
51059,74908,192113,267021
51061,3827,12583,16410
51063,855,2501,3356
51065,1511,4356,5867
51067,2996,8489,11485
51069,4925,14731,19656
51071,918,2721,3639
51073,1876,6049,7925
51075,975,3312,4287
51077,701,2192,2893
51079,1305,3353,4658
51081,498,1460,1958
51083,1892,5935,7827
51085,5164,19164,24328
51087,20287,54029,74316
51089,2937,7994,10931
51091,69,246,315
51093,1818,6004,7822
51095,3455,10951,14406
51097,345,1069,1414
51099,1807,4829,6636
51101,1012,2865,3877
51103,437,1354,1791
51105,1310,3814,5124
51107,27708,71454,99162
51109,1988,5284,7272
51111,667,1817,2484
51113,675,2141,2816
51115,335,1249,1584
51117,1505,4719,6224
51119,431,1258,1689
51121,4340,10654,14994
51125,752,2171,2923
51127,985,3142,4127
51131,731,1720,2451
51133,519,1502,2021
51135,902,2337,3239
51137,2027,5689,7716
51139,1268,3810,5078
51141,832,2655,3487
51143,3172,9985,13157
51145,1278,4758,6036
51147,1000,2929,3929
51149,2109,6173,8282
51153,33887,85792,119679
51155,1689,4963,6652
51157,353,1114,1467
51159,382,1146,1528
51161,4495,15334,19829
51163,1025,3214,4239
51165,4515,13460,17975
51167,1472,4275,5747
51169,1122,3267,4389
51171,2421,6841,9262
51173,1673,4869,6542
51175,959,2861,3820
51177,8181,25417,33598
51179,8876,28488,37364
51181,340,1042,1382
51183,556,1451,2007
51185,2240,6707,8947
51187,2290,6627,8917
51191,2635,7998,10633
51193,977,2513,3490
51195,2325,6265,8590
51197,1460,4495,5955
51199,3661,13156,16817
51510,10536,14495,25031
51520,1006,2633,3639
51530,413,1000,1413
51540,2298,4199,6497
51550,14495,42758,57253
51570,953,2896,3849
51580,323,927,1250
51590,2683,6423,9106
51595,402,1088,1490
51600,1214,3284,4498
51610,804,2343,3147
51620,615,1399,2014
51630,1801,3461,5262
51640,429,1067,1496
51650,8694,22044,30738
51660,2527,5071,7598
51670,1709,3832,5541
51678,171,500,671
51680,4615,10288,14903
51683,3177,7655,10832
51685,1346,2909,4255
51690,880,2067,2947
51700,13299,29801,43100
51710,16580,33453,50033
51720,250,654,904
51730,2185,4394,6579
51735,493,2286,2779
51740,7128,15450,22578
51750,582,1538,2120
51760,13031,25334,38365
51770,7005,14044,21049
51775,1173,3714,4887
51790,1357,3225,4582
51800,5734,16112,21846
51810,29616,75135,104751
51820,1514,3441,4955
51830,503,1010,1513
51840,1881,4150,6031
53001,2090,4553,6643
53003,1280,3420,4700
53005,13463,35127,48590
53007,5107,13102,18209
53009,3427,9489,12916
53011,29180,83687,112867
53013,209,582,791
53015,6398,18080,24478
53017,2842,7559,10401
53019,368,1103,1471
53021,8714,19334,28048
53023,96,355,451
53025,8171,19611,27782
53027,4263,11241,15504
53029,4567,11458,16025
53031,1047,3263,4310
53033,123516,296126,419642
53035,14881,40974,55855
53037,2116,5436,7552
53039,1133,3383,4516
53041,4602,12586,17188
53043,531,1828,2359
53045,3213,9040,12253
53047,2838,6875,9713
53049,1002,2723,3725
53051,645,2078,2723
53053,56004,141134,197138
53055,521,1890,2411
53057,7580,19873,27453
53059,552,1849,2401
53061,47275,125997,173272
53063,30098,78729,108827
53065,2257,7889,10146
53067,15682,42512,58194
53069,143,592,735
53071,3483,9795,13278
53073,11403,30730,42133
53075,2055,4759,6814
53077,21897,52836,74733
54001,874,2642,3516
54003,7004,19134,26138
54005,1497,4066,5563
54007,811,2178,2989
54009,1053,3448,4501
54011,5588,13403,18991
54013,417,1103,1520
54015,596,1651,2247
54017,363,1221,1584
54019,2667,6786,9453
54021,368,913,1281
54023,652,1839,2491
54025,1848,5246,7094
54027,1186,3987,5173
54029,1509,4636,6145
54031,769,2156,2925
54033,4055,11114,15169
54035,1691,4868,6559
54037,3291,9513,12804
54039,10739,28534,39273
54041,967,2425,3392
54043,1297,3578,4875
54045,1944,5522,7466
54047,1239,3111,4350
54049,3217,8037,11254
54051,1725,5029,6754
54053,1510,4356,5866
54055,3762,9246,13008
54057,1490,4256,5746
54059,1615,4240,5855
54061,4739,10998,15737
54063,719,2097,2816
54065,780,2713,3493
54067,1487,3999,5486
54069,2222,6162,8384
54071,358,1035,1393
54073,364,1176,1540
54075,429,1142,1571
54077,1771,4798,6569
54079,3203,9874,13077
54081,4827,11770,16597
54083,1527,4148,5675
54085,528,1617,2145
54087,810,2385,3195
54089,633,1832,2465
54091,962,2544,3506
54093,331,1014,1345
54095,442,1417,1859
54097,1374,3610,4984
54099,2284,6978,9262
54101,552,1382,1934
54103,834,2529,3363
54105,319,900,1219
54107,4985,13926,18911
54109,1310,3746,5056
55001,787,2544,3331
55003,986,2711,3697
55005,2753,7346,10099
55007,665,2161,2826
55009,17247,44731,61978
55011,731,2202,2933
55013,750,2229,2979
55015,3359,9822,13181
55017,4010,10666,14676
55019,2876,7315,10191
55021,3266,9770,13036
55023,891,2778,3669
55025,30365,76559,106924
55027,4864,14381,19245
55029,1203,3738,4941
55031,2581,6793,9374
55033,2344,6624,8968
55035,5779,14958,20737
55037,166,578,744
55039,5957,16878,22835
55041,485,1477,1962
55043,2898,7858,10756
55045,2239,6581,8820
55047,1095,3290,4385
55049,1532,4206,5738
55051,230,751,981
55053,1253,3387,4640
55055,5020,14554,19574
55057,1455,4146,5601
55059,10695,31514,42209
55061,1120,3603,4723
55063,6757,17584,24341
55065,1124,3162,4286
55067,1024,3089,4113
55069,1415,4660,6075
55071,4427,13325,17752
55073,8652,23818,32470
55075,1966,6327,8293
55077,783,2325,3108
55078,474,949,1423
55079,69755,166049,235804
55081,3246,8458,11704
55083,2030,6150,8180
55085,1671,4799,6470
55087,11745,32418,44163
55089,4490,15465,19955
55091,443,1236,1679
55093,2330,6662,8992
55095,2560,7643,10203
55097,3823,10537,14360
55099,583,2029,2612
55101,12584,35178,47762
55103,1097,3038,4135
55105,10128,29021,39149
55107,786,2404,3190
55109,5973,16898,22871
55111,3924,10838,14762
55113,925,2439,3364
55115,2308,6997,9305
55117,6974,20133,27107
55119,1351,3670,5021
55121,1919,5043,6962
55123,2112,5747,7859
55125,931,2789,3720
55127,5907,17671,23578
55129,847,2337,3184
55131,7831,23986,31817
55133,20849,71104,91953
55135,2852,8725,11577
55137,1171,3619,4790
55139,9795,25975,35770
55141,4465,12250,16715
56001,2009,4045,6054
56003,772,2241,3013
56005,4010,9070,13080
56007,1085,2600,3685
56009,954,2474,3428
56011,506,1182,1688
56013,3155,7210,10365
56015,726,1984,2710
56017,268,685,953
56019,562,1363,1925
56021,6644,15683,22327
56023,1360,3606,4966
56025,5318,12797,18115
56027,101,353,454
56029,1621,4315,5936
56031,428,1317,1745
56033,1813,4645,6458
56035,698,1746,2444
56037,3545,8343,11888
56039,1332,2824,4156
56041,1716,4551,6267
56043,543,1598,2141
56045,411,1160,1571
