country,year,cantril_ladder_score,population
Afghanistan,2011,4.25835,29249156
Afghanistan,2014,3.575,32716214
Afghanistan,2015,3.36,33753500
Afghanistan,2016,3.794,34636212
Afghanistan,2017,3.6315,35643420
Afghanistan,2018,3.2033,36686788
Afghanistan,2019,2.5669,37769496
Afghanistan,2020,2.5229,38972236
Afghanistan,2021,2.4038,40099460
Afghanistan,2022,1.859,41128772
Afghanistan,2023,1.721,42239856
Africa,2011,4.4531074,1044985064
Africa,2014,4.4741573,1132503177
Africa,2015,4.395968,1153935823
Africa,2016,4.457408,1217722311
Africa,2017,4.4459715,1248668480
Africa,2018,4.5119743,1211415719
Africa,2019,4.4599953,1225347756
Africa,2020,4.551006,1146479349
Africa,2021,4.517288,1160607577
Africa,2022,4.4265237,1261802796
Africa,2023,4.384616,1301781541
Albania,2011,5.133704,2900660
Albania,2014,4.959,2884100
Albania,2015,4.655,2882482
Albania,2016,4.644,2881064
Albania,2017,4.586,2879361
Albania,2018,4.7186,2877019
Albania,2019,4.8827,2873883
Albania,2020,5.1174,2866850
Albania,2021,5.1988,2854710
Albania,2022,5.2773,2842318
Albania,2023,5.3042,2832443
Algeria,2011,5.367827,36543548
Algeria,2014,5.605,38760168
Algeria,2015,6.355,39543148
Algeria,2016,5.872,40339328
Algeria,2017,5.2946,41136548
Algeria,2018,5.2113,41927008
Algeria,2019,5.0051,42705372
Algeria,2020,4.8871,43451668
Algeria,2021,5.1223,44177964
Algeria,2022,5.3291,44903228
Algeria,2023,5.3635,45606480
Angola,2011,4.17838,24259120
Angola,2014,4.033,27128340
Angola,2015,3.866,28127724
Angola,2016,3.795,29154742
Angola,2017,3.7948,30208634
Argentina,2011,6.242357,41520736
Argentina,2014,6.574,42824064
Argentina,2015,6.65,43257064
Argentina,2016,6.599,43668236
Argentina,2017,6.388,44054616
Argentina,2018,6.0863,44413592
Argentina,2019,5.9747,44745516
Argentina,2020,5.9293,45036032
Argentina,2021,5.967,45276788
Argentina,2022,6.0237,45510324
Argentina,2023,6.1881,45773888
Armenia,2011,4.473529,2928984
Armenia,2014,4.35,2889937
Armenia,2015,4.36,2878598
Armenia,2016,4.376,2865841
Armenia,2017,4.3206,2851929
Armenia,2018,4.5594,2836563
Armenia,2019,4.6768,2820604
Armenia,2020,5.2826,2805610
Armenia,2021,5.3986,2790971
Armenia,2022,5.3417,2780472
Armenia,2023,5.4549,2777974
Asia,2011,4.984745,4237315085
Asia,2014,5.009448,4384747837
Asia,2015,4.982811,4426122476
Asia,2016,4.9764075,4463545128
Asia,2017,4.9194794,4514252304
Asia,2018,4.8504577,4555726537
Asia,2019,4.732687,4571325417
Asia,2020,4.8465176,4605952218
Asia,2021,4.892916,4635075232
Asia,2022,5.0073028,4607371193
Asia,2023,5.0826163,4684729194
Australia,2011,7.344625,22357032
Australia,2014,7.284,23469578
Australia,2015,7.313,23820240
Australia,2016,7.284,24195706
Australia,2017,7.2721,24590336
Australia,2018,7.228,24979228
Australia,2019,7.2228,25357168
Australia,2020,7.1835,25670052
Australia,2021,7.1621,25921094
Australia,2022,7.0946,26177410
Australia,2023,7.0569,26439114
Austria,2011,7.227316,8391201
Austria,2014,7.2,8546066
Austria,2015,7.119,8642422
Austria,2016,7.006,8736491
Austria,2017,7.1394,8797497
Austria,2018,7.246,8840518
Austria,2019,7.2942,8879939
Austria,2020,7.2678,8907780
Austria,2021,7.163,8922086
Austria,2022,7.0973,8939617
Austria,2023,6.9047,8958961
Azerbaijan,2011,4.581938,9359018
Azerbaijan,2014,5.212,9741879
Azerbaijan,2015,5.291,9863485
Azerbaijan,2016,5.234,9976254
Azerbaijan,2017,5.2006,10071569
Azerbaijan,2018,5.2077,10152524
Azerbaijan,2019,5.1648,10232761
Azerbaijan,2020,5.1708,10284952
Azerbaijan,2021,5.1734,10312992
Azerbaijan,2023,4.8934,10412652
Bahrain,2011,5.567952,1212086
Bahrain,2014,5.96,1311142
Bahrain,2015,6.218,1362157
Bahrain,2016,6.087,1409668
Bahrain,2017,6.1051,1456844
Bahrain,2018,6.1994,1487346
Bahrain,2019,6.2273,1494195
Bahrain,2020,6.6469,1477478
Bahrain,2021,6.6469,1463266
Bahrain,2022,6.1732,1472237
Bahrain,2023,5.9591,1485521
Bangladesh,2011,4.807098,150211008
Bangladesh,2014,4.694,155961312
Bangladesh,2015,4.643,157830000
Bangladesh,2016,4.608,159784576
Bangladesh,2017,4.5004,161793968
Bangladesh,2018,4.4558,163683952
Bangladesh,2019,4.8328,165516224
Bangladesh,2020,5.0246,167420944
Bangladesh,2021,5.1555,169356240
Bangladesh,2022,4.2821,171186368
Bangladesh,2023,3.8859,172954320
Belarus,2011,5.566307,9706983
Belarus,2014,5.813,9693741
Belarus,2015,5.802,9700609
Belarus,2016,5.569,9708111
Belarus,2017,5.4833,9707874
Belarus,2018,5.3225,9695573
Belarus,2019,5.5399,9673971
Belarus,2020,5.5335,9633745
Belarus,2021,5.8215,9578172
Belgium,2011,7.113178,10955742
Belgium,2014,6.937,11176727
Belgium,2015,6.929,11248306
Belgium,2016,6.891,11316837
Belgium,2017,6.9269,11384491
Belgium,2018,6.923,11448598
Belgium,2019,6.8635,11510569
Belgium,2020,6.834,11561716
Belgium,2021,6.805,11611416
Belgium,2022,6.8591,11655923
Belgium,2023,6.8942,11686148
Belize,2011,6.450644,329546
Belize,2015,5.956,359884
Belize,2016,5.956,367327
Belize,2017,5.9556,374702
Benin,2011,3.492997,9726385
Benin,2014,3.34,10614845
Benin,2015,3.484,10932791
Benin,2016,3.657,11260091
Benin,2017,4.1414,11596786
Benin,2018,4.8832,11940688
Benin,2019,5.216,12290443
Benin,2020,5.0452,12643121
Benin,2021,4.6232,12996901
Benin,2022,4.3737,13352864
Benin,2023,4.3774,13712833
Bhutan,2014,5.253,736362
Bhutan,2015,5.196,743284
Bhutan,2016,5.011,749764
Bhutan,2017,5.0821,756130
Bhutan,2018,5.0821,762104
Bolivia,2011,5.633493,10396249
Bolivia,2014,5.89,10916991
Bolivia,2015,5.822,11090090
Bolivia,2016,5.823,11263016
Bolivia,2017,5.7519,11435535
Bolivia,2018,5.7793,11606906
Bolivia,2019,5.7475,11777318
Bolivia,2020,5.7159,11936169
Bolivia,2021,5.6003,12079474
Bolivia,2022,5.6843,12224114
Bolivia,2023,5.7843,12388575
Bosnia and Herzegovina,2011,4.857435,3743143
Bosnia and Herzegovina,2014,4.949,3571070
Bosnia and Herzegovina,2015,5.163,3524328
Bosnia and Herzegovina,2016,5.182,3480985
Bosnia and Herzegovina,2017,5.1294,3440025
Bosnia and Herzegovina,2018,5.3865,3400132
Bosnia and Herzegovina,2019,5.6741,3360718
Bosnia and Herzegovina,2020,5.8131,3318410
Bosnia and Herzegovina,2021,5.768,3270948
Bosnia and Herzegovina,2022,5.6325,3233530
Bosnia and Herzegovina,2023,5.877,3210855
Botswana,2011,4.580534,2134043
Botswana,2014,4.332,2260383
Botswana,2015,3.974,2305177
Botswana,2016,3.766,2352419
Botswana,2017,3.5898,2401848
Botswana,2018,3.4884,2451411
Botswana,2019,3.4789,2499705
Botswana,2020,3.4665,2546404
Botswana,2021,3.4711,2588424
Botswana,2022,3.4353,2630300
Botswana,2023,3.3834,2675356
Brazil,2011,6.697499,198185296
Brazil,2014,6.983,203459648
Brazil,2015,6.952,205188208
Brazil,2016,6.635,206859584
Brazil,2017,6.4189,208504960
Brazil,2018,6.2998,210166592
Brazil,2019,6.3756,211782880
Brazil,2020,6.3301,213196304
Brazil,2021,6.2928,214326224
Brazil,2022,6.1246,215313504
Brazil,2023,6.272,216422448
Bulgaria,2011,3.889474,7543128
Bulgaria,2014,4.218,7372142
Bulgaria,2015,4.217,7309255
Bulgaria,2016,4.714,7245982
Bulgaria,2017,4.9331,7182430
Bulgaria,2018,5.011,7117424
Bulgaria,2019,5.1015,7052536
Bulgaria,2020,5.2655,6979181
Bulgaria,2021,5.3709,6885864
Bulgaria,2022,5.4661,6781955
Bulgaria,2023,5.4627,6687716
Burkina Faso,2011,3.926028,16602652
Burkina Faso,2014,3.587,18169844
Burkina Faso,2015,3.739,18718022
Burkina Faso,2016,4.032,19275504
Burkina Faso,2017,4.4244,19835860
Burkina Faso,2018,4.5868,20392730
Burkina Faso,2019,4.7687,20951638
Burkina Faso,2020,4.8338,21522632
Burkina Faso,2021,4.6705,22100690
Burkina Faso,2022,4.6376,22673764
Burkina Faso,2023,4.548,23251490
Burundi,2011,3.67756,9455737
Burundi,2014,2.905,10494920
Burundi,2015,2.905,10727153
Burundi,2016,2.905,10903329
Burundi,2017,2.9045,11155592
Burundi,2018,3.7753,11493476
Burundi,2019,3.7753,11874838
Burundi,2020,3.7753,12220229
Cambodia,2011,4.100715,14573894
Cambodia,2014,3.819,15210817
Cambodia,2015,3.907,15417527
Cambodia,2016,4.168,15624586
Cambodia,2017,4.4326,15830694
Cambodia,2018,4.6998,16025242
Cambodia,2019,4.8484,16207746
Cambodia,2020,4.8304,16396864
Cambodia,2021,4.6403,16589031
Cambodia,2022,4.3935,16767851
Cambodia,2023,4.3407,16944830
Cameroon,2011,4.375735,20448880
Cameroon,2014,4.252,22299590
Cameroon,2015,4.513,23012650
Cameroon,2016,4.695,23711626
Cameroon,2017,4.9753,24393182
Cameroon,2018,5.0437,25076752
Cameroon,2019,5.0849,25782342
Cameroon,2020,5.1418,26491090
Cameroon,2021,5.0476,27198632
Cameroon,2022,4.9732,27914542
Cameroon,2023,4.8744,28647294
Canada,2011,7.499089,34323536
Canada,2014,7.427,35404616
Canada,2015,7.404,35732120
Canada,2016,7.316,36113532
Canada,2017,7.3285,36554344
Canada,2018,7.2781,37035260
Canada,2019,7.2321,37522584
Canada,2020,7.1033,37888704
Canada,2021,7.0251,38155012
Canada,2022,6.9607,38454328
Canada,2023,6.8996,38781288
Central African Republic,2011,3.567892,4732037
Central African Republic,2014,3.678,4798739
Central African Republic,2016,2.693,4904182
Central African Republic,2017,3.083,4996741
Central African Republic,2018,3.083,5094795
Central African Republic,2019,3.4759,5209329
Chad,2011,3.919401,12317729
Chad,2014,3.667,13697128
Chad,2015,3.763,14140277
Chad,2016,3.936,14592587
Chad,2017,4.3006,15085893
Chad,2018,4.3495,15604213
Chad,2019,4.4227,16126868
Chad,2020,4.3554,16644707
Chad,2021,4.2508,17179744
Chad,2022,4.3966,17723312
Chad,2023,4.4713,18278574
Chile,2011,6.12797,17173568
Chile,2014,6.67,17687108
Chile,2015,6.705,17870122
Chile,2016,6.652,18083880
Chile,2017,6.4762,18368582
Chile,2018,6.444,18701452
Chile,2019,6.2285,19039484
Chile,2020,6.1719,19300318
Chile,2021,6.1718,19493184
Chile,2022,6.3338,19603736
Chile,2023,6.3603,19629588
China,2011,4.679718,1357095424
China,2014,5.14,1385189632
China,2015,5.245,1393715456
China,2016,5.273,1401889664
China,2017,5.2458,1410275968
China,2018,5.1909,1417069440
China,2019,5.1239,1421864064
China,2020,5.3391,1424929792
China,2021,5.5853,1425893504
China,2022,5.8179,1425887360
China,2023,5.9727,1425671296
Colombia,2011,6.202322,45308896
Colombia,2014,6.477,46677944
Colombia,2015,6.481,47119728
Colombia,2016,6.357,47625960
Colombia,2017,6.2601,48351668
Colombia,2018,6.1248,49276968
Colombia,2019,6.1634,50187404
Colombia,2020,6.0124,50930656
Colombia,2021,5.7806,51516560
Colombia,2022,5.6304,51874028
Colombia,2023,5.6951,52085168
Comoros,2011,3.700023,670081
Comoros,2014,3.956,714617
Comoros,2015,3.956,730221
Comoros,2018,3.9728,776322
Comoros,2019,4.2886,790993
Comoros,2020,4.2886,806168
Comoros,2021,4.6086,821632
Comoros,2022,3.5452,836783
Comoros,2023,3.5663,852080
Congo,2011,3.819792,4584223
Congo,2014,3.989,4944865
Congo,2015,4.236,5064390
Congo,2016,4.291,5186830
Congo,2017,4.5587,5312347
Congo,2018,4.8115,5441061
Congo,2019,5.1944,5570736
Congo,2020,5.3417,5702183
Congo,2021,5.0752,5835814
Congo,2022,5.2671,5970430
Congo,2023,5.2215,6106869
Costa Rica,2011,7.251115,4679927
Costa Rica,2014,7.226,4844293
Costa Rica,2015,7.087,4895241
Costa Rica,2016,7.079,4945205
Costa Rica,2017,7.0717,4993849
Costa Rica,2018,7.1674,5040738
Costa Rica,2019,7.1214,5084527
Costa Rica,2020,7.0694,5123107
Costa Rica,2021,6.582,5153959
Costa Rica,2022,6.6085,5180836
Costa Rica,2023,6.9554,5212178
Cote d'Ivoire,2011,4.197182,21562916
Cote d'Ivoire,2014,3.655,22995554
Cote d'Ivoire,2015,3.916,23596738
Cote d'Ivoire,2016,4.18,24213620
Cote d'Ivoire,2017,4.6712,24848024
Cote d'Ivoire,2018,4.9438,25493990
Cote d'Ivoire,2019,5.2333,26147544
Cote d'Ivoire,2020,5.306,26811792
Cote d'Ivoire,2021,5.2346,27478250
Cote d'Ivoire,2022,5.0527,28160548
Cote d'Ivoire,2023,5.0801,28873040
Croatia,2011,5.622628,4351838
Croatia,2014,5.759,4283968
Croatia,2015,5.488,4254821
Croatia,2016,5.293,4223748
Croatia,2017,5.3212,4192468
Croatia,2018,5.4318,4160488
Croatia,2019,5.5047,4129749
Croatia,2020,5.8817,4096872
Croatia,2021,6.1252,4060139
Croatia,2022,6.125,4030361
Croatia,2023,5.9423,4008615
Cuba,2011,5.417868,11298713
Cyprus,2011,6.416459,1145090
Cyprus,2014,5.689,1176997
Cyprus,2015,5.546,1187286
Cyprus,2016,5.621,1197889
Cyprus,2017,5.7625,1208527
Cyprus,2018,6.0458,1218834
Cyprus,2019,6.159,1228840
Cyprus,2020,6.2235,1237540
Cyprus,2021,6.2209,1244193
Cyprus,2022,6.13,1251492
Cyprus,2023,6.0681,1260144
Czechia,2011,6.35963,10496379
Czechia,2014,6.505,10517178
Czechia,2015,6.596,10523801
Czechia,2016,6.609,10527584
Czechia,2017,6.7109,10531315
Czechia,2018,6.8521,10534598
Czechia,2019,6.9109,10536876
Czechia,2020,6.9647,10530951
Czechia,2021,6.9198,10510748
Czechia,2022,6.8452,10493990
Czechia,2023,6.8218,10495297
Democratic Republic of Congo,2011,3.983849,68654272
Democratic Republic of Congo,2014,4.517,76035592
Democratic Republic of Congo,2015,4.272,78656904
Democratic Republic of Congo,2016,4.28,81430976
Democratic Republic of Congo,2017,4.2449,84283272
Democratic Republic of Congo,2018,4.4181,87087352
Democratic Republic of Congo,2019,4.311,89906896
Democratic Republic of Congo,2022,3.2072,99010216
Democratic Republic of Congo,2023,3.2954,102262808
Denmark,2011,7.85574,5576016
Denmark,2014,7.527,5650654
Denmark,2015,7.526,5677795
Denmark,2016,7.522,5706856
Denmark,2017,7.5553,5737286
Denmark,2018,7.6001,5766689
Denmark,2019,7.6456,5795879
Denmark,2020,7.6195,5825638
Denmark,2021,7.6362,5854246
Denmark,2022,7.5864,5882259
Denmark,2023,7.5827,5910911
Djibouti,2011,4.956731,936819
Djibouti,2014,4.369,989091
Dominican Republic,2011,5.036006,9903743
Dominican Republic,2014,4.885,10282116
Dominican Republic,2015,5.155,10405832
Dominican Republic,2016,5.23,10527589
Dominican Republic,2017,5.3018,10647247
Dominican Republic,2018,5.4253,10765532
Dominican Republic,2019,5.6892,10881886
Dominican Republic,2020,5.5451,10999668
Dominican Republic,2021,5.7372,11117873
Dominican Republic,2022,5.5689,11228821
Dominican Republic,2023,5.8228,11332970
Ecuador,2011,5.424841,15237734
Ecuador,2014,5.975,15957995
Ecuador,2015,5.976,16195904
Ecuador,2016,6.008,16439588
Ecuador,2017,5.9732,16696947
Ecuador,2018,6.0276,17015672
Ecuador,2019,5.9252,17343742
Ecuador,2020,5.764,17588596
Ecuador,2021,5.5333,17797736
Ecuador,2022,5.5589,18001002
Ecuador,2023,5.7245,18190492
Egypt,2011,4.8534,89200056
Egypt,2014,4.194,95592328
Egypt,2015,4.362,97723792
Egypt,2016,4.735,99784032
Egypt,2017,4.4192,101789384
Egypt,2018,4.1655,103740768
Egypt,2019,4.1514,105618672
Egypt,2020,4.2827,107465128
Egypt,2021,4.2877,109262184
Egypt,2022,4.1705,110990096
Egypt,2023,3.9766,112716600
El Salvador,2011,5.955841,6137354
El Salvador,2014,6.13,6209528
El Salvador,2015,6.068,6231072
El Salvador,2016,6.003,6250513
El Salvador,2017,6.1668,6266661
El Salvador,2018,6.2531,6276340
El Salvador,2019,6.3483,6280222
El Salvador,2020,6.0605,6292734
El Salvador,2021,6.12,6314165
El Salvador,2022,6.1216,6336393
El Salvador,2023,6.4687,6364946
Estonia,2011,5.329978,1327435
Estonia,2014,5.429,1314531
Estonia,2015,5.517,1314658
Estonia,2016,5.611,1315928
Estonia,2017,5.7392,1317550
Estonia,2018,5.8935,1322146
Estonia,2019,6.0218,1327039
Estonia,2020,6.1888,1329449
Estonia,2021,6.3408,1328704
Estonia,2022,6.4552,1326064
Estonia,2023,6.4477,1322764
Eswatini,2014,4.867,1125872
Eswatini,2018,4.2116,1160430
Eswatini,2019,4.3081,1169620
Eswatini,2020,4.3081,1180663
Eswatini,2021,4.3961,1192273
Eswatini,2023,3.502,1210829
Ethiopia,2011,4.064207,91817936
Ethiopia,2014,4.512,99746768
Ethiopia,2015,4.508,102471896
Ethiopia,2016,4.46,105293232
Ethiopia,2017,4.3502,108197944
Ethiopia,2018,4.2858,111129440
Ethiopia,2019,4.1862,114120592
Ethiopia,2020,4.2747,117190920
Ethiopia,2021,4.2415,120283024
Ethiopia,2022,4.0906,123379928
Ethiopia,2023,3.8609,126527064
Europe,2011,6.1283507,738238830
Europe,2014,6.1012,741686707
Europe,2015,6.1376896,742787702
Europe,2016,6.1653714,744005683
Europe,2017,6.179738,745142998
Europe,2018,6.2405405,746058499
Europe,2019,6.301604,746894309
Europe,2020,6.336716,746934785
Europe,2021,6.3388677,745886502
Europe,2022,6.3572164,734738207
Europe,2023,6.3437443,733498487
Finland,2011,7.579009,5388173
Finland,2014,7.406,5461436
Finland,2015,7.413,5479457
Finland,2016,7.469,5495217
Finland,2017,7.6321,5508146
Finland,2018,7.7689,5515465
Finland,2019,7.8087,5521539
Finland,2020,7.8421,5529468
Finland,2021,7.821,5535982
Finland,2022,7.8042,5540745
Finland,2023,7.7407,5545476
France,2011,6.746459,62775272
France,2014,6.575,63588496
France,2015,6.478,63809768
France,2016,6.442,63989320
France,2017,6.4893,64144092
France,2018,6.5921,64277812
France,2019,6.6638,64399760
France,2020,6.6899,64480052
France,2021,6.6867,64531448
France,2022,6.6613,64626624
France,2023,6.609,64756584
Gabon,2014,3.896,1966858
Gabon,2015,4.121,2028524
Gabon,2016,4.465,2086210
Gabon,2017,4.7583,2140225
Gabon,2018,4.7992,2192013
Gabon,2019,4.8293,2242788
Gabon,2020,4.8518,2292583
Gabon,2021,4.9583,2341185
Gabon,2022,5.0347,2388997
Gabon,2023,5.1063,2436570
Gambia,2018,4.5163,2444916
Gambia,2019,4.7506,2508882
Gambia,2020,5.051,2574005
Gambia,2021,5.1636,2639922
Gambia,2022,4.2794,2705995
Gambia,2023,4.4849,2773172
Georgia,2011,3.892324,3821667
Georgia,2014,4.297,3774232
Georgia,2015,4.252,3771135
Georgia,2016,4.286,3771112
Georgia,2017,4.3405,3771904
Georgia,2018,4.5191,3772323
Georgia,2019,4.6726,3770814
Georgia,2020,4.8914,3765912
Georgia,2021,4.9732,3757984
Georgia,2022,5.1091,3744385
Georgia,2023,5.1847,3728278
Germany,2011,6.572111,81423384
Germany,2014,6.75,81858824
Germany,2015,6.994,82073232
Germany,2016,6.951,82331432
Germany,2017,6.9647,82624368
Germany,2018,6.985,82896696
Germany,2019,7.0758,83148144
Germany,2020,7.1545,83328992
Germany,2021,7.0341,83408560
Germany,2022,6.8918,83369840
Germany,2023,6.7185,83294632
Ghana,2011,4.704951,26205940
Ghana,2014,4.633,28196356
Ghana,2015,4.276,28870946
Ghana,2016,4.12,29554298
Ghana,2017,4.657,30222266
Ghana,2018,4.9963,30870648
Ghana,2019,5.148,31522294
Ghana,2020,5.0884,32180402
Ghana,2021,4.872,32833036
Ghana,2022,4.605,33475870
Ghana,2023,4.2894,34121992
Greece,2011,6.132965,11004730
Greece,2014,4.857,10862972
Greece,2015,5.033,10806644
Greece,2016,5.227,10749742
Greece,2017,5.3579,10692230
Greece,2018,5.2867,10633275
Greece,2019,5.515,10574026
Greece,2020,5.7226,10512232
Greece,2021,5.9482,10445368
Greece,2022,5.9309,10384972
Greece,2023,5.9336,10341276
Guatemala,2011,6.276682,14833458
Guatemala,2014,6.123,15713744
Guatemala,2015,6.324,16001105
Guatemala,2016,6.454,16291004
Guatemala,2017,6.3819,16578718
Guatemala,2018,6.4362,16850176
Guatemala,2019,6.3989,17106338
Guatemala,2020,6.4345,17362716
Guatemala,2021,6.2622,17608484
Guatemala,2022,6.1503,17843914
Guatemala,2023,6.287,18092024
Guinea,2011,4.170938,10527711
Guinea,2014,3.656,11333362
Guinea,2015,3.607,11626003
Guinea,2016,3.507,11930991
Guinea,2017,3.9641,12240791
Guinea,2018,4.5344,12554871
Guinea,2019,4.9493,12877537
Guinea,2020,4.9843,13205157
Guinea,2021,4.8905,13531909
Guinea,2022,5.0717,13859349
Guinea,2023,5.0233,14190610
Guyana,2011,5.992826,744235
Haiti,2011,3.788652,9954318
Haiti,2014,4.518,10412741
Haiti,2015,4.028,10563762
Haiti,2016,3.603,10713845
Haiti,2017,3.582,10863546
Haiti,2018,3.5969,11012427
Haiti,2019,3.7208,11160441
Haiti,2020,3.6149,11306804
High-income countries,2011,6.681568,1179861057
High-income countries,2014,6.59463,1199675183
High-income countries,2015,6.595337,1205527754
High-income countries,2016,6.568685,1208383743
High-income countries,2017,6.565491,1214678963
High-income countries,2018,6.6075864,1220771168
High-income countries,2019,6.652634,1223734715
High-income countries,2020,6.674525,1225543164
High-income countries,2021,6.685782,1227052516
High-income countries,2022,6.6512623,1227618542
High-income countries,2023,6.5821767,1236525766
Honduras,2011,5.564011,8622510
Honduras,2014,4.788,9127851
Honduras,2015,4.871,9294510
Honduras,2016,5.181,9460798
Honduras,2017,5.504,9626845
Honduras,2018,5.8604,9792854
Honduras,2019,5.9532,9958832
Honduras,2020,5.9192,10121762
Honduras,2021,6.0221,10278346
Honduras,2022,6.0225,10432858
Honduras,2023,5.9684,10593798
Hong Kong,2011,5.423889,7175370
Hong Kong,2014,5.474,7352180
Hong Kong,2015,5.458,7399845
Hong Kong,2016,5.472,7435925
Hong Kong,2017,5.4304,7461508
Hong Kong,2018,5.4304,7481563
Hong Kong,2019,5.5104,7496121
Hong Kong,2020,5.4767,7500955
Hong Kong,2021,5.4248,7494580
Hong Kong,2022,5.3085,7488863
Hong Kong,2023,5.3164,7491602
Hungary,2011,4.942787,9953247
Hungary,2014,4.8,9867906
Hungary,2015,5.145,9844250
Hungary,2016,5.324,9815106
Hungary,2017,5.62,9788940
Hungary,2018,5.7583,9776361
Hungary,2019,6.0004,9771799
Hungary,2020,5.9916,9750571
Hungary,2021,6.0859,9709784
Hungary,2022,6.0412,9967304
Hungary,2023,6.0169,10156241
Iceland,2011,6.888284,319308
Iceland,2014,7.561,327650
Iceland,2015,7.501,331068
Iceland,2016,7.504,335677
Iceland,2017,7.4952,343641
Iceland,2018,7.4936,352951
Iceland,2019,7.5045,360787
Iceland,2020,7.5539,366682
Iceland,2021,7.5575,370338
Iceland,2022,7.5296,372903
Iceland,2023,7.5251,375322
India,2011,4.974501,1257621248
India,2014,4.565,1307246464
India,2015,4.404,1322866560
India,2016,4.315,1338636288
India,2017,4.1898,1354195712
India,2018,4.0152,1369003264
India,2019,3.5733,1383112064
India,2020,3.8189,1396387072
India,2021,3.7771,1407563904
India,2022,4.0358,1417173120
India,2023,4.0541,1428627712
Indonesia,2011,5.158751,247099696
Indonesia,2014,5.399,256229760
Indonesia,2015,5.314,259091968
Indonesia,2016,5.262,261850176
Indonesia,2017,5.0926,264498848
Indonesia,2018,5.1924,267066848
Indonesia,2019,5.2856,269582880
Indonesia,2020,5.3445,271857984
Indonesia,2021,5.2396,273753184
Indonesia,2022,5.2769,275501344
Indonesia,2023,5.5683,277534112
Iran,2011,5.149403,76342968
Iran,2014,4.686,79961672
Iran,2015,4.813,81790848
Iran,2016,4.692,83306232
Iran,2017,4.7066,84505080
Iran,2018,4.548,85617560
Iran,2019,4.6724,86564208
Iran,2020,4.7212,87290192
Iran,2021,4.8879,87923432
Iran,2022,4.8763,88550568
Iran,2023,4.9228,89172768
Iraq,2011,4.881612,32378066
Iraq,2014,4.677,36746484
Iraq,2015,4.575,37757812
Iraq,2016,4.497,38697940
Iraq,2017,4.4556,39621156
Iraq,2018,4.4372,40590700
Iraq,2019,4.7848,41563524
Iraq,2020,4.8541,42556988
Iraq,2021,4.9409,43533592
Iraq,2022,4.9409,44496124
Iraq,2023,5.166,45504564
Ireland,2011,7.284488,4544504
Ireland,2014,6.94,4622165
Ireland,2015,6.907,4665764
Ireland,2016,6.977,4715791
Ireland,2017,6.9771,4771860
Ireland,2018,7.0211,4834506
Ireland,2019,7.0937,4896021
Ireland,2020,7.0853,4946123
Ireland,2021,7.0408,4986525
Ireland,2022,6.9108,5023108
Ireland,2023,6.838,5056931
Israel,2011,7.198713,7459750
Israel,2014,7.278,7863849
Israel,2015,7.267,8007777
Israel,2016,7.213,8159015
Israel,2017,7.19,8309256
Israel,2018,7.1387,8456487
Israel,2019,7.1286,8607922
Israel,2020,7.1571,8757487
Israel,2021,7.3638,8900057
Israel,2022,7.4729,9038313
Israel,2023,7.3411,9174520
Italy,2011,6.578179,60025952
Italy,2014,5.948,60322792
Italy,2015,5.977,60232908
Italy,2016,5.964,60118628
Italy,2017,6.0004,60004024
Italy,2018,6.2234,59877432
Italy,2019,6.3874,59727936
Italy,2020,6.4831,59500576
Italy,2021,6.4667,59240336
Italy,2022,6.4045,59037472
Italy,2023,6.3235,58870764
Jamaica,2011,6.207882,2746169
Jamaica,2014,5.709,2784542
Jamaica,2015,5.51,2794455
Jamaica,2016,5.311,2802699
Jamaica,2017,5.8898,2808388
Jamaica,2018,5.8898,2811842
Jamaica,2019,5.8898,2813776
Jamaica,2020,6.3092,2820438
Jamaica,2021,5.8496,2827701
Jamaica,2022,5.7027,2827382
Jamaica,2023,5.8417,2825552
Japan,2011,6.059098,128007256
Japan,2014,5.987,127476728
Japan,2015,5.921,127250936
Japan,2016,5.92,126993856
Japan,2017,5.915,126662464
Japan,2018,5.8861,126255872
Japan,2019,5.8708,125791680
Japan,2020,5.9405,125244760
Japan,2021,6.0389,124612528
Japan,2022,6.129,123951696
Japan,2023,6.0598,123294512
Jordan,2011,5.706185,7109980
Jordan,2014,5.192,8658030
Jordan,2015,5.303,9494250
Jordan,2016,5.336,9964659
Jordan,2017,5.1607,10215384
Jordan,2018,4.9057,10459864
Jordan,2019,4.6334,10698682
Jordan,2020,4.3946,10928723
Jordan,2021,4.1521,11148288
Jordan,2022,4.1198,11285875
Jordan,2023,4.1858,11337058
Kazakhstan,2011,5.594488,16864920
Kazakhstan,2014,5.855,17592296
Kazakhstan,2015,5.919,17835908
Kazakhstan,2016,5.819,18078558
Kazakhstan,2017,5.7901,18314822
Kazakhstan,2018,5.8088,18538100
Kazakhstan,2019,6.0579,18754260
Kazakhstan,2020,6.1518,18979250
Kazakhstan,2021,6.2341,19196468
Kazakhstan,2022,6.1439,19397998
Kazakhstan,2023,6.1875,19606640
Kenya,2011,4.180273,42635148
Kenya,2014,4.419,45831860
Kenya,2015,4.356,46851496
Kenya,2016,4.553,47894668
Kenya,2017,4.4097,48948140
Kenya,2018,4.5086,49953300
Kenya,2019,4.583,50951452
Kenya,2020,4.6066,51985780
Kenya,2021,4.543,53005616
Kenya,2022,4.4866,54027484
Kenya,2023,4.4696,55100588
Kosovo,2011,5.420175,1799340
Kosovo,2014,5.589,1777812
Kosovo,2015,5.401,1759122
Kosovo,2016,5.279,1750724
Kosovo,2017,5.6621,1731670
Kosovo,2018,6.1,1709966
Kosovo,2019,6.3252,1686856
Kosovo,2020,6.372,1670702
Kosovo,2021,6.4551,1662022
Kosovo,2022,6.3676,1659721
Kosovo,2023,6.561,1663599
Kuwait,2011,6.574075,3143827
Kuwait,2014,6.295,3761590
Kuwait,2015,6.239,3908745
Kuwait,2016,6.105,4048090
Kuwait,2017,6.0834,4124904
Kuwait,2018,6.0207,4317190
Kuwait,2019,6.1021,4441105
Kuwait,2020,6.1061,4360451
Kuwait,2021,6.1061,4250111
Kuwait,2023,6.9514,4310107
Kyrgyzstan,2011,4.828298,5552339
Kyrgyzstan,2014,5.286,5814426
Kyrgyzstan,2015,5.185,5914985
Kyrgyzstan,2016,5.004,6018303
Kyrgyzstan,2017,5.1308,6121266
Kyrgyzstan,2018,5.2607,6223503
Kyrgyzstan,2019,5.5415,6323643
Kyrgyzstan,2020,5.7436,6424880
Kyrgyzstan,2021,5.8285,6527742
Kyrgyzstan,2022,5.8253,6630621
Kyrgyzstan,2023,5.7135,6735353
Laos,2011,5.161074,6416331
Laos,2014,4.876,6691467
Laos,2015,4.876,6787420
Laos,2017,4.6231,6997925
Laos,2018,4.7963,7105008
Laos,2019,4.8886,7212058
Laos,2020,5.03,7319397
Laos,2021,5.1403,7425055
Laos,2022,5.1107,7529477
Laos,2023,5.1389,7633784
Latvia,2011,4.76201,2076974
Latvia,2014,5.098,2011040
Latvia,2015,5.56,1991951
Latvia,2016,5.85,1973477
Latvia,2017,5.9331,1954861
Latvia,2018,5.9397,1935632
Latvia,2019,5.95,1916552
Latvia,2020,6.032,1897057
Latvia,2021,6.1804,1873926
Latvia,2022,6.2127,1850654
Latvia,2023,6.2345,1830214
Lebanon,2011,5.049216,5045061
Lebanon,2014,4.839,6274345
Lebanon,2015,5.129,6398941
Lebanon,2016,5.225,6258628
Lebanon,2017,5.1989,6109255
Lebanon,2018,5.1973,5950842
Lebanon,2019,4.7715,5781912
Lebanon,2020,4.5838,5662924
Lebanon,2021,2.9553,5592626
Lebanon,2022,2.3922,5489744
Lebanon,2023,2.7065,5353930
Lesotho,2014,4.898,2095251
Lesotho,2016,3.808,2143876
Lesotho,2017,3.8082,2170622
Lesotho,2018,3.8019,2198030
Lesotho,2019,3.6528,2225710
Lesotho,2020,3.5118,2254104
Lesotho,2021,3.5118,2281464
Lesotho,2023,3.1862,2330324
Liberia,2011,4.039651,4181148
Liberia,2014,4.571,4519410
Liberia,2015,3.622,4612330
Liberia,2016,3.533,4706106
Liberia,2017,3.4954,4796632
Liberia,2018,3.9753,4889396
Liberia,2019,4.5579,4985290
Liberia,2020,4.6252,5087591
Liberia,2021,5.1215,5193422
Liberia,2022,4.0423,5302690
Liberia,2023,4.2686,5418378
Libya,2011,5.177599,6188135
Libya,2014,5.754,6097767
Libya,2015,5.615,6192241
Libya,2016,5.525,6282202
Libya,2017,5.5657,6378267
Libya,2018,5.5253,6477791
Libya,2019,5.4888,6569085
Libya,2020,5.4103,6653946
Libya,2021,5.3302,6735280
Libya,2023,5.8663,6888394
Lithuania,2011,5.588069,3099800
Lithuania,2014,5.833,2994928
Lithuania,2015,5.813,2963764
Lithuania,2016,5.902,2933676
Lithuania,2017,5.9519,2904452
Lithuania,2018,6.149,2876128
Lithuania,2019,6.2155,2849083
Lithuania,2020,6.2554,2820269
Lithuania,2021,6.4456,2786652
Lithuania,2022,6.763,2750058
Lithuania,2023,6.8175,2718352
Low-income countries,2011,4.1816053,471447901
Low-income countries,2014,4.1220455,510797972
Low-income countries,2015,4.0098686,517870421
Low-income countries,2016,4.0824404,564776935
Low-income countries,2017,4.062366,580772632
Low-income countries,2018,4.081159,557858370
Low-income countries,2019,4.0961123,538219134
Low-income countries,2020,4.168991,445062063
Low-income countries,2021,4.2000985,444899228
Low-income countries,2022,3.8439217,508416824
Low-income countries,2023,3.8080618,557279794
Lower-middle-income countries,2011,4.908677,2710909823
Lower-middle-income countries,2014,4.6976223,2846531575
Lower-middle-income countries,2015,4.605488,2886096943
Lower-middle-income countries,2016,4.592434,2923977128
Lower-middle-income countries,2017,4.546617,2974022345
Lower-middle-income countries,2018,4.5023932,2987178709
Lower-middle-income countries,2019,4.324793,3027010946
Lower-middle-income countries,2020,4.406074,3067340586
Lower-middle-income countries,2021,4.3552337,3094305642
Lower-middle-income countries,2022,4.443347,3123764382
Lower-middle-income countries,2023,4.440429,3163209740
Luxembourg,2011,7.050853,518207
Luxembourg,2014,6.946,556075
Luxembourg,2015,6.871,569415
Luxembourg,2016,6.863,583355
Luxembourg,2017,6.9099,596290
Luxembourg,2018,7.0903,607920
Luxembourg,2019,7.2375,619981
Luxembourg,2020,7.3244,630401
Luxembourg,2021,7.404,639330
Luxembourg,2022,7.2279,647601
Luxembourg,2023,7.1219,654771
Madagascar,2011,4.309328,22348158
Madagascar,2014,3.681,24215980
Madagascar,2015,3.695,24850912
Madagascar,2016,3.644,25501944
Madagascar,2017,3.7736,26169540
Madagascar,2018,3.9327,26846544
Madagascar,2019,4.1656,27533134
Madagascar,2020,4.2085,28225182
Madagascar,2021,4.3391,28915652
Madagascar,2022,4.0191,29611718
Madagascar,2023,4.2279,30325736
Malawi,2011,4.623671,15146095
Malawi,2014,4.292,16477972
Malawi,2015,4.156,16938944
Malawi,2016,3.97,17405624
Malawi,2017,3.5868,17881172
Malawi,2018,3.4098,18367886
Malawi,2019,3.538,18867340
Malawi,2020,3.6,19377058
Malawi,2021,3.7504,19889742
Malawi,2022,3.4952,20405318
Malawi,2023,3.421,20931750
Malaysia,2011,5.823207,29184140
Malaysia,2014,5.77,30606454
Malaysia,2015,6.005,31068834
Malaysia,2016,6.084,31526414
Malaysia,2017,6.3221,31975812
Malaysia,2018,5.3388,32399270
Malaysia,2019,5.3843,32804024
Malaysia,2020,5.3843,33199988
Malaysia,2021,5.7113,33573872
Malaysia,2022,6.0123,33938216
Malaysia,2023,5.9752,34308528
Maldives,2019,5.1976,504518
Maldives,2020,5.1976,514451
Mali,2011,3.966874,16039734
Mali,2014,3.995,17551824
Mali,2015,4.073,18112910
Mali,2016,4.19,18700108
Mali,2017,4.447,19311356
Mali,2018,4.3904,19934304
Mali,2019,4.7293,20567430
Mali,2020,4.7235,21224042
Mali,2021,4.479,21904990
Mali,2022,4.1978,22593598
Mali,2023,4.232,23293710
Malta,2011,5.959978,423577
Malta,2014,6.302,446449
Malta,2015,6.488,456585
Malta,2016,6.527,467717
Malta,2017,6.6266,479507
Malta,2018,6.7256,491590
Malta,2019,6.7728,503646
Malta,2020,6.602,515364
Malta,2021,6.4469,526751
Malta,2022,6.2999,533293
Malta,2023,6.3458,535074
Mauritania,2011,4.64289,3524250
Mauritania,2014,4.436,3843181
Mauritania,2015,4.201,3946225
Mauritania,2016,4.292,4051896
Mauritania,2017,4.3555,4160018
Mauritania,2018,4.4903,4270717
Mauritania,2019,4.3746,4383853
Mauritania,2020,4.2274,4498605
Mauritania,2021,4.1526,4614981
Mauritania,2022,4.7239,4736146
Mauritania,2023,4.5051,4862989
Mauritius,2011,5.477073,1286239
Mauritius,2014,5.477,1292112
Mauritius,2015,5.648,1293159
Mauritius,2016,5.629,1293909
Mauritius,2017,5.8915,1294743
Mauritius,2018,5.8882,1295386
Mauritius,2019,6.1013,1296284
Mauritius,2020,6.049,1297830
Mauritius,2021,6.0711,1298922
Mauritius,2022,5.9023,1299478
Mauritius,2023,5.8164,1300563
Mexico,2011,6.740288,114150480
Mexico,2014,7.187,118755888
Mexico,2015,6.778,120149896
Mexico,2016,6.578,121519224
Mexico,2017,6.4882,122839256
Mexico,2018,6.5945,124013864
Mexico,2019,6.465,125085312
Mexico,2020,6.3168,125998296
Mexico,2021,6.1276,126705136
Mexico,2022,6.3295,127504120
Mexico,2023,6.678,128455560
Moldova,2011,5.3054,3595135
Moldova,2014,5.889,3338338
Moldova,2015,5.897,3277390
Moldova,2016,5.838,3225125
Moldova,2017,5.6397,3180515
Moldova,2018,5.5285,3141839
Moldova,2019,5.6075,3109496
Moldova,2020,5.7664,3084848
Moldova,2021,5.8568,3061509
Moldova,2022,5.8192,3272993
Moldova,2023,5.8159,3435935
Mongolia,2011,4.562082,2743946
Mongolia,2014,4.874,2902826
Mongolia,2015,4.907,2964756
Mongolia,2016,4.955,3029559
Mongolia,2017,5.1246,3096033
Mongolia,2018,5.2854,3163994
Mongolia,2019,5.4562,3232435
Mongolia,2020,5.6772,3294340
Mongolia,2021,5.7607,3347782
Mongolia,2022,5.8402,3398373
Mongolia,2023,5.6962,3447157
Montenegro,2011,5.146845,631801
Montenegro,2014,5.192,634301
Montenegro,2015,5.161,633969
Montenegro,2016,5.237,633264
Montenegro,2017,5.3475,632445
Montenegro,2018,5.5229,631459
Montenegro,2019,5.5461,630403
Montenegro,2020,5.5805,629058
Montenegro,2021,5.5468,627856
Montenegro,2022,5.7222,627082
Montenegro,2023,5.707,626486
Morocco,2011,4.793151,32903708
Morocco,2014,5.013,34248608
Morocco,2015,5.151,34680456
Morocco,2016,5.235,35107272
Morocco,2017,5.2537,35528116
Morocco,2018,5.2081,35927516
Morocco,2019,5.0948,36304408
Morocco,2020,4.918,36688768
Morocco,2021,5.0599,37076588
Morocco,2022,4.9028,37457976
Morocco,2023,4.7947,37840052
Mozambique,2011,4.692764,23760424
Mozambique,2014,4.971,26038704
Mozambique,2016,4.55,27696500
Mozambique,2017,4.4166,28569448
Mozambique,2018,4.4662,29423882
Mozambique,2019,4.6236,30285602
Mozambique,2020,4.7945,31178242
Mozambique,2021,5.0483,32077074
Mozambique,2022,4.954,32969520
Mozambique,2023,5.2164,33897356
Myanmar,2011,5.321977,49794528
Myanmar,2014,4.307,51072436
Myanmar,2015,4.395,51483956
Myanmar,2016,4.545,51892352
Myanmar,2017,4.3078,52288344
Myanmar,2018,4.3604,52666016
Myanmar,2019,4.308,53040212
Myanmar,2020,4.4258,53423200
Myanmar,2021,4.3942,53798088
Myanmar,2022,4.3725,54179312
Myanmar,2023,4.3545,54578000
Namibia,2011,4.885587,2132343
Namibia,2015,4.574,2282709
Namibia,2016,4.574,2323351
Namibia,2017,4.4413,2364540
Namibia,2018,4.6392,2405682
Namibia,2019,4.5711,2446648
Namibia,2020,4.5741,2489099
Namibia,2021,4.4594,2530150
Namibia,2022,4.6308,2567024
Namibia,2023,4.8317,2604182
Nepal,2011,4.474119,27266398
Nepal,2014,4.514,27462110
Nepal,2015,4.793,27610328
Nepal,2016,4.962,27861186
Nepal,2017,4.8804,28183424
Nepal,2018,4.9127,28506718
Nepal,2019,5.1372,28832500
Nepal,2020,5.2689,29348626
Nepal,2021,5.3765,30034988
Nepal,2022,5.3603,30547586
Nepal,2023,5.1584,30896592
Netherlands,2011,7.512336,16701470
Netherlands,2014,7.378,16954080
Netherlands,2015,7.339,17041110
Netherlands,2016,7.377,17124512
Netherlands,2017,7.4413,17207204
Netherlands,2018,7.4876,17286042
Netherlands,2019,7.4489,17363260
Netherlands,2020,7.464,17434562
Netherlands,2021,7.4149,17501696
Netherlands,2022,7.403,17564020
Netherlands,2023,7.3194,17618296
New Zealand,2011,7.372486,4381274
New Zealand,2014,7.286,4514198
New Zealand,2015,7.334,4590591
New Zealand,2016,7.314,4668088
New Zealand,2017,7.3238,4746253
New Zealand,2018,7.3075,4838528
New Zealand,2019,7.2996,4959033
New Zealand,2020,7.2766,5061130
New Zealand,2021,7.1998,5129730
New Zealand,2022,7.1229,5185289
New Zealand,2023,7.0292,5228101
Nicaragua,2011,5.114866,5942554
Nicaragua,2014,5.828,6208680
Nicaragua,2015,5.992,6298610
Nicaragua,2016,6.071,6389237
Nicaragua,2017,6.141,6480534
Nicaragua,2018,6.105,6572234
Nicaragua,2019,6.1371,6663919
Nicaragua,2020,5.9721,6755900
Nicaragua,2021,6.1646,6850546
Nicaragua,2022,6.2588,6948395
Nicaragua,2023,6.2839,7046312
Niger,2011,4.121817,17283118
Niger,2014,3.845,19372012
Niger,2015,3.856,20128132
Niger,2016,4.028,20921748
Niger,2017,4.1655,21737924
Niger,2018,4.6275,22577060
Niger,2019,4.9096,23443400
Niger,2020,5.0741,24333644
Niger,2021,5.0035,25252722
Niger,2022,4.5013,26207982
Niger,2023,4.5563,27202844
Nigeria,2011,4.855947,165463744
Nigeria,2014,5.268,179379024
Nigeria,2015,4.875,183995776
Nigeria,2016,5.074,188666928
Nigeria,2017,5.1554,193495904
Nigeria,2018,5.2646,198387616
Nigeria,2019,4.7241,203304496
Nigeria,2020,4.7593,208327408
Nigeria,2021,4.552,213401328
Nigeria,2022,4.9806,218541216
Nigeria,2023,4.8808,223804640
North America,2011,6.9231167,545599231
North America,2014,6.957717,547117409
North America,2015,6.8593993,556248880
North America,2016,6.742665,558086853
North America,2017,6.670238,563400009
North America,2018,6.7046747,567981264
North America,2019,6.709247,572630015
North America,2020,6.6669545,574906536
North America,2021,6.6924686,566360118
North America,2022,6.676801,569455485
North America,2023,6.667126,573169289
North Macedonia,2011,4.369255,2097110
North Macedonia,2014,5.007,2105293
North Macedonia,2015,5.121,2107965
North Macedonia,2016,5.175,2110194
North Macedonia,2017,5.1848,2111982
North Macedonia,2018,5.2736,2113497
North Macedonia,2019,5.1598,2114175
North Macedonia,2020,5.1012,2111078
North Macedonia,2021,5.199,2103329
North Macedonia,2022,5.2536,2093606
North Macedonia,2023,5.3691,2085682
Northern Cyprus,2014,5.695,
Northern Cyprus,2015,5.771,
Northern Cyprus,2016,5.81,
Northern Cyprus,2017,5.8348,
Northern Cyprus,2018,5.7177,
Northern Cyprus,2019,5.5355,
Northern Cyprus,2020,5.5355,
Northern Cyprus,2021,5.4666,
Norway,2011,7.524001,4953565
Norway,2014,7.522,5137926
Norway,2015,7.498,5190357
Norway,2016,7.537,5236591
Norway,2017,7.5937,5277396
Norway,2018,7.5539,5312321
Norway,2019,7.488,5348285
Norway,2020,7.3925,5379836
Norway,2021,7.3651,5403021
Norway,2022,7.3155,5434324
Norway,2023,7.3017,5474363
Oceania,2011,7.34919,26738306
Oceania,2014,7.2843227,27983776
Oceania,2015,7.3163934,28410831
Oceania,2016,7.2888517,28863794
Oceania,2017,7.280464,29336589
Oceania,2018,7.2409005,29817756
Oceania,2019,7.2353625,30316201
Oceania,2020,7.1988325,30731182
Oceania,2021,7.1683283,31050824
Oceania,2022,7.099279,31362699
Oceania,2023,7.0523267,31667215
Oman,2014,6.853,4009272
Pakistan,2011,5.1487,198602736
Pakistan,2014,5.194,208251632
Pakistan,2015,5.132,210969296
Pakistan,2016,5.269,213524848
Pakistan,2017,5.4725,216379648
Pakistan,2018,5.653,219731488
Pakistan,2019,5.6933,223293280
Pakistan,2020,4.934,227196736
Pakistan,2021,4.5158,231402112
Pakistan,2022,4.5554,235824864
Pakistan,2023,4.6567,240485664
Palestine,2011,4.55501,4087747
Palestine,2014,4.715,4380473
Palestine,2015,4.754,4484615
Palestine,2016,4.775,4593855
Palestine,2017,4.7433,4700954
Palestine,2018,4.6963,4805549
Palestine,2019,4.5528,4909775
Palestine,2020,4.5167,5019407
Palestine,2021,4.4825,5133393
Palestine,2022,4.9078,5250076
Palestine,2023,4.8795,5371231
Panama,2011,6.862561,3688679
Panama,2014,6.786,3888795
Panama,2015,6.701,3957102
Panama,2016,6.452,4026338
Panama,2017,6.43,4096071
Panama,2018,6.3213,4165258
Panama,2019,6.3048,4232538
Panama,2020,6.1796,4294391
Panama,2021,6.3091,4351264
Panama,2022,6.2645,4408582
Panama,2023,6.3582,4468085
Paraguay,2011,5.398257,5843938
Paraguay,2014,5.878,6090727
Paraguay,2015,5.538,6177954
Paraguay,2016,5.493,6266623
Paraguay,2017,5.6806,6355406
Paraguay,2018,5.7427,6443337
Paraguay,2019,5.6921,6530029
Paraguay,2020,5.6526,6618700
Paraguay,2021,5.5783,6703802
Paraguay,2022,5.7378,6780745
Paraguay,2023,5.9765,6861527
Peru,2011,5.25838,29477722
Peru,2014,5.824,30353956
Peru,2015,5.743,30711864
Peru,2016,5.715,31132776
Peru,2017,5.6632,31605488
Peru,2018,5.6971,32203946
Peru,2019,5.7968,32824864
Peru,2020,5.8396,33304768
Peru,2021,5.5591,33715464
Peru,2022,5.5259,34049588
Peru,2023,5.8409,34352720
Philippines,2011,4.825137,96337912
Philippines,2014,5.073,101325208
Philippines,2015,5.279,103031360
Philippines,2016,5.43,104875272
Philippines,2017,5.5241,106738496
Philippines,2018,5.6314,108568832
Philippines,2019,6.006,110380800
Philippines,2020,5.8802,112190984
Philippines,2021,5.9036,113880336
Philippines,2022,5.5229,115559008
Philippines,2023,6.0476,117337368
Poland,2011,5.803043,38620848
Poland,2014,5.791,38581880
Poland,2015,5.835,38553148
Poland,2016,5.973,38532108
Poland,2017,6.123,38532816
Poland,2018,6.1817,38521464
Poland,2019,6.1863,38493600
Poland,2020,6.1661,38428368
Poland,2021,6.1228,38307724
Poland,2022,6.2597,39857144
Poland,2023,6.4415,41026068
Portugal,2011,5.327314,10564820
Portugal,2014,5.102,10408379
Portugal,2015,5.123,10365436
Portugal,2016,5.195,10332751
Portugal,2017,5.4104,10307528
Portugal,2018,5.6925,10289833
Portugal,2019,5.9109,10289921
Portugal,2020,5.929,10298186
Portugal,2021,6.0163,10290109
Portugal,2022,5.968,10270857
Portugal,2023,6.0296,10247607
Puerto Rico,2011,6.592634,3691615
Puerto Rico,2015,7.039,3497335
Qatar,2011,6.569056,1804175
Qatar,2014,6.611,2214471
Qatar,2015,6.375,2414580
Qatar,2016,6.375,2595175
Qatar,2017,6.3745,2711764
Qatar,2018,6.3745,2766743
Romania,2011,5.178499,20220286
Romania,2014,5.124,19995836
Romania,2015,5.528,19906078
Romania,2016,5.825,19797820
Romania,2017,5.9452,19698852
Romania,2018,6.0697,19606778
Romania,2019,6.1237,19524212
Romania,2020,6.14,19442040
Romania,2021,6.477,19328558
Romania,2022,6.5891,19659270
Romania,2023,6.4912,19892810
Russia,2011,5.284313,143364544
Russia,2014,5.716,144285072
Russia,2015,5.856,144668384
Russia,2016,5.963,145109152
Russia,2017,5.8097,145452544
Russia,2018,5.6479,145652288
Russia,2019,5.546,145742288
Russia,2020,5.4772,145617328
Russia,2021,5.4586,145102752
Russia,2022,5.6607,144713312
Russia,2023,5.7853,144444368
Rwanda,2011,4.203909,10576932
Rwanda,2014,3.465,11368450
Rwanda,2015,3.515,11642963
Rwanda,2016,3.471,11930902
Rwanda,2017,3.4081,12230343
Rwanda,2018,3.3338,12531810
Rwanda,2019,3.3123,12835029
Rwanda,2020,3.4147,13146367
Rwanda,2021,3.2682,13461891
Saudi Arabia,2011,6.597326,30150952
Saudi Arabia,2014,6.411,32125570
Saudi Arabia,2015,6.379,32749838
Saudi Arabia,2016,6.344,33416272
Saudi Arabia,2017,6.3709,34193120
Saudi Arabia,2018,6.3747,35018132
Saudi Arabia,2019,6.4065,35827364
Saudi Arabia,2020,6.494,35997108
Saudi Arabia,2021,6.5228,35950396
Saudi Arabia,2022,6.4626,36408824
Saudi Arabia,2023,6.5935,36947024
Senegal,2011,4.414183,12875878
Senegal,2014,3.904,13970314
Senegal,2015,4.219,14356191
Senegal,2016,4.535,14751356
Senegal,2017,4.6311,15157793
Senegal,2018,4.6811,15574910
Senegal,2019,4.9808,16000783
Senegal,2020,5.1318,16436120
Senegal,2021,5.0461,16876726
Senegal,2022,4.8551,17316452
Senegal,2023,4.9686,17763164
Serbia,2011,4.564279,7620925
Serbia,2014,5.123,7543965
Serbia,2015,5.177,7519501
Serbia,2016,5.395,7493288
Serbia,2017,5.3982,7464882
Serbia,2018,5.603,7433825
Serbia,2019,5.7782,7401056
Serbia,2020,6.0779,7358010
Serbia,2021,6.178,7296771
Serbia,2022,6.1436,7221365
Serbia,2023,6.4108,7149073
Sierra Leone,2011,3.585802,6612390
Sierra Leone,2014,4.507,7140700
Sierra Leone,2015,4.635,7314779
Sierra Leone,2016,4.709,7493918
Sierra Leone,2017,4.5706,7677570
Sierra Leone,2018,4.3742,7861287
Sierra Leone,2019,3.9264,8046830
Sierra Leone,2020,3.8494,8233973
Sierra Leone,2021,3.574,8420642
Sierra Leone,2022,3.1376,8605723
Sierra Leone,2023,3.2452,8791092
Singapore,2011,6.549302,5281351
Singapore,2014,6.798,5570505
Singapore,2015,6.739,5650020
Singapore,2016,6.572,5711936
Singapore,2017,6.3432,5764489
Singapore,2018,6.262,5814543
Singapore,2019,6.3771,5866408
Singapore,2020,6.3765,5909874
Singapore,2021,6.4802,5941063
Singapore,2022,6.5867,5975689
Singapore,2023,6.5228,6014725
Slovakia,2011,5.656836,5402686
Slovakia,2014,5.995,5419572
Slovakia,2015,6.078,5424449
Slovakia,2016,6.098,5431205
Slovakia,2017,6.1734,5439418
Slovakia,2018,6.1976,5446746
Slovakia,2019,6.2806,5453932
Slovakia,2020,6.3309,5456681
Slovakia,2021,6.3907,5447621
Slovakia,2022,6.4686,5643455
Slovakia,2023,6.2571,5795206
Slovenia,2011,5.922324,2065457
Slovenia,2014,5.848,2074923
Slovenia,2015,5.768,2080865
Slovenia,2016,5.758,2090020
Slovenia,2017,5.9476,2098396
Slovenia,2018,6.1177,2105931
Slovenia,2019,6.3634,2112905
Slovenia,2020,6.4607,2117648
Slovenia,2021,6.6301,2119408
Slovenia,2022,6.6499,2119843
Slovenia,2023,6.7433,2119681
Somalia,2015,5.44,13763909
Somalia,2016,5.151,14292848
Somalia,2017,4.9815,14864224
Somalia,2018,4.6679,15411101
Somaliland,2011,4.690952,
Somaliland,2014,5.057,
Somaliland,2015,5.057,
South Africa,2011,5.10052,52443320
South Africa,2014,4.642,54729556
South Africa,2015,4.459,55876504
South Africa,2016,4.829,56422272
South Africa,2017,4.724,56641208
South Africa,2018,4.7222,57339632
South Africa,2019,4.8141,58087060
South Africa,2020,4.9564,58801928
South Africa,2021,5.1939,59392256
South Africa,2022,5.2746,59893884
South Africa,2023,5.422,60414496
South America,2011,6.3739057,396346163
South America,2014,6.6793714,408123040
South America,2015,6.6070657,412118954
South America,2016,6.3631525,415494895
South America,2017,6.1778703,419358837
South America,2018,6.071424,423081161
South America,2019,6.1220994,426631335
South America,2020,6.0601993,429831088
South America,2021,5.985671,432535359
South America,2022,5.9193406,435081537
South America,2023,6.0824475,437966012
South Korea,2011,5.643442,49169880
South Korea,2014,5.984,50558044
South Korea,2015,5.835,50994396
South Korea,2016,5.838,51309984
South Korea,2017,5.8749,51511640
South Korea,2018,5.8947,51676900
South Korea,2019,5.8724,51803832
South Korea,2020,5.8455,51844688
South Korea,2021,5.9351,51830136
South Korea,2022,5.9511,51815808
South Korea,2023,6.0579,51784060
South Sudan,2015,3.832,11194300
South Sudan,2016,3.591,11066116
South Sudan,2017,3.2542,10658230
South Sudan,2018,2.8526,10395332
South Sudan,2019,2.8166,10447677
Spain,2011,6.761248,46729232
Spain,2014,6.329,46464548
Spain,2015,6.361,46431344
Spain,2016,6.403,46473320
Spain,2017,6.3099,46584168
Spain,2018,6.3541,46792044
Spain,2019,6.4009,47131372
Spain,2020,6.4907,47363808
Spain,2021,6.4763,47486932
Spain,2022,6.4362,47558632
Spain,2023,6.4209,47519628
Sri Lanka,2011,4.25961,20859746
Sri Lanka,2014,4.271,21239448
Sri Lanka,2015,4.415,21336692
Sri Lanka,2016,4.44,21425494
Sri Lanka,2017,4.4706,21506816
Sri Lanka,2018,4.3659,21580712
Sri Lanka,2019,4.327,21649664
Sri Lanka,2020,4.325,21715076
Sri Lanka,2021,4.3622,21773438
Sri Lanka,2022,4.4416,21832150
Sri Lanka,2023,3.8981,21893584
Sudan,2011,4.424363,34419628
Sudan,2014,4.55,37003248
Sudan,2015,4.139,38171172
Sudan,2016,4.139,39377168
Sudan,2017,4.1387,40679820
Suriname,2014,6.269,569687
Suriname,2015,6.269,575478
Sweden,2011,7.379463,9467384
Sweden,2014,7.364,9747507
Sweden,2015,7.291,9849344
Sweden,2016,7.284,9953322
Sweden,2017,7.3145,10058191
Sweden,2018,7.3433,10162300
Sweden,2019,7.3535,10267922
Sweden,2020,7.3627,10368968
Sweden,2021,7.3843,10467095
Sweden,2022,7.3952,10549349
Sweden,2023,7.3441,10612087
Switzerland,2011,7.498953,7910988
Switzerland,2014,7.587,8187792
Switzerland,2015,7.509,8281735
Switzerland,2016,7.494,8372902
Switzerland,2017,7.4873,8451688
Switzerland,2018,7.4802,8514431
Switzerland,2019,7.5599,8575593
Switzerland,2020,7.5715,8638609
Switzerland,2021,7.5116,8691409
Switzerland,2022,7.2401,8740471
Switzerland,2023,7.0602,8796671
Syria,2011,4.735339,22730734
Syria,2014,3.006,20072232
Syria,2015,3.069,19205178
Syria,2016,3.462,18964252
Syria,2017,3.4619,18983370
Syria,2018,3.4619,19333464
Taiwan,2011,5.987677,23143076
Taiwan,2014,6.298,23422504
Taiwan,2015,6.379,23512136
Taiwan,2016,6.422,23594476
Taiwan,2017,6.4406,23665028
Taiwan,2018,6.4462,23726186
Taiwan,2019,6.4554,23777742
Taiwan,2020,6.5844,23821468
Taiwan,2021,6.5125,23859904
Taiwan,2022,6.5354,23893396
Taiwan,2023,6.5035,23923272
Tajikistan,2011,4.613789,7784820
Tajikistan,2014,4.786,8326354
Tajikistan,2015,4.996,8524066
Tajikistan,2016,5.041,8725326
Tajikistan,2017,5.3525,8925529
Tajikistan,2018,5.4673,9128131
Tajikistan,2019,5.5557,9337008
Tajikistan,2020,5.4662,9543211
Tajikistan,2021,5.3771,9750078
Tajikistan,2022,5.3298,9952789
Tajikistan,2023,5.2807,10143545
Tanzania,2011,3.800163,46416032
Tanzania,2014,3.781,50814552
Tanzania,2015,3.666,52542824
Tanzania,2016,3.349,54401804
Tanzania,2017,3.3035,56267040
Tanzania,2018,3.2307,58090444
Tanzania,2019,3.4762,59872584
Tanzania,2020,3.6232,61704520
Tanzania,2021,3.7024,63588332
Tanzania,2022,3.6938,65497752
Tanzania,2023,3.7806,67438112
Thailand,2011,5.80368,68712848
Thailand,2014,6.455,69960944
Thailand,2015,6.474,70294408
Thailand,2016,6.424,70607032
Thailand,2017,6.0723,70898208
Thailand,2018,6.008,71127808
Thailand,2019,5.9988,71307768
Thailand,2020,5.9847,71475664
Thailand,2021,5.8912,71601104
Thailand,2022,5.843,71697024
Thailand,2023,5.9761,71801280
Togo,2011,3.007487,6748675
Togo,2014,2.839,7288381
Togo,2015,3.303,7473232
Togo,2016,3.495,7661361
Togo,2017,3.9985,7852799
Togo,2018,4.0849,8046680
Togo,2019,4.1872,8243093
Togo,2020,4.1068,8442583
Togo,2021,4.1123,8644829
Togo,2022,4.1374,8848700
Togo,2023,4.2141,9053804
Trinidad and Tobago,2011,6.262625,1420021
Trinidad and Tobago,2014,6.168,1450663
Trinidad and Tobago,2015,6.168,1460180
Trinidad and Tobago,2016,6.168,1469334
Trinidad and Tobago,2017,6.1919,1478616
Trinidad and Tobago,2018,6.1919,1504707
Trinidad and Tobago,2019,6.1919,1519960
Tunisia,2011,5.140657,11032529
Tunisia,2014,4.739,11428953
Tunisia,2015,5.045,11557779
Tunisia,2016,4.805,11685666
Tunisia,2017,4.5924,11811441
Tunisia,2018,4.4606,11933040
Tunisia,2019,4.3922,12049319
Tunisia,2020,4.5965,12161720
Tunisia,2021,4.516,12262949
Tunisia,2022,4.4967,12356116
Tunisia,2023,4.4218,12458225
Turkey,2011,5.233999,74173856
Turkey,2014,5.332,78112064
Turkey,2015,5.389,79646176
Turkey,2016,5.5,81019400
Turkey,2017,5.4825,82089824
Turkey,2018,5.3726,82809304
Turkey,2019,5.1318,83481688
Turkey,2020,4.9476,84135432
Turkey,2021,4.7442,84775408
Turkey,2022,4.6135,85341248
Turkey,2023,4.9753,85816192
Turkmenistan,2011,6.567713,5360813
Turkmenistan,2014,5.548,5663159
Turkmenistan,2015,5.658,5766427
Turkmenistan,2016,5.822,5868568
Turkmenistan,2017,5.6362,5968388
Turkmenistan,2018,5.2467,6065072
Turkmenistan,2019,5.1191,6158424
Turkmenistan,2020,5.0664,6250442
Turkmenistan,2021,5.4743,6341850
Uganda,2011,4.313321,33295738
Uganda,2014,3.931,36336544
Uganda,2015,3.739,37477356
Uganda,2016,4.081,38748308
Uganda,2017,4.1608,40127096
Uganda,2018,4.1894,41515400
Uganda,2019,4.432,42949076
Uganda,2020,4.6365,44404608
Uganda,2021,4.6026,45853780
Uganda,2022,4.4325,47249588
Uganda,2023,4.3717,48582336
Ukraine,2011,5.089082,45516136
Ukraine,2014,4.681,45148072
Ukraine,2015,4.324,44982568
Ukraine,2016,4.096,44833568
Ukraine,2017,4.1029,44657260
Ukraine,2018,4.3322,44446952
Ukraine,2019,4.5607,44211100
Ukraine,2020,4.8748,43909664
Ukraine,2021,5.0841,43531424
Ukraine,2022,5.0714,39701744
Ukraine,2023,4.873,36744636
United Arab Emirates,2011,6.977243,8575210
United Arab Emirates,2014,6.901,8835957
United Arab Emirates,2015,6.573,8916909
United Arab Emirates,2016,6.648,8994266
United Arab Emirates,2017,6.7741,9068297
United Arab Emirates,2018,6.8245,9140172
United Arab Emirates,2019,6.7908,9211660
United Arab Emirates,2020,6.5605,9287286
United Arab Emirates,2021,6.576,9365149
United Arab Emirates,2022,6.5712,9441138
United Arab Emirates,2023,6.7331,9516871
United Kingdom,2011,6.936396,63286360
United Kingdom,2014,6.867,64773504
United Kingdom,2015,6.725,65224368
United Kingdom,2016,6.714,65655204
United Kingdom,2017,6.8143,66064808
United Kingdom,2018,7.0537,66432996
United Kingdom,2019,7.1645,66778660
United Kingdom,2020,7.0636,67059472
United Kingdom,2021,6.9425,67281040
United Kingdom,2022,6.7956,67508936
United Kingdom,2023,6.749,67736800
United States,2011,7.270243,313876608
United States,2014,7.119,322033952
United States,2015,7.104,324607776
United States,2016,6.993,327210208
United States,2017,6.886,329791232
United States,2018,6.8923,332140032
United States,2019,6.9396,334319680
United States,2020,6.9515,335942016
United States,2021,6.9768,336997632
United States,2022,6.8937,338289856
United States,2023,6.7248,339996576
Upper-middle-income countries,2011,5.191414,2627003898
Upper-middle-income countries,2014,5.550886,2685157216
Upper-middle-income countries,2015,5.576543,2710129548
Upper-middle-income countries,2016,5.5567946,2730580858
Upper-middle-income countries,2017,5.4787908,2750685277
Upper-middle-income countries,2018,5.4255037,2768272689
Upper-middle-income countries,2019,5.4028873,2784180238
Upper-middle-income countries,2020,5.4997654,2796889345
Upper-middle-income countries,2021,5.5977035,2805258226
Upper-middle-income countries,2022,5.729286,2780012169
Upper-middle-income countries,2023,5.9067183,2805796438
Uruguay,2011,5.898252,3361631
Uruguay,2014,6.485,3391660
Uruguay,2015,6.545,3402820
Uruguay,2016,6.454,3413768
Uruguay,2017,6.3788,3422205
Uruguay,2018,6.2933,3427044
Uruguay,2019,6.4401,3428412
Uruguay,2020,6.4314,3429087
Uruguay,2021,6.4736,3426265
Uruguay,2022,6.4939,3422796
Uruguay,2023,6.6115,3423106
Uzbekistan,2011,5.224832,29057456
Uzbekistan,2014,6.003,30446542
Uzbekistan,2015,5.987,30949416
Uzbekistan,2016,5.971,31453576
Uzbekistan,2017,6.0961,31945680
Uzbekistan,2018,6.1741,32449578
Uzbekistan,2019,6.2576,32976946
Uzbekistan,2020,6.1788,33526662
Uzbekistan,2021,6.0627,34081452
Uzbekistan,2022,6.0143,34627648
Uzbekistan,2023,6.195,35163944
Venezuela,2011,6.922258,29096158
Venezuela,2014,6.81,30193260
Venezuela,2015,6.084,30529722
Venezuela,2016,5.25,30741464
Venezuela,2017,4.8056,30563430
Venezuela,2018,4.7066,29825652
Venezuela,2019,5.0532,28971686
Venezuela,2020,4.8922,28490458
Venezuela,2021,4.9255,28199862
Venezuela,2022,5.2106,28301700
Venezuela,2023,5.6067,28838500
Vietnam,2011,5.425293,88349104
Vietnam,2014,5.36,91235504
Vietnam,2015,5.061,92191400
Vietnam,2016,5.074,93126528
Vietnam,2017,5.1032,94033048
Vietnam,2018,5.1753,94914328
Vietnam,2019,5.3535,95776712
Vietnam,2020,5.4108,96648680
Vietnam,2021,5.485,97468024
Vietnam,2022,5.7633,98186856
Vietnam,2023,6.043,98858944
World,2011,5.2651887,6989222679
World,2014,5.2876306,7242161946
World,2015,5.25061,7319624666
World,2016,5.2296824,7427718664
World,2017,5.1762795,7520159217
World,2018,5.151496,7534080936
World,2019,5.081043,7573145033
World,2020,5.1670065,7534835158
World,2021,5.1841474,7571515612
World,2022,5.2261734,7639811917
World,2023,5.266165,7762811738
Yemen,2011,4.453632,25475608
Yemen,2014,4.077,27753310
Yemen,2015,3.724,28516552
Yemen,2016,3.593,29274010
Yemen,2017,3.3549,30034386
Yemen,2018,3.3798,30790514
Yemen,2019,3.5274,31546694
Yemen,2020,3.6579,32284044
Yemen,2021,4.1969,32981644
Yemen,2023,3.561,34449824
Zambia,2011,4.704553,14265824
Zambia,2014,5.129,15737796
Zambia,2015,4.795,16248231
Zambia,2016,4.514,16767758
Zambia,2017,4.3771,17298056
Zambia,2018,4.1066,17835898
Zambia,2019,3.7594,18380478
Zambia,2020,4.0734,18927716
Zambia,2021,3.7598,19473132
Zambia,2022,3.9822,20017670
Zambia,2023,3.5024,20569738
Zimbabwe,2011,3.978434,13025789
Zimbabwe,2014,4.61,13855758
Zimbabwe,2015,4.193,14154937
Zimbabwe,2016,3.875,14452705
Zimbabwe,2017,3.6923,14751101
Zimbabwe,2018,3.6632,15052191
Zimbabwe,2019,3.2992,15354606
Zimbabwe,2020,3.1448,15669663
Zimbabwe,2021,2.9951,15993525
Zimbabwe,2022,3.2035,16320539
Zimbabwe,2023,3.3411,16665407
